{
"type": "FeatureCollection",
"name": "fainttrails",
"crs": { "type": "name", "properties": { "name": "urn:ogc:def:crs:OGC:1.3:CRS84" } },
"features": [
{ "type": "Feature", "properties": { "id": "20260815_174", "note": "", "gps_accuracy": 3.0, "created_at": "2026-08-15T14:20:47.551Z", "photo_url": null }, "geometry": { "type": "LineString", "coordinates": [ [ 18.9942333, 69.6321136 ], [ 18.9942901, 69.6321104 ], [ 18.9943414, 69.6321003 ], [ 18.9944131, 69.632081900000017 ], [ 18.9944587, 69.6320699 ], [ 18.9945113, 69.6320546 ], [ 18.9945617, 69.632045799999986 ], [ 18.9946416, 69.6320386 ], [ 18.9947072, 69.6320273 ] ] } },
{ "type": "Feature", "properties": { "id": "20260815_172", "note": "", "gps_accuracy": 3.0, "created_at": "2026-08-15T14:19:50.795Z", "photo_url": null }, "geometry": { "type": "LineString", "coordinates": [ [ 18.9945541, 69.631711699999983 ], [ 18.9945216, 69.6317275 ], [ 18.9944682, 69.631744199999986 ], [ 18.9944225, 69.631758499999989 ], [ 18.9943628, 69.63177690000002 ], [ 18.9943155, 69.6317958 ], [ 18.9942681, 69.631811899999988 ], [ 18.9942135, 69.6318249 ], [ 18.9941685, 69.6318425 ] ] } },
{ "type": "Feature", "properties": { "id": "20260815_170", "note": "", "gps_accuracy": 3.0, "created_at": "2026-08-15T14:19:10.667Z", "photo_url": null }, "geometry": { "type": "LineString", "coordinates": [ [ 18.9941178, 69.631712400000012 ], [ 18.9941715, 69.631709199999989 ], [ 18.994232, 69.6316964 ], [ 18.9942986, 69.631682799999979 ], [ 18.9943546, 69.6316658 ], [ 18.9944143, 69.6316547 ], [ 18.9944618, 69.6316462 ], [ 18.9945137, 69.631643900000014 ], [ 18.9945651, 69.6316387 ], [ 18.9946201, 69.6316331 ] ] } },
{ "type": "Feature", "properties": { "id": "20260815_167", "note": "", "gps_accuracy": 3.0, "created_at": "2026-08-15T14:13:42.495Z", "photo_url": null }, "geometry": { "type": "LineString", "coordinates": [ [ 18.9946166, 69.6292188 ], [ 18.9945944, 69.6292428 ], [ 18.9945879, 69.6292676 ], [ 18.9946001, 69.6292947 ], [ 18.9946222, 69.6293182 ], [ 18.9946556, 69.6293423 ], [ 18.9946698, 69.6293681 ], [ 18.9946709, 69.6293997 ], [ 18.9946689, 69.6294216 ], [ 18.9947001, 69.629439 ], [ 18.9947133, 69.629457400000021 ], [ 18.9947139, 69.6294807 ] ] } },
{ "type": "Feature", "properties": { "id": "20260815_166", "note": "", "gps_accuracy": 3.0, "created_at": "2026-08-15T14:13:21.725Z", "photo_url": null }, "geometry": { "type": "LineString", "coordinates": [ [ 18.9952998, 69.6290855 ], [ 18.9952838, 69.6291052 ], [ 18.9952568, 69.6291231 ], [ 18.9952127, 69.6291369 ] ] } },
{ "type": "Feature", "properties": { "id": "20260815_165", "note": "", "gps_accuracy": 3.0, "created_at": "2026-08-15T14:12:55.268Z", "photo_url": null }, "geometry": { "type": "LineString", "coordinates": [ [ 18.9953588, 69.6281942 ], [ 18.9960255, 69.6286191 ], [ 18.9960743, 69.6286339 ], [ 18.9960657, 69.6286669 ], [ 18.9960304, 69.6286841 ], [ 18.9960094, 69.6287016 ], [ 18.995976, 69.62871819999998 ], [ 18.9959192, 69.6287317 ], [ 18.9958733, 69.6287401 ], [ 18.9958237, 69.628749099999979 ], [ 18.9957763, 69.6287651 ], [ 18.9957415, 69.6287786 ], [ 18.9957049, 69.628799299999969 ], [ 18.9956727, 69.6288149 ], [ 18.9956426, 69.628830399999984 ], [ 18.9956147, 69.62885 ], [ 18.9956016, 69.6288697 ], [ 18.9955927, 69.6288895 ], [ 18.9955969, 69.628910899999966 ], [ 18.9955833, 69.6289302 ], [ 18.9955432, 69.6289462 ], [ 18.9955124, 69.6289635 ], [ 18.9954882, 69.6289814 ], [ 18.9954487, 69.628995 ], [ 18.99541, 69.629009 ], [ 18.9953836, 69.629029799999984 ], [ 18.9953496, 69.6290505 ], [ 18.9953516, 69.629070899999988 ], [ 18.9953767, 69.629088699999983 ], [ 18.995373, 69.6291093 ], [ 18.9953682, 69.6291279 ], [ 18.9953204, 69.62914259999998 ], [ 18.9952886, 69.629156800000018 ], [ 18.995217, 69.62916970000002 ], [ 18.9951986, 69.629192700000019 ], [ 18.9952272, 69.6292192 ] ] } },
{ "type": "Feature", "properties": { "id": "20260815_164", "note": "", "gps_accuracy": 3.0, "created_at": "2026-08-15T14:12:45.409Z", "photo_url": null }, "geometry": { "type": "LineString", "coordinates": [ [ 18.995916, 69.6280533 ], [ 18.9958664, 69.6280693 ], [ 18.9958266, 69.628083 ], [ 18.9957962, 69.6280997 ], [ 18.9957683, 69.628115199999982 ], [ 18.9957301, 69.628129699999988 ], [ 18.9956817, 69.6281229 ], [ 18.9956414, 69.628110299999989 ], [ 18.9955896, 69.628100300000014 ], [ 18.994847, 69.6281888 ], [ 18.9948769, 69.628217 ], [ 18.9949401, 69.6282162 ], [ 18.9948945, 69.628225 ] ] } },
{ "type": "Feature", "properties": { "id": "20260815_158", "note": "", "gps_accuracy": 3.0, "created_at": "2026-08-15T14:10:00.303Z", "photo_url": null }, "geometry": { "type": "LineString", "coordinates": [ [ 18.9951828, 69.6282274 ], [ 18.9952497, 69.628237 ], [ 18.995196, 69.6282287 ], [ 18.9951558, 69.6282162 ], [ 18.9951329, 69.62823250000001 ], [ 18.9950823, 69.6282383 ], [ 18.9949749, 69.6282855 ], [ 18.9950133, 69.6283 ], [ 18.9950588, 69.6283162 ] ] } },
{ "type": "Feature", "properties": { "id": "20260815_157", "note": "", "gps_accuracy": 3.0, "created_at": "2026-08-15T14:08:11.545Z", "photo_url": null }, "geometry": { "type": "LineString", "coordinates": [ [ 18.9960299, 69.6279401 ], [ 18.9960625, 69.6279554 ], [ 18.9960621, 69.6279753 ], [ 18.9960693, 69.6279957 ], [ 18.9960427, 69.6280155 ], [ 18.995982, 69.6280174 ], [ 18.9959304, 69.6280289 ], [ 18.9959244, 69.6280496 ], [ 18.9959409, 69.6280716 ], [ 18.9959158, 69.6280899 ], [ 18.9958557, 69.6280925 ], [ 18.9958043, 69.6281002 ], [ 18.9957914, 69.628120400000014 ], [ 18.9957888, 69.628138599999986 ], [ 18.9956151, 69.6281392 ], [ 18.9956801, 69.628109200000011 ], [ 18.9957343, 69.6281181 ] ] } },
{ "type": "Feature", "properties": { "id": "20260815_156", "note": "", "gps_accuracy": 2.2390000820159899, "created_at": "2026-08-15T14:07:44.689Z", "photo_url": null }, "geometry": { "type": "LineString", "coordinates": [ [ 18.9956111, 69.6278653 ], [ 18.9956212, 69.6278902 ], [ 18.9955862, 69.6279139 ], [ 18.9955403, 69.6279312 ], [ 18.9955148, 69.6279491 ], [ 18.995476, 69.627964500000019 ], [ 18.995467, 69.627984799999979 ], [ 18.9955232, 69.6280082 ], [ 18.9955511, 69.628024399999987 ], [ 18.9954882, 69.628033 ], [ 18.995435, 69.62803569999997 ], [ 18.9953789, 69.6280434 ], [ 18.9953304, 69.6280562 ], [ 18.9952965, 69.628074199999986 ], [ 18.9952808, 69.6280918 ] ] } },
{ "type": "Feature", "properties": { "id": "20260815_155", "note": "", "gps_accuracy": 3.0090000629425, "created_at": "2026-08-15T14:06:04.129Z", "photo_url": null }, "geometry": { "type": "LineString", "coordinates": [ [ 18.9958873, 69.6278086 ], [ 18.9959182, 69.6278458 ], [ 18.9959241, 69.627865 ], [ 18.9958412, 69.6278614 ], [ 18.9957887, 69.6278613 ], [ 18.9957287, 69.6278565 ], [ 18.995666, 69.627865499999984 ], [ 18.9956133, 69.6278719 ], [ 18.9955464, 69.6278686 ], [ 18.9954979, 69.6278589 ], [ 18.9954448, 69.6278489 ], [ 18.9953972, 69.627835099999984 ] ] } },
{ "type": "Feature", "properties": { "id": "20260815_154", "note": "", "gps_accuracy": 3.0, "created_at": "2026-08-15T14:04:57.994Z", "photo_url": null }, "geometry": { "type": "LineString", "coordinates": [ [ 18.9958342, 69.62758479999998 ], [ 18.9958314, 69.6275583 ], [ 18.9958123, 69.6275336 ], [ 18.99578, 69.627510299999983 ], [ 18.9957617, 69.6274896 ], [ 18.9957204, 69.6274744 ], [ 18.9956876, 69.627454199999988 ], [ 18.9956501, 69.6274385 ], [ 18.9956423, 69.627417 ], [ 18.995659, 69.6273955 ], [ 18.9956631, 69.627369499999986 ], [ 18.9956422, 69.6273524 ], [ 18.995602, 69.6273383 ], [ 18.995593, 69.6273181 ], [ 18.9956198, 69.627302299999982 ], [ 18.9956278, 69.6272843 ], [ 18.9955779, 69.6272689 ], [ 18.995562, 69.627246199999988 ], [ 18.9955213, 69.6272303 ] ] } },
{ "type": "Feature", "properties": { "id": "20260815_152", "note": "", "gps_accuracy": 3.0, "created_at": "2026-08-15T14:02:29.015Z", "photo_url": null }, "geometry": { "type": "LineString", "coordinates": [ [ 18.99597, 69.6270916 ], [ 18.9959152, 69.6271076 ], [ 18.9958797, 69.627129 ], [ 18.9958347, 69.6271455 ], [ 18.9957762, 69.6271601 ], [ 18.9957243, 69.627165 ] ] } },
{ "type": "Feature", "properties": { "id": "20260815_151", "note": "", "gps_accuracy": 3.0, "created_at": "2026-08-15T14:01:58.364Z", "photo_url": null }, "geometry": { "type": "LineString", "coordinates": [ [ 18.9957463, 69.6262927 ], [ 18.9957699, 69.6263102 ], [ 18.9957942, 69.6263263 ], [ 18.9958291, 69.626340099999979 ], [ 18.9958739, 69.6263511 ], [ 18.9959202, 69.626365 ], [ 18.9959208, 69.626384 ], [ 18.9959197, 69.6264026 ], [ 18.99588, 69.6264163 ], [ 18.9958709, 69.626438799999988 ], [ 18.9958563, 69.6264594 ], [ 18.9958651, 69.6264777 ], [ 18.9958338, 69.626493599999989 ], [ 18.9958279, 69.6265133 ], [ 18.9958017, 69.6265339 ], [ 18.9958175, 69.626552799999985 ], [ 18.9958443, 69.6265745 ], [ 18.99588, 69.6265923 ], [ 18.9959027, 69.6266094 ], [ 18.995941, 69.6266241 ] ] } },
{ "type": "Feature", "properties": { "id": "20260815_149", "note": "", "gps_accuracy": 3.0, "created_at": "2026-08-15T14:01:00.346Z", "photo_url": null }, "geometry": { "type": "LineString", "coordinates": [ [ 18.9958656, 69.6265866 ], [ 18.9959497, 69.6265562 ], [ 18.9958003, 69.6266605 ], [ 18.9958615, 69.6266329 ], [ 18.9958391, 69.6266116 ], [ 18.9957696, 69.6265988 ], [ 18.995774, 69.626625299999986 ], [ 18.9957602, 69.6266442 ], [ 18.995693, 69.626649599999979 ] ] } },
{ "type": "Feature", "properties": { "id": "20260815_147", "note": "", "gps_accuracy": 3.0, "created_at": "2026-08-15T13:58:16.233Z", "photo_url": null }, "geometry": { "type": "LineString", "coordinates": [ [ 18.9967818, 69.625972 ], [ 18.9968198, 69.6259877 ], [ 18.9968225, 69.62600639999998 ], [ 18.9968121, 69.6260266 ], [ 18.9968046, 69.6260448 ], [ 18.9968215, 69.6260646 ], [ 18.9967997, 69.6260827 ], [ 18.9967859, 69.62610789999998 ], [ 18.9967635, 69.626131 ], [ 18.9967223, 69.6261446 ], [ 18.9966605, 69.626161599999989 ], [ 18.9966616, 69.6261808 ], [ 18.9966846, 69.6262043 ], [ 18.9966634, 69.626222 ], [ 18.9966291, 69.6262367 ], [ 18.9966232, 69.626255499999985 ], [ 18.9966077, 69.6262789 ], [ 18.9965714, 69.626292399999983 ], [ 18.9965168, 69.6263007 ], [ 18.9964613, 69.6263028 ], [ 18.996434, 69.626321 ], [ 18.9964024, 69.626337799999988 ] ] } },
{ "type": "Feature", "properties": { "id": "20260815_145", "note": "", "gps_accuracy": 3.0, "created_at": "2026-08-15T13:56:25.602Z", "photo_url": null }, "geometry": { "type": "LineString", "coordinates": [ [ 18.9961664, 69.6255858 ], [ 18.9962191, 69.625597 ], [ 18.9962587, 69.6256148 ], [ 18.9962741, 69.6256331 ], [ 18.9962462, 69.6256509 ], [ 18.9962455, 69.6256729 ], [ 18.9962603, 69.6256913 ], [ 18.996262, 69.6257099 ], [ 18.9962875, 69.6257274 ], [ 18.9962998, 69.6257474 ], [ 18.9963067, 69.625768100000016 ], [ 18.9963124, 69.625789699999984 ], [ 18.9963222, 69.6258125 ], [ 18.9963501, 69.625832799999984 ], [ 18.9963816, 69.625850199999988 ], [ 18.9964346, 69.6258638 ], [ 18.9965015, 69.6258674 ], [ 18.9965621, 69.625874 ], [ 18.9965773, 69.6258954 ] ] } },
{ "type": "Feature", "properties": { "id": "20260815_144", "note": "", "gps_accuracy": 3.78999996185303, "created_at": "2026-08-15T13:55:23.153Z", "photo_url": null }, "geometry": { "type": "LineString", "coordinates": [ [ 18.9987856, 69.625884099999979 ], [ 18.9988507, 69.6258772 ], [ 18.99892, 69.625875299999976 ], [ 18.9989842, 69.6258721 ], [ 18.9990579, 69.625866799999983 ], [ 18.9991334, 69.625864299999989 ], [ 18.999205, 69.6258647 ], [ 18.999273, 69.6258702 ], [ 18.9993459, 69.6258793 ], [ 18.9994158, 69.6258856 ], [ 18.9994852, 69.625891700000011 ], [ 18.9995375, 69.6258935 ], [ 18.9996171, 69.625895899999989 ], [ 18.9996755, 69.6259037 ], [ 18.9997404, 69.6259117 ], [ 18.9998078, 69.6259162 ], [ 18.9998802, 69.6259224 ], [ 18.9999414, 69.62592570000001 ], [ 19.0000087, 69.6259337 ], [ 19.0000612, 69.625935 ], [ 19.0001192, 69.625944599999983 ], [ 19.0001637, 69.6259589 ], [ 19.0001931, 69.6259738 ], [ 19.0002342, 69.625995099999983 ], [ 19.0002597, 69.6260201 ], [ 19.0002644, 69.6260397 ], [ 19.0002961, 69.626065899999986 ], [ 19.0003281, 69.626082199999985 ], [ 19.0003626, 69.626098200000015 ], [ 19.000402, 69.626117 ], [ 19.0004423, 69.626140300000017 ], [ 19.0004612, 69.6261613 ], [ 19.0004706, 69.6261833 ], [ 19.0004929, 69.6262047 ], [ 19.0005141, 69.6262257 ], [ 19.0005264, 69.626251 ], [ 19.0005343, 69.6262696 ], [ 19.000525, 69.6262918 ], [ 19.0005037, 69.626310099999984 ], [ 19.0004995, 69.6263333 ], [ 19.0005178, 69.6263538 ], [ 19.0005341, 69.6263714 ], [ 19.0005738, 69.626384800000011 ], [ 19.0005995, 69.626405 ], [ 19.0006193, 69.626421799999989 ], [ 19.0006394, 69.62644 ], [ 19.0006547, 69.626458 ], [ 19.0006915, 69.626477899999983 ], [ 19.0007306, 69.6264922 ], [ 19.0007719, 69.626510899999985 ], [ 19.0008018, 69.6265267 ], [ 19.0007998, 69.6265504 ], [ 19.0007718, 69.6265667 ], [ 19.0007237, 69.6265788 ], [ 19.0006878, 69.6265957 ], [ 19.0006464, 69.6266171 ], [ 19.0005942, 69.626631900000021 ], [ 19.0005367, 69.626652299999989 ], [ 19.0004941, 69.6266667 ], [ 19.0004525, 69.626685199999983 ], [ 19.0004286, 69.6267116 ], [ 19.0003895, 69.6267423 ], [ 19.0003438, 69.6267597 ], [ 19.0002865, 69.626783 ], [ 19.0002495, 69.6268033 ] ] } },
{ "type": "Feature", "properties": { "id": "20260815_142", "note": "", "gps_accuracy": 3.3599998950958301, "created_at": "2026-08-15T13:54:11.878Z", "photo_url": null }, "geometry": { "type": "LineString", "coordinates": [ [ 18.9956015, 69.6251857 ], [ 18.9955736, 69.6252086 ], [ 18.9955038, 69.6252164 ], [ 18.9954455, 69.6252184 ], [ 18.9953875, 69.625220900000016 ], [ 18.9953302, 69.62522 ], [ 18.9952656, 69.625218300000014 ], [ 18.995195, 69.6252159 ], [ 18.9951367, 69.625211599999986 ], [ 18.9950816, 69.6252089 ], [ 18.9948275, 69.6252036 ] ] } },
{ "type": "Feature", "properties": { "id": "20260815_140", "note": "Small parallel trail", "gps_accuracy": 3.0, "created_at": "2026-08-15T13:52:34.848Z", "photo_url": "https://oehndpyzeoywfypqtsjs.supabase.co/storage/v1/object/public/observation-photos/140/1786801954639.jpg" }, "geometry": { "type": "LineString", "coordinates": [ [ 18.9956804, 69.6249642 ], [ 18.9956907, 69.6249368 ], [ 18.9957008, 69.624918199999982 ], [ 18.9956934, 69.624898499999986 ], [ 18.9956718, 69.6248812 ], [ 18.995634, 69.6248643 ], [ 18.9955861, 69.6248558 ], [ 18.9955378, 69.624845 ], [ 18.9955218, 69.624826 ], [ 18.9955321, 69.624804499999982 ], [ 18.995536, 69.624782199999984 ] ] } },
{ "type": "Feature", "properties": { "id": "20260815_139", "note": "", "gps_accuracy": 3.0009999275207502, "created_at": "2026-08-15T13:52:04.812Z", "photo_url": null }, "geometry": { "type": "LineString", "coordinates": [ [ 18.9956647, 69.6251878 ], [ 18.9956549, 69.6252062 ], [ 18.9956008, 69.6252211 ], [ 18.995544, 69.6252226 ], [ 18.995492, 69.6252211 ], [ 18.9954333, 69.625218499999988 ], [ 18.9953576, 69.6252174 ], [ 18.9952976, 69.6252111 ], [ 18.995243, 69.6252097 ], [ 18.9951846, 69.625206800000015 ], [ 18.9951305, 69.625206599999984 ], [ 18.9950743, 69.6252037 ], [ 18.9950127, 69.6251976 ], [ 18.9949567, 69.625191499999985 ], [ 18.9948941, 69.6251885 ], [ 18.9948412, 69.6251861 ], [ 18.9947834, 69.625184 ] ] } },
{ "type": "Feature", "properties": { "id": "20260815_138", "note": "", "gps_accuracy": 3.78999996185303, "created_at": "2026-08-15T13:52:00.003Z", "photo_url": "https://oehndpyzeoywfypqtsjs.supabase.co/storage/v1/object/public/observation-photos/138/1786801921256.jpg" }, "geometry": { "type": "LineString", "coordinates": [ [ 18.9974878, 69.625442100000015 ], [ 18.997536, 69.625433 ], [ 18.997578, 69.6254436 ], [ 18.9976438, 69.6254556 ], [ 18.9976861, 69.6254675 ], [ 18.9977314, 69.625477800000013 ], [ 18.9977839, 69.6254915 ], [ 18.9978261, 69.625505 ], [ 18.9978872, 69.6255223 ], [ 18.9979281, 69.6255364 ], [ 18.9979641, 69.6255509 ], [ 18.9980087, 69.6255667 ], [ 18.9980565, 69.6255824 ], [ 18.9981227, 69.6255977 ], [ 18.9981916, 69.6256066 ], [ 18.9982591, 69.6256125 ], [ 18.9983224, 69.6256194 ], [ 18.9983915, 69.6256327 ], [ 18.9984356, 69.6256517 ], [ 18.998476, 69.6256716 ], [ 18.9985015, 69.6256946 ], [ 18.9985131, 69.625716499999982 ], [ 18.9985316, 69.6257369 ], [ 18.9985623, 69.625763399999983 ], [ 18.9985996, 69.6257817 ], [ 18.9986399, 69.6258032 ], [ 18.998675, 69.6258255 ], [ 18.998704, 69.6258461 ], [ 18.9987397, 69.6258677 ], [ 18.9987839, 69.6258814 ] ] } },
{ "type": "Feature", "properties": { "id": "20260815_137", "note": "", "gps_accuracy": 3.0, "created_at": "2026-08-15T13:48:28.567Z", "photo_url": null }, "geometry": { "type": "LineString", "coordinates": [ [ 18.9955717, 69.6245603 ], [ 18.9955263, 69.6245493 ], [ 18.9954582, 69.624548599999983 ], [ 18.9954043, 69.6245649 ], [ 18.9953628, 69.624586799999989 ], [ 18.9953371, 69.6246026 ], [ 18.9953079, 69.6246194 ], [ 18.9952773, 69.6246402 ], [ 18.9952428, 69.6246554 ], [ 18.9951843, 69.6246693 ], [ 18.9951411, 69.6246802 ], [ 18.9951068, 69.6246986 ], [ 18.9950789, 69.6247251 ], [ 18.9950725, 69.6247478 ], [ 18.9950723, 69.6247677 ], [ 18.995061, 69.6247931 ], [ 18.9950671, 69.6248132 ], [ 18.9950955, 69.6248358 ], [ 18.9951213, 69.6248551 ] ] } },
{ "type": "Feature", "properties": { "id": "20260815_108", "note": "", "gps_accuracy": 3.7750000953674299, "created_at": "2026-08-15T12:45:47.407Z", "photo_url": null }, "geometry": { "type": "LineString", "coordinates": [ [ 18.9971719, 69.6245811 ], [ 18.9971254, 69.6245643 ], [ 18.9971129, 69.624546199999983 ], [ 18.9971169, 69.6245259 ], [ 18.9971098, 69.6245061 ], [ 18.9970886, 69.6244894 ], [ 18.9970735, 69.6244655 ], [ 18.9970783, 69.624445499999965 ], [ 18.9970803, 69.624425499999987 ], [ 18.9969783, 69.6243851 ], [ 18.997009, 69.624365399999988 ] ] } },
{ "type": "Feature", "properties": { "id": "20260815_107", "note": "", "gps_accuracy": 3.0, "created_at": "2026-08-15T12:43:51.766Z", "photo_url": null }, "geometry": { "type": "LineString", "coordinates": [ [ 18.9973679, 69.625120399999972 ], [ 18.9973743, 69.625097399999973 ], [ 18.9973787, 69.625077799999971 ], [ 18.9973851, 69.625057199999986 ], [ 18.9973889, 69.6250387 ], [ 18.9973608, 69.625023 ], [ 18.9973127, 69.6250126 ], [ 18.9972866, 69.6249968 ], [ 18.9972802, 69.624978399999989 ], [ 18.9973114, 69.6249603 ], [ 18.9973206, 69.6249393 ], [ 18.997313, 69.624916099999979 ], [ 18.9973371, 69.6248964 ], [ 18.9973845, 69.6248864 ], [ 18.9973791, 69.6248583 ] ] } },
{ "type": "Feature", "properties": { "id": "20260815_105", "note": "", "gps_accuracy": 3.0, "created_at": "2026-08-15T12:36:55.824Z", "photo_url": null }, "geometry": { "type": "LineString", "coordinates": [ [ 18.9952524, 69.6242564 ], [ 18.9952994, 69.6242652 ], [ 18.9953619, 69.6242676 ], [ 18.9954128, 69.6242742 ], [ 18.9954606, 69.624291299999982 ], [ 18.9955162, 69.62428749999998 ], [ 18.9955655, 69.6242742 ], [ 18.9956116, 69.6242653 ], [ 18.9956611, 69.6242538 ], [ 18.9956775, 69.6242304 ] ] } },
{ "type": "Feature", "properties": { "id": "20260815_104", "note": "", "gps_accuracy": 3.0, "created_at": "2026-08-15T12:35:22.247Z", "photo_url": null }, "geometry": { "type": "LineString", "coordinates": [ [ 18.9969639, 69.6250737 ], [ 18.996996, 69.6250552 ], [ 18.9970282, 69.6250389 ], [ 18.9970278, 69.6250201 ], [ 18.9970195, 69.6250019 ], [ 18.9970117, 69.6249832 ], [ 18.9969917, 69.6249658 ], [ 18.9971124, 69.6248869 ], [ 18.997079, 69.624904199999989 ], [ 18.9970619, 69.6248819 ], [ 18.9970629, 69.6248632 ], [ 18.9970753, 69.6247101 ], [ 18.997068, 69.6247408 ], [ 18.9970672, 69.62476119999998 ], [ 18.9970563, 69.6247402 ], [ 18.9970809, 69.6247183 ], [ 18.9971004, 69.624696299999982 ], [ 18.9971049, 69.6246704 ], [ 18.9970972, 69.624651 ], [ 18.9970469, 69.624643 ], [ 18.9970259, 69.6246253 ], [ 18.9970377, 69.6246069 ], [ 18.9970416, 69.6245863 ], [ 18.997021, 69.6245672 ], [ 18.9970267, 69.6245482 ], [ 18.997043, 69.624527 ], [ 18.9970403, 69.6245027 ], [ 18.9970243, 69.624482199999989 ], [ 18.9970018, 69.6244567 ], [ 18.9969591, 69.6244451 ], [ 18.996933, 69.6244263 ], [ 18.9969108, 69.6244077 ], [ 18.9968837, 69.624392199999988 ], [ 18.996855, 69.624376 ], [ 18.9968328, 69.6243571 ], [ 18.9968102, 69.6243402 ], [ 18.996779, 69.6243252 ], [ 18.99675, 69.624308 ] ] } },
{ "type": "Feature", "properties": { "id": "20260815_103", "note": "", "gps_accuracy": 3.0, "created_at": "2026-08-15T12:34:27.127Z", "photo_url": null }, "geometry": { "type": "LineString", "coordinates": [ [ 18.9944897, 69.6246458 ], [ 18.9944564, 69.624632 ], [ 18.9944142, 69.6246496 ], [ 18.994368, 69.6246662 ], [ 18.9943276, 69.6246834 ], [ 18.9942919, 69.6247016 ], [ 18.9942467, 69.6247196 ], [ 18.9941907, 69.6247208 ], [ 18.9941321, 69.6247119 ], [ 18.9940651, 69.6247115 ], [ 18.9939974, 69.6247139 ], [ 18.993939, 69.624718700000017 ], [ 18.993867, 69.624718 ] ] } },
{ "type": "Feature", "properties": { "id": "20260815_101", "note": "Small parallel track", "gps_accuracy": 3.0, "created_at": "2026-08-15T12:33:05.749Z", "photo_url": null }, "geometry": { "type": "LineString", "coordinates": [ [ 18.9945916, 69.6250909 ], [ 18.9945515, 69.6250726 ], [ 18.994529, 69.625051099999979 ], [ 18.994505, 69.6250314 ], [ 18.9945083, 69.6250114 ], [ 18.9945084, 69.624993299999986 ], [ 18.9945063, 69.6249738 ], [ 18.9945311, 69.6249551 ], [ 18.9945696, 69.6249397 ], [ 18.9945976, 69.6249227 ], [ 18.9945909, 69.624902300000016 ] ] } },
{ "type": "Feature", "properties": { "id": "20260815_100", "note": "", "gps_accuracy": 3.0999999046325701, "created_at": "2026-08-15T12:32:05.834Z", "photo_url": null }, "geometry": { "type": "LineString", "coordinates": [ [ 18.9948554, 69.625186900000017 ], [ 18.9949179, 69.6251921 ], [ 18.9950132, 69.6252044 ], [ 18.9950895, 69.625209 ], [ 18.995145, 69.625208299999983 ], [ 18.9952089, 69.625204299999979 ], [ 18.9952695, 69.6252018 ], [ 18.9953398, 69.6251994 ], [ 18.9954033, 69.625193799999977 ], [ 18.9954565, 69.625190299999986 ], [ 18.9955122, 69.62519159999998 ], [ 18.9955737, 69.6251953 ], [ 18.9956338, 69.6251889 ], [ 18.9956938, 69.6251848 ] ] } },
{ "type": "Feature", "properties": { "id": "20260815_99", "note": "", "gps_accuracy": 20.054000854492202, "created_at": "2026-08-15T12:30:53.143Z", "photo_url": null }, "geometry": { "type": "LineString", "coordinates": [ [ 18.9940918, 69.6255342 ], [ 18.9940529, 69.6255092 ], [ 18.9940116, 69.625492599999987 ], [ 18.9939808, 69.6254757 ], [ 18.993989, 69.6254518 ], [ 18.9940013, 69.6254326 ], [ 18.9940189, 69.6254087 ], [ 18.9940376, 69.625388799999982 ], [ 18.9940512, 69.6253659 ], [ 18.9940409, 69.6253443 ], [ 18.9940194, 69.6253211 ], [ 18.9940243, 69.6253 ], [ 18.9940441, 69.6252824 ], [ 18.9940327, 69.6252629 ], [ 18.9940188, 69.6252419 ] ] } },
{ "type": "Feature", "properties": { "id": "20260815_95", "note": "", "gps_accuracy": 3.0, "created_at": "2026-08-15T12:26:49.180Z", "photo_url": null }, "geometry": { "type": "LineString", "coordinates": [ [ 18.9963289, 69.6262944 ], [ 18.9962712, 69.6262918 ], [ 18.9962318, 69.6262791 ], [ 18.9961717, 69.62627089999998 ], [ 18.9961227, 69.626263599999987 ], [ 18.9960886, 69.626249 ], [ 18.9961338, 69.6262588 ], [ 18.9961597, 69.62628460000002 ], [ 18.9961299, 69.6263018 ], [ 18.9960876, 69.626312299999981 ], [ 18.9960388, 69.62630489999998 ], [ 18.9959844, 69.6263135 ], [ 18.9959379, 69.626327099999983 ], [ 18.9958745, 69.626336099999989 ], [ 18.9958225, 69.626336 ], [ 18.9957514, 69.626325799999989 ], [ 18.9957203, 69.6263101 ], [ 18.9956967, 69.6262817 ], [ 18.9956918, 69.6262578 ], [ 18.9956704, 69.6262369 ], [ 18.9956432, 69.6262211 ], [ 18.9955933, 69.626212 ], [ 18.9956181, 69.626196 ], [ 18.9955697, 69.626184 ], [ 18.9955816, 69.626164299999985 ], [ 18.995572, 69.626140099999986 ], [ 18.9955391, 69.6261189 ], [ 18.9955099, 69.626102399999979 ], [ 18.9954693, 69.6260816 ], [ 18.9954424, 69.6260634 ], [ 18.9954362, 69.626045 ], [ 18.995473, 69.6260311 ], [ 18.995433, 69.6260176 ], [ 18.9954239, 69.6259972 ], [ 18.9954409, 69.625979099999981 ], [ 18.9954582, 69.625958699999984 ], [ 18.9954709, 69.6259373 ], [ 18.9954544, 69.6259201 ], [ 18.9954324, 69.6258965 ], [ 18.9954502, 69.625879 ], [ 18.9954086, 69.6258651 ], [ 18.9953731, 69.6258519 ], [ 18.9953576, 69.625833600000021 ], [ 18.9953774, 69.6258104 ], [ 18.9953955, 69.6257926 ] ] } },
{ "type": "Feature", "properties": { "id": "20260815_94", "note": "", "gps_accuracy": 3.29900002479553, "created_at": "2026-08-15T12:26:20.158Z", "photo_url": null }, "geometry": { "type": "LineString", "coordinates": [ [ 18.9941888, 69.625725599999967 ], [ 18.9941517, 69.6257096 ], [ 18.9941927, 69.6256866 ], [ 18.9942218, 69.6256636 ], [ 18.9941841, 69.625643 ], [ 18.9941499, 69.62562490000002 ], [ 18.9941502, 69.625601399999979 ], [ 18.9941647, 69.6255729 ], [ 18.9941384, 69.6255549 ], [ 18.9941021, 69.6255414 ], [ 18.994059, 69.6255313 ] ] } },
{ "type": "Feature", "properties": { "id": "20260815_93", "note": "", "gps_accuracy": 3.0, "created_at": "2026-08-15T12:25:27.963Z", "photo_url": null }, "geometry": { "type": "LineString", "coordinates": [ [ 18.9990318, 69.6267611 ], [ 18.9990341, 69.6267376 ], [ 18.9990621, 69.6267219 ], [ 18.9990168, 69.626706 ], [ 18.9989772, 69.6266919 ], [ 18.9989403, 69.6266781 ], [ 18.998925, 69.626658 ], [ 18.998907, 69.62664 ], [ 18.9989387, 69.626624 ], [ 18.998958, 69.6266066 ], [ 18.9989414, 69.6265881 ], [ 18.9989051, 69.6265748 ], [ 18.998874, 69.626559200000017 ], [ 18.9988776, 69.6265398 ], [ 18.9988519, 69.626519699999989 ], [ 18.9988122, 69.6265033 ], [ 18.998765, 69.626492099999979 ], [ 18.9987291, 69.6264763 ], [ 18.998704, 69.6264551 ], [ 18.9986516, 69.626445299999986 ], [ 18.9986151, 69.6264301 ], [ 18.9985681, 69.6264206 ], [ 18.9985209, 69.6264062 ], [ 18.9984631, 69.626402299999981 ], [ 18.9984122, 69.6264055 ], [ 18.9983579, 69.6264046 ], [ 18.9983054, 69.626397 ], [ 18.9982505, 69.626394199999979 ], [ 18.9981934, 69.6263849 ], [ 18.9981531, 69.6263694 ], [ 18.9981435, 69.6263513 ], [ 18.9981286, 69.6263309 ], [ 18.9981117, 69.6263084 ] ] } },
{ "type": "Feature", "properties": { "id": "20260815_92", "note": "", "gps_accuracy": 6.7699999809265101, "created_at": "2026-08-15T12:24:05.231Z", "photo_url": null }, "geometry": { "type": "LineString", "coordinates": [ [ 18.9930892, 69.626266699999988 ], [ 18.9931558, 69.6262708 ], [ 18.9931985, 69.6262601 ], [ 18.9932285, 69.626242399999981 ], [ 18.9932346, 69.626218 ], [ 18.9932305, 69.6261962 ], [ 18.9932069, 69.6261777 ], [ 18.9931887, 69.626151 ], [ 18.9932152, 69.6261326 ], [ 18.9932483, 69.626117099999988 ], [ 18.9932797, 69.6260991 ], [ 18.9933392, 69.6260894 ], [ 18.9933332, 69.6260659 ], [ 18.9933084, 69.6260446 ] ] } },
{ "type": "Feature", "properties": { "id": "20260815_89", "note": "", "gps_accuracy": 3.0, "created_at": "2026-08-15T12:21:03.123Z", "photo_url": null }, "geometry": { "type": "LineString", "coordinates": [ [ 18.9937199, 69.62655 ], [ 18.9936858, 69.626533299999977 ], [ 18.9936552, 69.626513 ], [ 18.9936078, 69.6264904 ], [ 18.9935807, 69.6264749 ], [ 18.9935327, 69.6264599 ], [ 18.9934978, 69.626445299999986 ], [ 18.9934643, 69.626428899999979 ], [ 18.9934261, 69.626416400000011 ], [ 18.9933741, 69.62641 ], [ 18.9933254, 69.6264017 ], [ 18.9932886, 69.6263822 ], [ 18.9932721, 69.6263629 ], [ 18.9932837, 69.6263384 ], [ 18.9932986, 69.6263143 ], [ 18.9932983, 69.626292800000016 ], [ 18.9930804, 69.6262004 ] ] } },
{ "type": "Feature", "properties": { "id": "20260815_88", "note": "", "gps_accuracy": 3.0, "created_at": "2026-08-15T12:20:25.350Z", "photo_url": null }, "geometry": { "type": "LineString", "coordinates": [ [ 19.0003183, 69.6276316 ], [ 19.0002546, 69.627622 ], [ 19.0002201, 69.6276056 ], [ 19.0001979, 69.627587 ], [ 19.0001647, 69.6275726 ], [ 19.000113, 69.6275654 ], [ 19.0000842, 69.6275487 ], [ 19.0000637, 69.6275246 ], [ 19.0000304, 69.6275076 ], [ 18.9999728, 69.6274952 ], [ 18.9999282, 69.627479899999983 ], [ 18.9998953, 69.6274636 ], [ 18.9998552, 69.627447 ], [ 18.999814, 69.627429899999981 ], [ 18.9998101, 69.627411399999986 ], [ 18.999791, 69.6273905 ], [ 18.9997689, 69.6273715 ], [ 18.9997436, 69.627351800000014 ], [ 18.9997364, 69.6273333 ] ] } },
{ "type": "Feature", "properties": { "id": "20260815_87", "note": "Very light trail following a ridge", "gps_accuracy": 3.0, "created_at": "2026-08-15T12:19:39.805Z", "photo_url": null }, "geometry": { "type": "LineString", "coordinates": [ [ 18.9976117, 69.6273395 ], [ 18.9975766, 69.6273536 ], [ 18.9975216, 69.6273617 ], [ 18.9974479, 69.6273749 ], [ 18.9973764, 69.6273761 ], [ 18.9973129, 69.627382399999988 ], [ 18.9972549, 69.6273769 ], [ 18.9971983, 69.6273673 ], [ 18.9971546, 69.627354399999987 ], [ 18.9971081, 69.6273463 ], [ 18.997053, 69.6273371 ], [ 18.9969989, 69.6273307 ], [ 18.9969453, 69.6273199 ], [ 18.9969066, 69.6272996 ], [ 18.9968924, 69.6272756 ], [ 18.9968713, 69.627252 ], [ 18.9968314, 69.6272396 ], [ 18.9967767, 69.6272263 ], [ 18.9967297, 69.6272147 ], [ 18.9966696, 69.627198599999986 ], [ 18.996619, 69.6271921 ], [ 18.9965486, 69.627188500000017 ], [ 18.9964909, 69.627183 ], [ 18.996429, 69.627172499999986 ], [ 18.9963645, 69.6271659 ], [ 18.9962989, 69.6271605 ], [ 18.9962406, 69.627144499999986 ], [ 18.9961907, 69.6271307 ], [ 18.9961511, 69.6271127 ], [ 18.996114, 69.6270986 ], [ 18.9960651, 69.6270749 ] ] } },
{ "type": "Feature", "properties": { "id": "20260815_85", "note": "", "gps_accuracy": 8.4180002212524396, "created_at": "2026-08-15T12:17:03.736Z", "photo_url": null }, "geometry": { "type": "LineString", "coordinates": [ [ 18.992975, 69.6270877 ], [ 18.9930356, 69.6270921 ], [ 18.9930918, 69.6270928 ], [ 18.9931518, 69.627092499999989 ], [ 18.9932107, 69.6270928 ], [ 18.9932562, 69.6271067 ], [ 18.9933131, 69.6271053 ], [ 18.9933724, 69.6271108 ], [ 18.9934293, 69.6271053 ], [ 18.9934859, 69.6271099 ] ] } },
{ "type": "Feature", "properties": { "id": "20260815_84", "note": "", "gps_accuracy": 3.0, "created_at": "2026-08-15T12:16:39.252Z", "photo_url": null }, "geometry": { "type": "LineString", "coordinates": [ [ 19.0010916, 69.6278937 ], [ 19.0010287, 69.6278904 ], [ 19.000993, 69.6278768 ], [ 19.000932, 69.627863 ], [ 19.0008846, 69.627855 ], [ 19.0008297, 69.627849 ], [ 19.0007783, 69.6278425 ] ] } },
{ "type": "Feature", "properties": { "id": "20260815_81", "note": "", "gps_accuracy": 3.78999996185303, "created_at": "2026-08-15T12:15:00.420Z", "photo_url": null }, "geometry": { "type": "LineString", "coordinates": [ [ 18.9853769, 69.626081 ], [ 18.9853697, 69.626053199999987 ], [ 18.9853686, 69.6260269 ], [ 18.9853532, 69.6259987 ], [ 18.9853497, 69.6259767 ], [ 18.9853648, 69.6259552 ], [ 18.9854025, 69.6259347 ], [ 18.9854541, 69.6259259 ], [ 18.9854761, 69.6259093 ], [ 18.9854766, 69.6258887 ], [ 18.98548, 69.62586210000002 ], [ 18.9854792, 69.62584 ], [ 18.9854901, 69.6258214 ], [ 18.9858226, 69.6256371 ], [ 18.9857896, 69.6256217 ], [ 18.985823, 69.6256064 ], [ 18.9858747, 69.6256097 ], [ 18.9859294, 69.625611399999983 ], [ 18.9860022, 69.625607 ], [ 18.9860689, 69.625607599999981 ], [ 18.986119, 69.6256127 ], [ 18.9861802, 69.6256198 ], [ 18.9862295, 69.625613499999986 ], [ 18.9862874, 69.625605100000016 ], [ 18.9863363, 69.6256144 ], [ 18.9864062, 69.625621199999983 ], [ 18.9864777, 69.6256141 ], [ 18.9865345, 69.625609200000014 ], [ 18.986594, 69.625614500000012 ], [ 18.9866455, 69.6256246 ], [ 18.9867047, 69.6256182 ], [ 18.9867417, 69.625602199999989 ], [ 18.9867854, 69.625588399999984 ], [ 18.9868384, 69.6255846 ], [ 18.9868958, 69.625576699999982 ], [ 18.9869631, 69.6255687 ], [ 18.9870391, 69.6255634 ], [ 18.9870886, 69.6255565 ], [ 18.9871624, 69.625555399999982 ], [ 18.9872262, 69.6255471 ], [ 18.9872792, 69.6255356 ], [ 18.98733, 69.625523499999986 ], [ 18.9873835, 69.625515199999967 ], [ 18.9874368, 69.625505799999985 ], [ 18.9874811, 69.625496399999975 ], [ 18.9875261, 69.6254863 ], [ 18.987572, 69.6254718 ], [ 18.9876292, 69.6254572 ], [ 18.9877014, 69.625447400000013 ], [ 18.9877726, 69.625438 ], [ 18.9878316, 69.625432 ], [ 18.9878836, 69.6254218 ], [ 18.9879351, 69.625418 ], [ 18.9880166, 69.6254118 ], [ 18.9880826, 69.6254073 ], [ 18.9881579, 69.6254036 ], [ 18.9882153, 69.625398500000017 ], [ 18.988265, 69.625390699999983 ], [ 18.9883381, 69.6253852 ], [ 18.9884106, 69.6253814 ], [ 18.9884777, 69.6253755 ], [ 18.9885535, 69.6253668 ], [ 18.9886112, 69.6253601 ], [ 18.988683, 69.6253577 ], [ 18.988747, 69.625353299999986 ], [ 18.9887936, 69.6253399 ], [ 18.9888463, 69.6253347 ], [ 18.9889068, 69.6253276 ], [ 18.9889597, 69.6253223 ], [ 18.9890347, 69.6253192 ] ] } },
{ "type": "Feature", "properties": { "id": "20260815_80", "note": "", "gps_accuracy": 3.0, "created_at": "2026-08-15T12:14:27.991Z", "photo_url": null }, "geometry": { "type": "LineString", "coordinates": [ [ 18.9922253, 69.6273011 ], [ 18.9922395, 69.627283599999984 ], [ 18.9922857, 69.6272717 ], [ 18.9923093, 69.6272503 ], [ 18.992347, 69.627228 ], [ 18.9924056, 69.627215699999979 ], [ 18.9924608, 69.6272012 ], [ 18.9925118, 69.627191499999981 ], [ 18.9925611, 69.6271816 ], [ 18.9926139, 69.6271742 ], [ 18.9926636, 69.6271661 ], [ 18.9927028, 69.6271526 ], [ 18.9926847, 69.6271727 ] ] } },
{ "type": "Feature", "properties": { "id": "20260815_78", "note": "", "gps_accuracy": 3.0, "created_at": "2026-08-15T12:14:19.519Z", "photo_url": null }, "geometry": { "type": "LineString", "coordinates": [ [ 18.9986684, 69.627117 ], [ 18.9986268, 69.6271277 ], [ 18.9985892, 69.6271427 ], [ 18.9985487, 69.627162699999985 ], [ 18.9985187, 69.6271806 ], [ 18.9984835, 69.6271986 ], [ 18.9984618, 69.6272178 ], [ 18.9984388, 69.6272371 ] ] } },
{ "type": "Feature", "properties": { "id": "20260815_77", "note": "", "gps_accuracy": 3.0, "created_at": "2026-08-15T12:14:12.089Z", "photo_url": null }, "geometry": { "type": "LineString", "coordinates": [ [ 18.9989388, 69.629293100000012 ], [ 18.9989899, 69.6292893 ], [ 18.9990362, 69.6292788 ], [ 18.9990759, 69.6292667 ], [ 18.9991157, 69.6292547 ] ] } },
{ "type": "Feature", "properties": { "id": "20260815_76", "note": "", "gps_accuracy": 3.0, "created_at": "2026-08-15T12:13:56.001Z", "photo_url": null }, "geometry": { "type": "LineString", "coordinates": [ [ 19.0011316, 69.628161399999982 ], [ 19.0011475, 69.62813850000002 ], [ 19.0011342, 69.628117799999984 ], [ 19.0011286, 69.628098 ], [ 19.0011245, 69.6280772 ], [ 19.0010876, 69.628063899999987 ], [ 19.0010434, 69.628047699999982 ], [ 19.001011, 69.6280315 ], [ 19.0010728, 69.628026099999985 ], [ 19.0012169, 69.6280097 ], [ 19.001241, 69.6279875 ], [ 19.0012362, 69.6279659 ], [ 19.0012218, 69.6279485 ], [ 19.0012183, 69.627929199999983 ], [ 19.0011673, 69.6279246 ], [ 19.001123, 69.627913899999967 ], [ 19.0010954, 69.6278932 ], [ 19.0010833, 69.627874 ] ] } },
{ "type": "Feature", "properties": { "id": "20260815_75", "note": "", "gps_accuracy": 3.0, "created_at": "2026-08-15T12:13:04.288Z", "photo_url": null }, "geometry": { "type": "LineString", "coordinates": [ [ 18.9990828, 69.627704799999989 ], [ 18.9990586, 69.6276849 ], [ 18.9990948, 69.6276579 ], [ 18.9991093, 69.6276377 ], [ 18.9991097, 69.6276184 ], [ 18.9990998, 69.6275992 ], [ 18.9991307, 69.6275832 ], [ 18.9991573, 69.6275632 ], [ 18.9991667, 69.627542299999988 ], [ 18.9991417, 69.6275261 ], [ 18.9991231, 69.627502499999977 ], [ 18.9991114, 69.627477899999988 ], [ 18.9990721, 69.6274659 ], [ 18.9990329, 69.6274496 ], [ 18.9990061, 69.6274304 ], [ 18.9989916, 69.6274089 ], [ 18.9989749, 69.627389800000017 ], [ 18.9989616, 69.627371 ], [ 18.9989789, 69.6273535 ], [ 18.9989775, 69.62733249999998 ], [ 18.9989429, 69.6273148 ], [ 18.9989486, 69.6272952 ] ] } },
{ "type": "Feature", "properties": { "id": "20260815_74", "note": "", "gps_accuracy": 3.0, "created_at": "2026-08-15T12:12:05.296Z", "photo_url": null }, "geometry": { "type": "LineString", "coordinates": [ [ 19.0009736, 69.628304600000021 ], [ 19.0009882, 69.6282836 ], [ 19.0009989, 69.628263099999984 ], [ 19.0010201, 69.628245199999981 ], [ 19.0010442, 69.628227399999986 ], [ 19.0010539, 69.6282072 ], [ 19.0010633, 69.6281891 ], [ 19.0010953, 69.62817290000001 ], [ 19.0011323, 69.6281552 ] ] } },
{ "type": "Feature", "properties": { "id": "20260815_73", "note": "", "gps_accuracy": 3.0, "created_at": "2026-08-15T12:11:44.354Z", "photo_url": null }, "geometry": { "type": "LineString", "coordinates": [ [ 18.9979275, 69.627924399999984 ], [ 18.9979973, 69.6279202 ], [ 18.9980456, 69.627910699999987 ], [ 18.9980924, 69.6278993 ], [ 18.9981407, 69.6278913 ], [ 18.998196, 69.6278841 ], [ 18.9982553, 69.6278727 ], [ 18.9982937, 69.627858799999984 ], [ 18.9983192, 69.6278422 ], [ 18.9983556, 69.6278289 ], [ 18.9984152, 69.6278253 ], [ 18.9984786, 69.6278217 ], [ 18.9985129, 69.6278079 ], [ 18.9985783, 69.6277969 ], [ 18.9986323, 69.6277863 ], [ 18.9986909, 69.6277708 ], [ 18.99874, 69.627764 ], [ 18.9988155, 69.627761399999983 ], [ 18.99887, 69.6277593 ], [ 18.9989263, 69.627761799999988 ], [ 18.9989978, 69.6277544 ], [ 18.9990509, 69.6277477 ], [ 18.9990729, 69.6277274 ] ] } },
{ "type": "Feature", "properties": { "id": "20260815_72", "note": "", "gps_accuracy": 3.0, "created_at": "2026-08-15T12:11:31.601Z", "photo_url": "https://oehndpyzeoywfypqtsjs.supabase.co/storage/v1/object/public/observation-photos/72/1786795891694.jpg" }, "geometry": { "type": "LineString", "coordinates": [ [ 18.9951885, 69.629924 ], [ 18.9952404, 69.6299118 ], [ 18.9952841, 69.6298931 ], [ 18.9953187, 69.629874199999989 ], [ 18.9953595, 69.6298631 ], [ 18.9954059, 69.62985369999997 ], [ 18.9954624, 69.6298497 ], [ 18.99552, 69.6298415 ], [ 18.9955734, 69.6298354 ], [ 18.9956316, 69.6298216 ], [ 18.9956771, 69.629812699999988 ], [ 18.9957277, 69.629798399999984 ], [ 18.9957723, 69.6297857 ], [ 18.9958152, 69.629768799999979 ], [ 18.9958574, 69.6297557 ], [ 18.9959036, 69.6297389 ], [ 18.995939, 69.6297206 ], [ 18.9959848, 69.629708199999982 ], [ 18.9960365, 69.6296946 ], [ 18.9960654, 69.6296738 ], [ 18.9961043, 69.6296553 ], [ 18.9961306, 69.6296384 ], [ 18.9961589, 69.6296217 ], [ 18.9961837, 69.6296056 ], [ 18.9962353, 69.6296029 ], [ 18.9963493, 69.6295846 ], [ 18.9963862, 69.6295641 ], [ 18.9964168, 69.6295493 ], [ 18.9964692, 69.6295376 ], [ 18.9965216, 69.629527 ], [ 18.9965693, 69.6295167 ], [ 18.9966253, 69.6295091 ], [ 18.9966815, 69.6295007 ], [ 18.9967261, 69.629491 ], [ 18.9967732, 69.629481400000017 ], [ 18.9968236, 69.6294753 ], [ 18.9968727, 69.6294687 ], [ 18.9969315, 69.6294596 ], [ 18.996992, 69.629460600000016 ], [ 18.9970556, 69.62946 ], [ 18.9970575, 69.629439199999979 ], [ 18.9971194, 69.629436 ], [ 18.9971855, 69.6294283 ], [ 18.9972456, 69.6294215 ], [ 18.9973155, 69.629413899999989 ], [ 18.9973743, 69.629413 ], [ 18.9974063, 69.629430499999984 ], [ 18.9974233, 69.6294475 ], [ 18.9974374, 69.6294693 ], [ 18.9974312, 69.6294486 ], [ 18.9973901, 69.629436499999983 ], [ 18.9973535, 69.62942 ], [ 18.997391, 69.629397599999962 ], [ 18.9974463, 69.6293892 ], [ 18.9974979, 69.6293808 ], [ 18.9975626, 69.6293725 ], [ 18.997603, 69.6293606 ], [ 18.9976585, 69.629357099999979 ], [ 18.9977035, 69.629345199999989 ], [ 18.9977066, 69.629325 ], [ 18.9976874, 69.6293076 ], [ 18.9975857, 69.629293300000015 ], [ 18.9975223, 69.6293022 ] ] } },
{ "type": "Feature", "properties": { "id": "20260815_71", "note": "", "gps_accuracy": 3.0, "created_at": "2026-08-15T12:10:38.602Z", "photo_url": null }, "geometry": { "type": "LineString", "coordinates": [ [ 18.9992689, 69.6283705 ], [ 18.9992204, 69.6283553 ], [ 18.9991988, 69.628337199999976 ], [ 18.9991469, 69.6283201 ], [ 18.9990896, 69.628313799999987 ], [ 18.9990331, 69.6282992 ], [ 18.9989845, 69.628286799999984 ], [ 18.9989209, 69.628277399999988 ], [ 18.9988767, 69.628262 ], [ 18.9988435, 69.6282448 ], [ 18.9988046, 69.6282313 ], [ 18.9987561, 69.6282184 ], [ 18.9987283, 69.6282026 ], [ 18.9987043, 69.628184599999983 ], [ 18.9986376, 69.62818 ], [ 18.9985572, 69.628175699999986 ], [ 18.9985025, 69.6281676 ], [ 18.9984583, 69.628154 ], [ 18.9984131, 69.6281388 ], [ 18.9983884, 69.628120599999988 ], [ 18.998344, 69.6281039 ], [ 18.9982985, 69.6280883 ], [ 18.9982715, 69.628069400000015 ], [ 18.9982539, 69.628048 ], [ 18.9982442, 69.6280253 ], [ 18.9981992, 69.6280087 ], [ 18.9981726, 69.6279913 ], [ 18.9981163, 69.627984899999987 ], [ 18.9980612, 69.6279802 ], [ 18.9980371, 69.6279634 ], [ 18.9979978, 69.6279434 ], [ 18.9979625, 69.6279227 ] ] } },
{ "type": "Feature", "properties": { "id": "20260815_69", "note": "", "gps_accuracy": 3.0, "created_at": "2026-08-15T12:07:01.620Z", "photo_url": null }, "geometry": { "type": "LineString", "coordinates": [ [ 18.9933861, 69.6280262 ], [ 18.9933383, 69.6280139 ], [ 18.9933032, 69.62799870000002 ], [ 18.9932771, 69.6279812 ], [ 18.9932612, 69.627964 ], [ 18.9932493, 69.627942599999983 ], [ 18.9932224, 69.6279245 ], [ 18.9931782, 69.6279094 ], [ 18.9931439, 69.6278897 ], [ 18.9931365, 69.6278693 ] ] } },
{ "type": "Feature", "properties": { "id": "20260815_65", "note": "", "gps_accuracy": 3.0, "created_at": "2026-08-15T12:05:23.065Z", "photo_url": null }, "geometry": { "type": "LineString", "coordinates": [ [ 18.9934604, 69.6280927 ], [ 18.993444, 69.6280708 ], [ 18.9934589, 69.628052699999969 ], [ 18.9934867, 69.6280374 ], [ 18.9935487, 69.6280268 ], [ 18.9935922, 69.628013199999984 ], [ 18.9936212, 69.627997 ], [ 18.9936448, 69.627973 ], [ 18.9936826, 69.6279596 ], [ 18.9937042, 69.6279413 ], [ 18.9937075, 69.627919799999987 ], [ 18.9937361, 69.6279025 ] ] } },
{ "type": "Feature", "properties": { "id": "20260815_58", "note": "", "gps_accuracy": 4.65199995040894, "created_at": "2026-08-15T12:01:27.121Z", "photo_url": null }, "geometry": { "type": "LineString", "coordinates": [ [ 18.9945829, 69.62921529999997 ], [ 18.9945787, 69.6291864 ], [ 18.9945605, 69.629158799999985 ], [ 18.9945579, 69.6291355 ], [ 18.9945586, 69.6291115 ], [ 18.9945621, 69.6290868 ], [ 18.9945527, 69.629069 ], [ 18.9945567, 69.6290474 ], [ 18.9946082, 69.6290265 ], [ 18.9946439, 69.629012 ], [ 18.9946948, 69.6289984 ], [ 18.9947475, 69.6289867 ], [ 18.9947792, 69.6289717 ], [ 18.9947971, 69.628952899999987 ], [ 18.9947915, 69.6289346 ], [ 18.994835, 69.62883549999998 ], [ 18.9948673, 69.628808899999967 ], [ 18.994894, 69.62878809999998 ] ] } },
{ "type": "Feature", "properties": { "id": "20260815_51", "note": "", "gps_accuracy": 3.0, "created_at": "2026-08-15T11:58:41.678Z", "photo_url": null }, "geometry": { "type": "LineString", "coordinates": [ [ 18.9951873, 69.6322607 ], [ 18.995238, 69.6322708 ], [ 18.9952942, 69.6322746 ], [ 18.9953488, 69.632274599999988 ], [ 18.9954136, 69.6322663 ], [ 18.9954652, 69.632253599999984 ], [ 18.9955143, 69.6322386 ], [ 18.9955683, 69.632231 ], [ 18.9956209, 69.632224600000015 ], [ 18.9956927, 69.632218199999983 ], [ 18.9957502, 69.632217 ], [ 18.9958068, 69.632212100000018 ], [ 18.9965595, 69.6319466 ] ] } },
{ "type": "Feature", "properties": { "id": "20260815_50", "note": "", "gps_accuracy": 3.0, "created_at": "2026-08-15T11:58:37.430Z", "photo_url": null }, "geometry": { "type": "LineString", "coordinates": [ [ 18.9941053, 69.6285981 ], [ 18.9940816, 69.628616300000019 ], [ 18.9940278, 69.6286402 ], [ 18.9939842, 69.6286535 ], [ 18.9939316, 69.628666599999988 ], [ 18.9938897, 69.628680500000016 ], [ 18.9938591, 69.6286955 ], [ 18.993806, 69.628709299999983 ], [ 18.9937517, 69.628717 ], [ 18.9936989, 69.628727399999988 ], [ 18.9936525, 69.6287405 ], [ 18.9935978, 69.6287421 ] ] } },
{ "type": "Feature", "properties": { "id": "20260815_48", "note": "", "gps_accuracy": 3.0, "created_at": "2026-08-15T11:57:30.930Z", "photo_url": null }, "geometry": { "type": "LineString", "coordinates": [ [ 18.9949029, 69.6303556 ], [ 18.9948685, 69.630338899999984 ], [ 18.9948239, 69.6303251 ], [ 18.994789, 69.6303112 ], [ 18.9947586, 69.6302954 ], [ 18.9947218, 69.6302813 ] ] } },
{ "type": "Feature", "properties": { "id": "20260815_43", "note": "", "gps_accuracy": 3.0, "created_at": "2026-08-15T11:55:24.701Z", "photo_url": null }, "geometry": { "type": "LineString", "coordinates": [ [ 18.9914262, 69.62793259999998 ], [ 18.9914685, 69.6279171 ], [ 18.9915081, 69.6278871 ], [ 18.9915362, 69.6278704 ], [ 18.9915884, 69.627843 ], [ 18.9916468, 69.627825300000012 ], [ 18.9917017, 69.627813499999988 ], [ 18.9917502, 69.6277998 ], [ 18.9917808, 69.6277809 ], [ 18.9917924, 69.6277587 ], [ 18.99181, 69.6277413 ], [ 18.9918254, 69.6277198 ], [ 18.9918376, 69.6276981 ], [ 18.9918729, 69.6276752 ], [ 18.9919068, 69.6276586 ], [ 18.991935, 69.6276363 ], [ 18.9919527, 69.6276092 ], [ 18.991983, 69.62758759999997 ], [ 18.9920146, 69.6275651 ], [ 18.9920552, 69.6275403 ], [ 18.9920866, 69.6275208 ], [ 18.9921105, 69.6275044 ], [ 18.9921398, 69.6274888 ], [ 18.992172, 69.6274656 ], [ 18.9922074, 69.627442499999987 ], [ 18.9922242, 69.627421600000019 ], [ 18.9922449, 69.6274026 ], [ 18.9922665, 69.627381199999988 ], [ 18.9922959, 69.6273635 ] ] } },
{ "type": "Feature", "properties": { "id": "20260815_41", "note": "", "gps_accuracy": 3.1689999103546098, "created_at": "2026-08-15T11:54:03.379Z", "photo_url": null }, "geometry": { "type": "LineString", "coordinates": [ [ 18.9949552, 69.633166 ], [ 18.9949531, 69.6331437 ], [ 18.9949387, 69.6331256 ], [ 18.9949235, 69.6331053 ], [ 18.9949136, 69.633084699999984 ], [ 18.9948965, 69.633063099999987 ], [ 18.9948883, 69.6330416 ], [ 18.9948889, 69.6330216 ], [ 18.9949071, 69.6330032 ], [ 18.9949105, 69.6329851 ], [ 18.9948937, 69.632925799999981 ] ] } },
{ "type": "Feature", "properties": { "id": "20260815_36", "note": "", "gps_accuracy": 3.0, "created_at": "2026-08-15T11:50:36.719Z", "photo_url": null }, "geometry": { "type": "LineString", "coordinates": [ [ 18.9919171, 69.630886 ], [ 18.991953, 69.630865 ], [ 18.9920074, 69.6308598 ], [ 18.9920758, 69.6308518 ], [ 18.9921239, 69.6308446 ], [ 18.992167, 69.6308311 ], [ 18.9922148, 69.630814500000014 ], [ 18.9922771, 69.630797700000016 ], [ 18.9923252, 69.630787199999986 ], [ 18.9923358, 69.630764 ], [ 18.9923659, 69.630742799999979 ], [ 18.9923932, 69.6307233 ], [ 18.9924341, 69.6307067 ], [ 18.9924775, 69.630696199999988 ], [ 18.9925321, 69.6306828 ], [ 18.992582, 69.630669699999984 ], [ 18.9924955, 69.6306758 ], [ 18.992456, 69.630692300000021 ], [ 18.9925081, 69.6306873 ], [ 18.9925672, 69.6306789 ], [ 18.9926302, 69.630651499999971 ], [ 18.9926647, 69.630628 ], [ 18.9926988, 69.6306092 ], [ 18.9927534, 69.6305925 ], [ 18.9928183, 69.6306075 ] ] } },
{ "type": "Feature", "properties": { "id": "20260815_35", "note": "Barely visible, probably the start of a new route, more like flat roots than a proper route", "gps_accuracy": 3.28600001335144, "created_at": "2026-08-15T11:50:17.991Z", "photo_url": null }, "geometry": { "type": "LineString", "coordinates": [ [ 18.9944367, 69.63254 ], [ 18.9944944, 69.632534899999982 ], [ 18.9945425, 69.632527 ], [ 18.994578, 69.6325123 ], [ 18.9946242, 69.6325028 ], [ 18.9946773, 69.6324964 ], [ 18.994957, 69.6324912 ], [ 18.9948925, 69.632472 ], [ 18.9948391, 69.6324613 ], [ 18.9948653, 69.6324445 ], [ 18.9949136, 69.632434599999982 ] ] } },
{ "type": "Feature", "properties": { "id": "20260815_34", "note": "", "gps_accuracy": 3.78999996185303, "created_at": "2026-08-15T11:49:15.215Z", "photo_url": null }, "geometry": { "type": "LineString", "coordinates": [ [ 18.9909703, 69.6312171 ], [ 18.9909262, 69.631192299999981 ], [ 18.9908716, 69.631175899999988 ], [ 18.9908201, 69.6311569 ], [ 18.9907749, 69.6311378 ], [ 18.9907505, 69.6311175 ], [ 18.9907371, 69.6310993 ], [ 18.9907078, 69.631073699999988 ], [ 18.9906596, 69.6310518 ], [ 18.9906097, 69.6310348 ], [ 18.9905402, 69.63102 ], [ 18.9904898, 69.6310042 ], [ 18.9904651, 69.6309863 ], [ 18.9904405, 69.6309661 ], [ 18.9904083, 69.6309486 ], [ 18.9903808, 69.6309333 ], [ 18.9903572, 69.6309063 ], [ 18.990331, 69.6308863 ], [ 18.9903039, 69.6308664 ], [ 18.9902865, 69.6308482 ], [ 18.9902599, 69.630829 ], [ 18.9902435, 69.6308116 ], [ 18.9902305, 69.630792799999981 ], [ 18.9902233, 69.6307698 ], [ 18.9902024, 69.630748699999984 ], [ 18.9901771, 69.6307281 ], [ 18.9901621, 69.6307063 ], [ 18.9901515, 69.6306886 ], [ 18.9901315, 69.6306673 ], [ 18.9901232, 69.6306475 ], [ 18.990114, 69.630624 ], [ 18.9901115, 69.630602699999983 ], [ 18.9901115, 69.6305791 ], [ 18.9901073, 69.630555500000014 ], [ 18.9900967, 69.6305293 ], [ 18.990092, 69.6305099 ], [ 18.9900867, 69.6304858 ], [ 18.9900797, 69.6304661 ], [ 18.9900582, 69.6304455 ], [ 18.9900383, 69.630424299999987 ], [ 18.9900162, 69.630403099999981 ], [ 18.9899951, 69.630384699999979 ], [ 18.9899841, 69.630357900000021 ], [ 18.989981, 69.6303287 ], [ 18.9899766, 69.6303054 ], [ 18.989963, 69.6302809 ], [ 18.9899539, 69.630260399999983 ], [ 18.9899378, 69.630240799999982 ], [ 18.9899052, 69.6302224 ], [ 18.9898669, 69.6302009 ], [ 18.9898378, 69.6301787 ], [ 18.9898141, 69.6301579 ], [ 18.9897814, 69.6301317 ], [ 18.9897583, 69.6301139 ], [ 18.9897294, 69.630094899999989 ], [ 18.9896907, 69.6300757 ], [ 18.989672, 69.6300576 ], [ 18.9896566, 69.6300363 ], [ 18.9896285, 69.6300161 ], [ 18.9895998, 69.6299913 ], [ 18.9895784, 69.6299681 ], [ 18.9895705, 69.6299455 ], [ 18.9895424, 69.6299263 ], [ 18.9895295, 69.629908799999981 ], [ 18.9895068, 69.629889799999987 ], [ 18.9894783, 69.6298708 ], [ 18.9894527, 69.6298515 ], [ 18.9894361, 69.6298325 ], [ 18.9894295, 69.629810399999982 ], [ 18.9894211, 69.6297885 ], [ 18.9894035, 69.629765699999979 ], [ 18.9893798, 69.6297425 ], [ 18.9893644, 69.6297206 ], [ 18.9893489, 69.629694200000017 ], [ 18.9893297, 69.6296702 ], [ 18.9893304, 69.629649499999985 ], [ 18.9893497, 69.6296262 ], [ 18.9893687, 69.6296037 ], [ 18.9893805, 69.6295755 ], [ 18.9893544, 69.6295528 ], [ 18.9893382, 69.6295353 ], [ 18.9893355, 69.6295109 ], [ 18.9893164, 69.6294859 ], [ 18.9893041, 69.62946239999998 ], [ 18.9893024, 69.6294437 ] ] } },
{ "type": "Feature", "properties": { "id": "20260815_28", "note": "", "gps_accuracy": 3.0, "created_at": "2026-08-15T11:46:25.686Z", "photo_url": null }, "geometry": { "type": "LineString", "coordinates": [ [ 18.9931677, 69.6329225 ], [ 18.9932186, 69.6329126 ], [ 18.9932387, 69.6328837 ], [ 18.9932558, 69.632865 ], [ 18.9932469, 69.6328458 ], [ 18.9932359, 69.632819899999987 ], [ 18.9932246, 69.6327942 ], [ 18.9931854, 69.6327671 ], [ 18.9931718, 69.6327406 ], [ 18.9931403, 69.632724700000011 ], [ 18.9931106, 69.632703799999987 ], [ 18.9930725, 69.632690199999985 ], [ 18.9930597, 69.632672 ], [ 18.9930296, 69.632646899999983 ], [ 18.9930115, 69.6326264 ], [ 18.9929954, 69.6326072 ], [ 18.9929651, 69.632587699999988 ], [ 18.9929576, 69.6325549 ], [ 18.9929977, 69.632533800000019 ], [ 18.9930147, 69.632505499999979 ], [ 18.9929832, 69.6324867 ], [ 18.9929361, 69.6324715 ], [ 18.9929101, 69.6324548 ], [ 18.9929422, 69.6324397 ], [ 18.9929198, 69.6324227 ], [ 18.9928746, 69.6324126 ], [ 18.9928263, 69.6324038 ], [ 18.9927811, 69.632392599999989 ], [ 18.9928294, 69.632400899999979 ], [ 18.9928653, 69.6324146 ], [ 18.9928386, 69.6323964 ], [ 18.9928103, 69.6323745 ], [ 18.9927993, 69.632356699999988 ], [ 18.9927585, 69.6323448 ], [ 18.9927282, 69.632326799999987 ], [ 18.9927072, 69.632307399999988 ], [ 18.9926546, 69.632297799999989 ], [ 18.992605, 69.63228460000002 ], [ 18.9925777, 69.632269099999988 ], [ 18.9925723, 69.6322483 ], [ 18.9925466, 69.6322279 ], [ 18.9924948, 69.632214 ], [ 18.9924536, 69.632199 ], [ 18.9924292, 69.6321779 ], [ 18.9924132, 69.6321575 ], [ 18.992408, 69.6321364 ], [ 18.9923895, 69.632117399999984 ], [ 18.9923564, 69.6321019 ], [ 18.9923039, 69.632102099999983 ], [ 18.9922714, 69.632084 ], [ 18.9922534, 69.6320611 ], [ 18.9922395, 69.63204 ], [ 18.9922387, 69.6320204 ], [ 18.9922179, 69.632001100000011 ], [ 18.992164, 69.631976 ], [ 18.9921134, 69.6319605 ], [ 18.9920746, 69.6319423 ], [ 18.9920702, 69.6319207 ], [ 18.9920537, 69.6319028 ], [ 18.9920104, 69.631890899999988 ], [ 18.991972, 69.6319061 ], [ 18.9920227, 69.6319021 ], [ 18.9920341, 69.6318841 ], [ 18.9920306, 69.631861 ], [ 18.9920122, 69.6318435 ], [ 18.9919797, 69.6318269 ], [ 18.9919456, 69.6318079 ], [ 18.9919125, 69.63179359999998 ], [ 18.9918739, 69.6317731 ], [ 18.9918438, 69.6317584 ], [ 18.9917959, 69.6317369 ], [ 18.9918005, 69.6317179 ], [ 18.9918093, 69.6316916 ], [ 18.991786, 69.6316707 ], [ 18.9917483, 69.631652 ], [ 18.991739, 69.631634 ], [ 18.9917185, 69.6316159 ], [ 18.9916788, 69.6315917 ], [ 18.9916554, 69.631575499999983 ], [ 18.9916167, 69.631554099999988 ], [ 18.9915955, 69.6315346 ], [ 18.9915733, 69.6315117 ], [ 18.9915576, 69.6314931 ], [ 18.9915499, 69.631474699999984 ], [ 18.9916143, 69.631461 ], [ 18.99165, 69.63147530000002 ], [ 18.9917031, 69.6314788 ], [ 18.991715, 69.6314571 ], [ 18.9916993, 69.6314345 ], [ 18.9916617, 69.631412700000013 ], [ 18.9916167, 69.6313959 ], [ 18.9916235, 69.631377699999987 ], [ 18.9916286, 69.631351 ], [ 18.991678, 69.6313322 ], [ 18.991716, 69.6313143 ], [ 18.9917651, 69.6313028 ], [ 18.9917995, 69.6312796 ], [ 18.9918222, 69.63125770000002 ], [ 18.9918412, 69.6312407 ], [ 18.9918687, 69.631223 ], [ 18.991897, 69.63119780000001 ], [ 18.991923, 69.6311792 ] ] } },
{ "type": "Feature", "properties": { "id": "20260815_27", "note": "", "gps_accuracy": 3.78999996185303, "created_at": "2026-08-15T11:44:36.771Z", "photo_url": "https://oehndpyzeoywfypqtsjs.supabase.co/storage/v1/object/public/observation-photos/27/1786794277438.jpg" }, "geometry": { "type": "LineString", "coordinates": [ [ 18.9919261, 69.6334674 ], [ 18.9919372, 69.633449 ], [ 18.9919551, 69.63342059999998 ], [ 18.9919817, 69.6333934 ], [ 18.9920141, 69.6333755 ], [ 18.9920561, 69.633359 ], [ 18.9921057, 69.6333453 ], [ 18.9921472, 69.633328 ], [ 18.9921958, 69.6333099 ], [ 18.9922505, 69.6332963 ], [ 18.9923163, 69.633287599999989 ], [ 18.9923758, 69.6332738 ], [ 18.9924241, 69.6332618 ], [ 18.9924578, 69.633244199999979 ], [ 18.9924992, 69.6332296 ], [ 18.9925433, 69.6332097 ], [ 18.992538, 69.633186 ], [ 18.9925278, 69.63316279999998 ], [ 18.9925034, 69.6331403 ], [ 18.9924882, 69.6331174 ], [ 18.9924847, 69.6330986 ], [ 18.9924925, 69.6330777 ], [ 18.9925056, 69.6330563 ], [ 18.9925101, 69.633035 ], [ 18.9925059, 69.6330157 ], [ 18.9925012, 69.6329941 ], [ 18.9924952, 69.63297249999998 ], [ 18.992493, 69.6329531 ], [ 18.9924878, 69.6329295 ], [ 18.9924768, 69.6329066 ], [ 18.992453, 69.632883099999987 ], [ 18.992423, 69.6328588 ], [ 18.9924006, 69.632835499999985 ], [ 18.9923918, 69.6328122 ], [ 18.9923981, 69.632790499999984 ], [ 18.992386, 69.6327665 ], [ 18.9923673, 69.632742900000011 ], [ 18.9923545, 69.632723 ], [ 18.9923484, 69.6327008 ], [ 18.9923382, 69.6326798 ], [ 18.9923262, 69.6326569 ], [ 18.9923132, 69.632633499999983 ], [ 18.9922961, 69.6326123 ], [ 18.9922829, 69.6325914 ], [ 18.9922689, 69.6325687 ], [ 18.9922516, 69.63254569999998 ], [ 18.9922318, 69.632528 ], [ 18.9922065, 69.6325113 ], [ 18.9921762, 69.6324926 ], [ 18.9921393, 69.6324757 ], [ 18.9921017, 69.632460599999987 ], [ 18.992046, 69.6324501 ], [ 18.9919785, 69.6324409 ], [ 18.9919195, 69.63244210000002 ], [ 18.991847, 69.6324343 ], [ 18.9917919, 69.6324205 ], [ 18.9917531, 69.6324079 ], [ 18.9917055, 69.632391 ], [ 18.9916573, 69.6323745 ], [ 18.9916176, 69.6323605 ], [ 18.9915624, 69.6323459 ], [ 18.991513, 69.6323302 ], [ 18.9914753, 69.6323097 ], [ 18.9914652, 69.6322868 ], [ 18.9914415, 69.6322595 ], [ 18.9914183, 69.632241199999982 ], [ 18.9914004, 69.632217499999982 ], [ 18.9913819, 69.632197 ], [ 18.9913656, 69.6321758 ], [ 18.9913567, 69.6321559 ], [ 18.9913685, 69.6321357 ], [ 18.9913459, 69.6321133 ], [ 18.9913395, 69.6320943 ], [ 18.9913576, 69.6320702 ], [ 18.9913477, 69.6320466 ], [ 18.9913216, 69.6320307 ], [ 18.9913251, 69.6320105 ], [ 18.9913312, 69.6319916 ], [ 18.9913354, 69.631966599999984 ], [ 18.9913399, 69.6319475 ], [ 18.9912971, 69.6319279 ], [ 18.9912567, 69.631915799999987 ], [ 18.9912294, 69.6318918 ], [ 18.9912061, 69.6318698 ], [ 18.9911793, 69.6318451 ], [ 18.9911465, 69.631820099999985 ], [ 18.991111, 69.6317976 ], [ 18.9910705, 69.6317851 ], [ 18.9910251, 69.631770599999982 ], [ 18.991009, 69.631753 ], [ 18.9909848, 69.6317364 ], [ 18.9909577, 69.6317174 ], [ 18.9909202, 69.6317043 ], [ 18.9908664, 69.6316898 ], [ 18.99083, 69.6316768 ], [ 18.9907857, 69.6316589 ], [ 18.9907479, 69.6316391 ], [ 18.99073, 69.631621 ], [ 18.9907187, 69.6315966 ], [ 18.9907145, 69.6315731 ], [ 18.9907216, 69.6315521 ], [ 18.9907347, 69.6315332 ], [ 18.9907379, 69.6315072 ], [ 18.9907512, 69.631482199999979 ], [ 18.990778, 69.631463 ], [ 18.9908342, 69.631464799999989 ], [ 18.9908122, 69.6314409 ], [ 18.9908247, 69.6314156 ], [ 18.9908201, 69.6313913 ], [ 18.9907983, 69.6313664 ], [ 18.9907999, 69.631343799999982 ], [ 18.9908019, 69.631317699999983 ], [ 18.9908198, 69.631293 ], [ 18.9908366, 69.631275 ], [ 18.9908759, 69.631250199999982 ], [ 18.9909283, 69.6312331 ], [ 18.9909666, 69.6312143 ] ] } },
{ "type": "Feature", "properties": { "id": "20260815_26", "note": "", "gps_accuracy": 3.0, "created_at": "2026-08-15T11:44:30.888Z", "photo_url": null }, "geometry": { "type": "LineString", "coordinates": [ [ 18.9954859, 69.6337077 ], [ 18.9954847, 69.6336883 ], [ 18.9954949, 69.6336701 ], [ 18.9954961, 69.633646 ], [ 18.9954883, 69.6336282 ], [ 18.9954674, 69.6336045 ], [ 18.9954549, 69.633587 ], [ 18.9954405, 69.6335684 ], [ 18.9954188, 69.6335504 ], [ 18.9954081, 69.633530399999984 ], [ 18.9953926, 69.63350819999998 ], [ 18.9953718, 69.633490399999985 ], [ 18.99536, 69.6334696 ], [ 18.9953427, 69.6334512 ], [ 18.9952524, 69.633393 ] ] } },
{ "type": "Feature", "properties": { "id": "20260815_21", "note": "", "gps_accuracy": 4.90100002288818, "created_at": "2026-08-15T11:42:44.773Z", "photo_url": null }, "geometry": { "type": "LineString", "coordinates": [ [ 18.9919336, 69.632464 ], [ 18.9919097, 69.6324452 ], [ 18.9918663, 69.632428 ], [ 18.9918395, 69.632407 ], [ 18.9918081, 69.6323886 ], [ 18.9917781, 69.6323731 ], [ 18.9918188, 69.6323518 ], [ 18.9918747, 69.6323521 ] ] } },
{ "type": "Feature", "properties": { "id": "20260815_19", "note": "", "gps_accuracy": 3.0069999694824201, "created_at": "2026-08-15T11:41:43.117Z", "photo_url": null }, "geometry": { "type": "LineString", "coordinates": [ [ 18.9924271, 69.6328818 ], [ 18.9924067, 69.632862700000018 ], [ 18.9923971, 69.6328443 ], [ 18.9923756, 69.6328128 ], [ 18.992357, 69.6327906 ], [ 18.9923363, 69.6327722 ], [ 18.9923251, 69.6327504 ], [ 18.9923255, 69.6327298 ], [ 18.9923171, 69.6327099 ], [ 18.9923033, 69.632691900000012 ], [ 18.9922859, 69.632671499999987 ], [ 18.9922796, 69.632652599999986 ], [ 18.9922768, 69.6326302 ], [ 18.9922799, 69.632605 ], [ 18.9922746, 69.632585700000021 ] ] } },
{ "type": "Feature", "properties": { "id": "20260815_17", "note": "", "gps_accuracy": 4.1820001602172896, "created_at": "2026-08-15T11:40:47.881Z", "photo_url": null }, "geometry": { "type": "LineString", "coordinates": [ [ 18.993242, 69.6329936 ], [ 18.9932303, 69.6329722 ], [ 18.9931977, 69.6329569 ], [ 18.9931503, 69.632940100000013 ], [ 18.9931199, 69.632919699999988 ], [ 18.9930957, 69.6328991 ], [ 18.9930833, 69.632874299999983 ], [ 18.9930718, 69.6328506 ], [ 18.9930389, 69.6328354 ], [ 18.9930388, 69.6328168 ], [ 18.9929858, 69.632825499999981 ], [ 18.9929483, 69.632840300000012 ], [ 18.9929065, 69.6328548 ], [ 18.9928608, 69.6328713 ], [ 18.9928129, 69.6328826 ], [ 18.9927685, 69.6328961 ], [ 18.9925324, 69.632953299999983 ] ] } },
{ "type": "Feature", "properties": { "id": "20260815_14", "note": "", "gps_accuracy": 3.0, "created_at": "2026-08-15T11:38:50.208Z", "photo_url": null }, "geometry": { "type": "LineString", "coordinates": [ [ 18.9957202, 69.6341123 ], [ 18.995647, 69.6341132 ], [ 18.9955844, 69.634121 ], [ 18.995522, 69.634129799999982 ], [ 18.9954689, 69.6341341 ], [ 18.9954092, 69.634134 ], [ 18.9953568, 69.6341369 ], [ 18.9953267, 69.6341522 ], [ 18.9953076, 69.6341698 ], [ 18.9952582, 69.6341823 ], [ 18.9952139, 69.6341957 ] ] } },
{ "type": "Feature", "properties": { "id": "20260815_10", "note": "", "gps_accuracy": 4.1820001602172896, "created_at": "2026-08-15T11:36:00.866Z", "photo_url": null }, "geometry": { "type": "LineString", "coordinates": [ [ 18.9937985, 69.6338653 ], [ 18.9937415, 69.6338637 ], [ 18.9936992, 69.6338484 ], [ 18.9936766, 69.6338301 ], [ 18.9936585, 69.63381219999998 ], [ 18.9936495, 69.6337885 ], [ 18.993653, 69.6337697 ], [ 18.9936653, 69.6337443 ], [ 18.993662, 69.6337231 ], [ 18.9936572, 69.6336996 ], [ 18.9936655, 69.633681399999986 ], [ 18.9936738, 69.633659599999987 ], [ 18.9936829, 69.6336401 ], [ 18.9937038, 69.6336184 ], [ 18.9937178, 69.6335957 ], [ 18.9937286, 69.633573199999987 ], [ 18.9937241, 69.633553899999981 ], [ 18.9937279, 69.6334993 ], [ 18.9937275, 69.6334679 ] ] } },
{ "type": "Feature", "properties": { "id": "20260815_9", "note": "", "gps_accuracy": 3.78999996185303, "created_at": "2026-08-15T11:35:49.067Z", "photo_url": null }, "geometry": { "type": "LineString", "coordinates": [ [ 18.9911898, 69.634236200000018 ], [ 18.9911911, 69.6342169 ], [ 18.9911921, 69.6341908 ], [ 18.9911859, 69.6341703 ], [ 18.9911754, 69.634145899999979 ], [ 18.9911633, 69.63412 ], [ 18.9911504, 69.634097 ], [ 18.9911492, 69.6340758 ] ] } },
{ "type": "Feature", "properties": { "id": "20260815_8", "note": "", "gps_accuracy": 3.0, "created_at": "2026-08-15T11:35:48.944Z", "photo_url": null }, "geometry": { "type": "LineString", "coordinates": [ [ 18.9940202, 69.6343984 ], [ 18.9939791, 69.6343808 ], [ 18.9939273, 69.6343678 ], [ 18.9938839, 69.634349900000018 ], [ 18.9938555, 69.6343313 ], [ 18.9938177, 69.634316200000015 ], [ 18.9937909, 69.634294 ], [ 18.9937718, 69.634273 ], [ 18.9937397, 69.6342523 ], [ 18.9936973, 69.6342383 ], [ 18.9936824, 69.6342205 ], [ 18.9936804, 69.6342013 ], [ 18.9936632, 69.634176499999981 ], [ 18.9936523, 69.6341567 ], [ 18.9936241, 69.6341388 ], [ 18.9936106, 69.6341205 ], [ 18.9936338, 69.634101 ], [ 18.9936366, 69.6340802 ], [ 18.9936058, 69.634062 ], [ 18.993577, 69.634040299999981 ], [ 18.9935479, 69.6340205 ], [ 18.9935248, 69.634 ], [ 18.993487, 69.633984100000021 ], [ 18.9934425, 69.6339651 ], [ 18.9934231, 69.633943700000017 ], [ 18.9934039, 69.63392349999998 ], [ 18.9934621, 69.633921 ], [ 18.9934818, 69.6339021 ], [ 18.9934432, 69.6338862 ], [ 18.9934055, 69.633872 ], [ 18.9933545, 69.6338625 ], [ 18.9932904, 69.633859700000016 ], [ 18.9932379, 69.6338549 ], [ 18.9931917, 69.633846 ], [ 18.9931461, 69.633833 ], [ 18.9931045, 69.633812 ], [ 18.9930697, 69.633791 ], [ 18.9930478, 69.633774399999979 ], [ 18.9930375, 69.6337548 ], [ 18.9930343, 69.6337319 ], [ 18.9929862, 69.6337235 ], [ 18.992957, 69.6337032 ], [ 18.9929219, 69.633682399999984 ], [ 18.9928989, 69.633664 ], [ 18.9928567, 69.633653 ], [ 18.9928525, 69.6336337 ], [ 18.992847, 69.6336121 ], [ 18.99283, 69.6335945 ] ] } },
{ "type": "Feature", "properties": { "id": "20260815_6", "note": "", "gps_accuracy": 3.0, "created_at": "2026-08-15T11:34:42.840Z", "photo_url": null }, "geometry": { "type": "LineString", "coordinates": [ [ 18.9939338, 69.6344002 ], [ 18.9939474, 69.634379700000011 ], [ 18.9939306, 69.6343554 ], [ 18.9939119, 69.6343352 ], [ 18.9939299, 69.6343179 ], [ 18.9939382, 69.6342948 ], [ 18.993928, 69.6342749 ], [ 18.9939179, 69.6342564 ], [ 18.9939257, 69.6342321 ], [ 18.9939321, 69.6342091 ], [ 18.9939608, 69.634187200000014 ] ] } },
{ "type": "Feature", "properties": { "id": "20260815_4", "note": "", "gps_accuracy": 3.78999996185303, "created_at": "2026-08-15T11:32:33.253Z", "photo_url": "https://oehndpyzeoywfypqtsjs.supabase.co/storage/v1/object/public/observation-photos/4/1786793554163.jpg" }, "geometry": { "type": "LineString", "coordinates": [ [ 18.9926908, 69.6344485 ], [ 18.9927196, 69.634432899999979 ], [ 18.9926811, 69.634453600000015 ], [ 18.992628, 69.6344769 ], [ 18.9925842, 69.6345007 ], [ 18.9925461, 69.6345264 ], [ 18.9925284, 69.6345516 ], [ 18.9925055, 69.6345715 ] ] } },
{ "type": "Feature", "properties": { "id": "20260815_3", "note": "", "gps_accuracy": 3.0, "created_at": "2026-08-15T11:31:50.514Z", "photo_url": null }, "geometry": { "type": "LineString", "coordinates": [ [ 18.9942602, 69.634788199999988 ], [ 18.994254, 69.634763 ], [ 18.9942249, 69.6347466 ], [ 18.9942004, 69.634730300000015 ], [ 18.9941826, 69.6347091 ], [ 18.994146, 69.6346927 ], [ 18.9941233, 69.6346744 ], [ 18.9941248, 69.634649899999985 ], [ 18.9940598, 69.6346566 ] ] } },
{ "type": "Feature", "properties": { "id": "20260815_2", "note": "", "gps_accuracy": 3.0, "created_at": "2026-08-15T11:31:46.196Z", "photo_url": null }, "geometry": { "type": "LineString", "coordinates": [ [ 18.994683, 69.6348274 ], [ 18.9947436, 69.6348248 ], [ 18.9947984, 69.6348274 ], [ 18.9948593, 69.6348305 ], [ 18.9949121, 69.634827499999986 ], [ 18.9949707, 69.6348237 ] ] } },
{ "type": "Feature", "properties": { "id": "20260912_203", "note": "", "gps_accuracy": 3.0, "created_at": "2026-09-12T14:29:58.333Z", "photo_url": null }, "geometry": { "type": "LineString", "coordinates": [ [ 18.9965746, 69.634165 ], [ 18.9965194, 69.6341668 ], [ 18.9964553, 69.6341637 ], [ 18.9963782, 69.634162 ], [ 18.996308, 69.6341561 ], [ 18.99625, 69.6341483 ], [ 18.9962001, 69.634140200000019 ], [ 18.9961447, 69.634137699999982 ], [ 18.9960792, 69.6341384 ], [ 18.9960146, 69.6341414 ], [ 18.995946, 69.6341469 ], [ 18.9958892, 69.634149 ], [ 18.995827, 69.634144199999966 ], [ 18.9957673, 69.6341433 ] ] } },
{ "type": "Feature", "properties": { "id": "20260912_202", "note": "", "gps_accuracy": 3.0, "created_at": "2026-09-12T14:29:35.100Z", "photo_url": null }, "geometry": { "type": "LineString", "coordinates": [ [ 18.9945746, 69.634502 ], [ 18.9945374, 69.6345251 ], [ 18.9945047, 69.634546400000019 ], [ 18.9944931, 69.6345675 ], [ 18.9944898, 69.634588 ], [ 18.9944768, 69.6346089 ] ] } },
{ "type": "Feature", "properties": { "id": "20260912_201", "note": "", "gps_accuracy": 3.2479999065399201, "created_at": "2026-09-12T14:28:34.695Z", "photo_url": null }, "geometry": { "type": "LineString", "coordinates": [ [ 18.9940064, 69.6344338 ], [ 18.9940729, 69.6344114 ], [ 18.9941157, 69.6344012 ], [ 18.994168, 69.6343828 ], [ 18.9942065, 69.634365799999983 ], [ 18.9942493, 69.6343539 ], [ 18.9943013, 69.634359 ], [ 18.9943704, 69.6343547 ], [ 18.994435, 69.634346500000021 ], [ 18.9945093, 69.634344899999988 ], [ 18.9945715, 69.634337300000013 ], [ 18.9946276, 69.63433 ], [ 18.9946623, 69.6343115 ], [ 18.9947119, 69.634295499999979 ] ] } },
{ "type": "Feature", "properties": { "id": "20260912_200", "note": "", "gps_accuracy": 3.1159999370575, "created_at": "2026-09-12T14:27:46.757Z", "photo_url": null }, "geometry": { "type": "LineString", "coordinates": [ [ 18.994251, 69.6343986 ], [ 18.9941985, 69.6344022 ], [ 18.9941473, 69.6344056 ], [ 18.9940968, 69.634415 ], [ 18.9940361, 69.6344308 ], [ 18.9939969, 69.6344431 ] ] } },
{ "type": "Feature", "properties": { "id": "20260912_197", "note": "", "gps_accuracy": 3.0, "created_at": "2026-09-12T14:25:14.224Z", "photo_url": null }, "geometry": { "type": "LineString", "coordinates": [ [ 18.9940542, 69.6335494 ], [ 18.9940381, 69.633527 ], [ 18.9940061, 69.6335044 ], [ 18.9939538, 69.6334848 ], [ 18.9939173, 69.6334679 ], [ 18.9938833, 69.63345080000002 ], [ 18.993831, 69.6334341 ], [ 18.9937767, 69.6334256 ] ] } },
{ "type": "Feature", "properties": { "id": "20260912_196", "note": "", "gps_accuracy": 3.01300001144409, "created_at": "2026-09-12T14:24:21.157Z", "photo_url": null }, "geometry": { "type": "LineString", "coordinates": [ [ 18.9934764, 69.6329181 ], [ 18.9934715, 69.6329406 ], [ 18.9935084, 69.6329572 ], [ 18.9935423, 69.6329716 ], [ 18.9935751, 69.6329869 ], [ 18.9936021, 69.6330098 ], [ 18.9936421, 69.6330295 ], [ 18.9936739, 69.6330448 ], [ 18.9937168, 69.6330639 ], [ 18.9937542, 69.6330787 ], [ 18.9937942, 69.6330977 ], [ 18.9938356, 69.6331188 ], [ 18.9938817, 69.6331439 ], [ 18.9939007, 69.6331632 ], [ 18.9939289, 69.633185199999986 ], [ 18.9939444, 69.6332071 ], [ 18.9939674, 69.6332239 ], [ 18.9939673, 69.633243899999982 ], [ 18.9939959, 69.6332621 ], [ 18.9939981, 69.633287 ], [ 18.993993, 69.6333087 ] ] } },
{ "type": "Feature", "properties": { "id": "20260912_195", "note": "", "gps_accuracy": 3.0, "created_at": "2026-09-12T14:23:09.809Z", "photo_url": null }, "geometry": { "type": "LineString", "coordinates": [ [ 18.9989607, 69.6328536 ], [ 18.998904, 69.6328593 ], [ 18.9988343, 69.632861199999979 ], [ 18.9987637, 69.632850499999975 ], [ 18.9987027, 69.632841299999981 ], [ 18.9986384, 69.63283730000002 ], [ 18.9985742, 69.6328384 ], [ 18.9985161, 69.6328446 ], [ 18.998469, 69.632853899999986 ] ] } },
{ "type": "Feature", "properties": { "id": "20260912_194", "note": "", "gps_accuracy": 3.0, "created_at": "2026-09-12T14:22:51.158Z", "photo_url": null }, "geometry": { "type": "LineString", "coordinates": [ [ 18.9930274, 69.6324371 ], [ 18.9930915, 69.6324412 ], [ 18.9931409, 69.63244880000002 ], [ 18.9932018, 69.6324573 ], [ 18.9932538, 69.6324699 ], [ 18.9933165, 69.6324821 ], [ 18.9933775, 69.632486 ], [ 18.9934337, 69.632491400000021 ], [ 18.9934616, 69.632513099999983 ], [ 18.9934732, 69.6325337 ], [ 18.9934879, 69.632555 ], [ 18.9934974, 69.6325757 ], [ 18.9935081, 69.632596399999983 ] ] } },
{ "type": "Feature", "properties": { "id": "20260912_193", "note": "", "gps_accuracy": 3.0139999389648402, "created_at": "2026-09-12T14:21:01.747Z", "photo_url": null }, "geometry": { "type": "LineString", "coordinates": [ [ 18.9923075, 69.632400100000012 ], [ 18.99235, 69.6324117 ], [ 18.992417, 69.632419 ], [ 18.9924665, 69.632425499999982 ], [ 18.9925328, 69.632423099999983 ], [ 18.9925888, 69.632416 ], [ 18.9926582, 69.6324169 ], [ 18.9927083, 69.6324258 ] ] } },
{ "type": "Feature", "properties": { "id": "20260912_192", "note": "", "gps_accuracy": 3.0, "created_at": "2026-09-12T14:20:50.212Z", "photo_url": null }, "geometry": { "type": "LineString", "coordinates": [ [ 18.9993072, 69.6329409 ], [ 18.9993636, 69.6329364 ], [ 18.999417, 69.632942400000019 ], [ 18.9994761, 69.632934300000016 ], [ 18.9995295, 69.6329267 ], [ 18.9995815, 69.6329278 ], [ 18.9996373, 69.6329287 ], [ 18.9996928, 69.632929800000014 ], [ 18.9997497, 69.632933699999981 ], [ 18.9998008, 69.6329438 ], [ 18.9998456, 69.632958 ], [ 18.9998961, 69.6329766 ], [ 18.9999346, 69.63299 ], [ 18.999974, 69.6330039 ] ] } },
{ "type": "Feature", "properties": { "id": "20260912_191", "note": "", "gps_accuracy": 3.0, "created_at": "2026-09-12T14:19:49.536Z", "photo_url": null }, "geometry": { "type": "LineString", "coordinates": [ [ 18.9926639, 69.632323299999982 ], [ 18.9926342, 69.6323408 ], [ 18.9926196, 69.6323661 ], [ 18.9926091, 69.6323855 ] ] } },
{ "type": "Feature", "properties": { "id": "20260912_188", "note": "", "gps_accuracy": 3.0139999389648402, "created_at": "2026-09-12T14:16:11.341Z", "photo_url": null }, "geometry": { "type": "LineString", "coordinates": [ [ 18.9916575, 69.6311027 ], [ 18.9916791, 69.6311201 ], [ 18.9917203, 69.6311327 ], [ 18.9917612, 69.6311447 ], [ 18.9917913, 69.6311623 ], [ 18.9918416, 69.631176299999979 ], [ 18.9918818, 69.63119559999997 ], [ 18.9918954, 69.6312156 ], [ 18.9918587, 69.6312297 ], [ 18.9918244, 69.6312496 ], [ 18.9917969, 69.6312654 ], [ 18.9917664, 69.6312805 ], [ 18.9917453, 69.6312974 ], [ 18.9917181, 69.6313156 ], [ 18.9916926, 69.6313327 ], [ 18.9917001, 69.6313567 ], [ 18.9916872, 69.631386 ], [ 18.9916681, 69.6314039 ], [ 18.9916465, 69.6314235 ], [ 18.9916252, 69.63144 ], [ 18.9915858, 69.631456 ], [ 18.9915494, 69.6314762 ], [ 18.9915192, 69.631496400000017 ] ] } },
{ "type": "Feature", "properties": { "id": "20260912_180", "note": "", "gps_accuracy": 48.0, "created_at": "2026-09-12T14:07:46.094Z", "photo_url": null }, "geometry": { "type": "LineString", "coordinates": [ [ 18.985077354451668, 69.626540175066211 ], [ 18.985139108783713, 69.626536280908198 ], [ 18.985143732080264, 69.626557395469831 ], [ 18.985129111601864, 69.626577790959871 ], [ 18.985105158745018, 69.626601690605582 ], [ 18.985119904125639, 69.626621762440493 ], [ 18.985105988396196, 69.626644269103878 ], [ 18.985149152020618, 69.626660325488132 ], [ 18.985166121707927, 69.626685850948178 ], [ 18.985191098967, 69.626710772556123 ], [ 18.985205060864867, 69.626733913471611 ], [ 18.985196801024905, 69.62676015352983 ], [ 18.98520080337325, 69.626787729567823 ], [ 18.985213783405513, 69.626813387425187 ], [ 18.985432056724672, 69.627250945552959 ], [ 18.985405822998111, 69.627234801373902 ], [ 18.985270217054488, 69.627189557185574 ], [ 18.985223678391232, 69.627153524568925 ], [ 18.985232480737466, 69.627174533742973 ], [ 18.985291246357292, 69.627186270720813 ], [ 18.98546164845828, 69.627172757700464 ], [ 18.985431516456753, 69.627191771286746 ], [ 18.985402527390519, 69.627212905527799 ], [ 18.985349643578619, 69.62721775030144 ], [ 18.985315668874886, 69.62723554300203 ], [ 18.985286735098768, 69.627255727312331 ], [ 18.985279777835093, 69.627274733931387 ], [ 18.985290342931339, 69.627298979067163 ], [ 18.985253610928265, 69.627323725358437 ], [ 18.985250728089227, 69.627350353853956 ], [ 18.98529358957617, 69.627379607461322 ], [ 18.985314324934102, 69.62739975609432 ], [ 18.985358545386667, 69.627415435777337 ], [ 18.985359812770458, 69.627435551565782 ], [ 18.985364595153875, 69.627464740672494 ], [ 18.985390912455465, 69.627485511154589 ], [ 18.985340750579876, 69.627554306327625 ], [ 18.985287412334117, 69.627748048145008 ], [ 18.985237089960389, 69.627720196617062 ], [ 18.98522538853635, 69.627773900196757 ], [ 18.985157602751617, 69.627774199026916 ], [ 18.985135738637233, 69.627756747133944 ], [ 18.985164457610608, 69.627737954830565 ], [ 18.985139393112689, 69.627765478963482 ], [ 18.985120530731788, 69.627794860372788 ], [ 18.985129085395418, 69.627817708148513 ], [ 18.985106015545668, 69.627837882842158 ], [ 18.985075718023438, 69.62786729893088 ], [ 18.985035399147961, 69.627898373719646 ], [ 18.985061384093324, 69.627841274554157 ], [ 18.985191614603277, 69.62787485669071 ], [ 18.985186585327266, 69.627856369052822 ], [ 18.985259633459233, 69.627834867806726 ], [ 18.985197390622737, 69.627837642708926 ], [ 18.985227713214364, 69.627816082590456 ], [ 18.985263150387738, 69.62783916871993 ], [ 18.985274358130059, 69.627861759499112 ], [ 18.985309831951803, 69.627881081638904 ], [ 18.985333217812059, 69.627900862743473 ], [ 18.985366762094049, 69.627917509841424 ], [ 18.985411895032509, 69.627938872204965 ], [ 18.985474583351419, 69.627955472779362 ], [ 18.985704271089539, 69.62854810839427 ] ] } },
{ "type": "Feature", "properties": { "id": "20260912_179", "note": "", "gps_accuracy": 3.0, "created_at": "2026-09-12T14:05:59.968Z", "photo_url": null }, "geometry": { "type": "LineString", "coordinates": [ [ 18.9853909, 69.6272616 ], [ 18.9854529, 69.6272812 ], [ 18.9854479, 69.6272995 ], [ 18.9854413, 69.6273226 ], [ 18.9854431, 69.6273423 ], [ 18.985455, 69.6273653 ], [ 18.9854893, 69.627386299999984 ], [ 18.9855088, 69.6274056 ], [ 18.9855172, 69.6274273 ], [ 18.9855357, 69.6274453 ], [ 18.9855625, 69.6274621 ], [ 18.9855825, 69.6274844 ], [ 18.9855879, 69.6275024 ], [ 18.9855935, 69.627522299999981 ], [ 18.9855967, 69.6275453 ], [ 18.9855846, 69.6275693 ] ] } },
{ "type": "Feature", "properties": { "id": "20260912_177", "note": "It looks like a wet trail", "gps_accuracy": 3.0, "created_at": "2026-09-12T14:04:30.320Z", "photo_url": "https://oehndpyzeoywfypqtsjs.supabase.co/storage/v1/object/public/observation-photos/177/1789221868907.jpg" }, "geometry": { "type": "LineString", "coordinates": [ [ 18.9929018, 69.6266108 ], [ 18.9928641, 69.626633199999972 ], [ 18.9928359, 69.6266494 ], [ 18.9928002, 69.626664199999979 ], [ 18.9927573, 69.6266754 ], [ 18.9927186, 69.6266973 ], [ 18.9926565, 69.6267048 ], [ 18.9926012, 69.6267214 ], [ 18.9925554, 69.62673479999998 ], [ 18.9925178, 69.6267498 ], [ 18.9924624, 69.6267561 ], [ 18.9924079, 69.6267576 ], [ 18.9923719, 69.6267709 ], [ 18.9921659, 69.6269574 ], [ 18.9921048, 69.6269592 ], [ 18.9920263, 69.6269527 ], [ 18.9919683, 69.6269495 ], [ 18.9919074, 69.626954 ], [ 18.9918301, 69.626949400000015 ], [ 18.9917758, 69.62695 ], [ 18.9917176, 69.6269563 ], [ 18.9916744, 69.626967099999987 ], [ 18.9916331, 69.626979 ], [ 18.991617, 69.627001499999977 ], [ 18.9916259, 69.6270199 ], [ 18.9916237, 69.6270395 ], [ 18.9916252, 69.6270654 ], [ 18.9916361, 69.6270851 ], [ 18.9916457, 69.627102900000011 ], [ 18.9916579, 69.627121 ], [ 18.9916592, 69.6271443 ], [ 18.9916145, 69.6271603 ], [ 18.9916375, 69.6271781 ], [ 18.9916678, 69.627193 ], [ 18.9916682, 69.6272132 ], [ 18.9916703, 69.6272315 ], [ 18.9916698, 69.6272513 ], [ 18.991654, 69.6272693 ], [ 18.9915987, 69.6272817 ], [ 18.9915455, 69.627296799999982 ], [ 18.9915205, 69.6273139 ], [ 18.9914953, 69.6273336 ], [ 18.9914196, 69.627335699999989 ], [ 18.9913562, 69.627341 ], [ 18.9913191, 69.627354899999986 ], [ 18.9912745, 69.6273713 ], [ 18.9912996, 69.6273903 ], [ 18.991271, 69.6274087 ], [ 18.9912373, 69.627424099999985 ], [ 18.9911841, 69.6274359 ], [ 18.9911767, 69.6274545 ], [ 18.9911581, 69.627474399999983 ], [ 18.9911231, 69.6274946 ], [ 18.991127, 69.6275155 ], [ 18.9911294, 69.6275362 ], [ 18.9910997, 69.627507 ], [ 18.991007, 69.6275911 ], [ 18.9910702, 69.6275974 ], [ 18.9911219, 69.627603 ], [ 18.9910871, 69.6276326 ], [ 18.9910509, 69.627647499999981 ], [ 18.9910372, 69.627673 ], [ 18.9910295, 69.6276924 ], [ 18.9909779, 69.6277098 ], [ 18.9909384, 69.6277233 ], [ 18.9909111, 69.6277396 ], [ 18.9908898, 69.627756199999979 ], [ 18.9908966, 69.62778 ], [ 18.9908761, 69.6277968 ], [ 18.99084, 69.62781 ], [ 18.9908007, 69.6278234 ], [ 18.990741, 69.6278364 ], [ 18.9906915, 69.627844399999987 ], [ 18.9906441, 69.627855 ], [ 18.9906239, 69.627874100000014 ], [ 18.9906022, 69.627892799999984 ], [ 18.9905811, 69.6279102 ], [ 18.9905759, 69.627929199999983 ], [ 18.9905416, 69.627945 ] ] } },
{ "type": "Feature", "properties": { "id": "20260912_174", "note": "", "gps_accuracy": 3.0, "created_at": "2026-09-12T14:02:19.541Z", "photo_url": null }, "geometry": { "type": "LineString", "coordinates": [ [ 19.0011675, 69.6279422 ], [ 19.0012258, 69.6279506 ], [ 19.0012591, 69.6279682 ], [ 19.0012565, 69.6279893 ], [ 19.0012214, 69.628003799999988 ], [ 19.0011741, 69.6280167 ], [ 19.0011151, 69.6280255 ], [ 19.0010545, 69.628025099999988 ], [ 19.001004, 69.6280293 ], [ 19.0009802, 69.6280496 ], [ 19.0009812, 69.6280693 ], [ 19.001035, 69.6280832 ], [ 19.0010888, 69.628094 ], [ 19.001127, 69.62811 ], [ 19.0011298, 69.6281281 ], [ 19.0011108, 69.628146 ], [ 19.0011171, 69.628169199999988 ], [ 19.0010763, 69.628185799999983 ], [ 19.0010205, 69.6281967 ], [ 19.0009871, 69.6282123 ], [ 19.00095, 69.6282267 ], [ 19.0008975, 69.6282332 ], [ 19.0008762, 69.628250599999987 ], [ 19.0008884, 69.6282708 ], [ 19.0008992, 69.6282893 ], [ 19.0008959, 69.628308 ], [ 19.0008443, 69.6283172 ], [ 19.0007868, 69.6283203 ], [ 19.0007249, 69.628318 ], [ 19.000655, 69.6283183 ], [ 19.0005985, 69.62831749999998 ], [ 19.000539, 69.6283154 ], [ 19.0004492, 69.6283157 ], [ 19.0003718, 69.62832090000002 ], [ 19.000314, 69.628324599999985 ] ] } },
{ "type": "Feature", "properties": { "id": "20260912_173", "note": "", "gps_accuracy": 3.0, "created_at": "2026-09-12T14:01:43.461Z", "photo_url": null }, "geometry": { "type": "LineString", "coordinates": [ [ 18.990055, 69.625186900000017 ], [ 18.9900872, 69.6252038 ], [ 18.9900986, 69.6252281 ], [ 18.9900935, 69.6252464 ], [ 18.9901179, 69.6252661 ], [ 18.990173, 69.6252822 ], [ 18.9902143, 69.625301800000017 ], [ 18.9902441, 69.6253216 ], [ 18.9902625, 69.6253436 ], [ 18.9902495, 69.6253686 ], [ 18.9902413, 69.6253897 ], [ 18.9902545, 69.6254152 ], [ 18.9902572, 69.6254388 ], [ 18.9902429, 69.6254597 ], [ 18.9902378, 69.6254877 ], [ 18.990219, 69.625506799999982 ], [ 18.990192, 69.6255261 ], [ 18.9901883, 69.6255477 ], [ 18.990206, 69.6255706 ], [ 18.9902005, 69.6255963 ], [ 18.9902027, 69.6256178 ], [ 18.9901964, 69.6256457 ], [ 18.9901967, 69.625667599999986 ], [ 18.9902081, 69.6256859 ], [ 18.9902068, 69.6257057 ], [ 18.9902082, 69.6257264 ], [ 18.9902272, 69.6257454 ], [ 18.9902304, 69.6257639 ], [ 18.9902407, 69.6257913 ], [ 18.9902284, 69.625813 ] ] } },
{ "type": "Feature", "properties": { "id": "20260912_172", "note": "", "gps_accuracy": 4.1674344167346602, "created_at": "2026-09-12T14:01:22.634Z", "photo_url": null }, "geometry": { "type": "LineString", "coordinates": [ [ 18.990148220087896, 69.625268094212572 ], [ 18.990100918582126, 69.625283313745683 ], [ 18.990032315953844, 69.625292237960366 ], [ 18.98996407528222, 69.625294465562135 ], [ 18.989902206719727, 69.625294212342141 ], [ 18.989847644183918, 69.625295279822367 ], [ 18.989791683136321, 69.625295445369417 ], [ 18.989730500235893, 69.625292331406953 ] ] } },
{ "type": "Feature", "properties": { "id": "20260912_170", "note": "", "gps_accuracy": 3.0, "created_at": "2026-09-12T14:00:30.604Z", "photo_url": null }, "geometry": { "type": "LineString", "coordinates": [ [ 18.9934721, 69.6264448 ], [ 18.9935099, 69.62643 ], [ 18.9935651, 69.6264331 ], [ 18.9936394, 69.62644250000001 ], [ 18.993685, 69.626454599999988 ], [ 18.9937333, 69.626467799999986 ], [ 18.9937807, 69.626478 ], [ 18.9938359, 69.626485 ], [ 18.9938881, 69.6264935 ], [ 18.9939349, 69.626510599999989 ], [ 18.9939768, 69.626522799999989 ], [ 18.9940342, 69.626535599999983 ], [ 18.9940949, 69.6265496 ], [ 18.9941349, 69.6265613 ], [ 18.994169, 69.6265841 ], [ 18.9941821, 69.6266036 ], [ 18.994215, 69.626619 ], [ 18.9942756, 69.626630700000021 ], [ 18.9943365, 69.6266396 ], [ 18.9943907, 69.626640699999982 ], [ 18.9944073, 69.62667 ], [ 18.9944014, 69.626688200000018 ], [ 18.9944091, 69.6267063 ], [ 18.9944257, 69.6267284 ], [ 18.9944531, 69.6267439 ], [ 18.994509, 69.626758699999968 ], [ 18.9945592, 69.6267704 ], [ 18.9945929, 69.6267924 ], [ 18.9946092, 69.6268125 ], [ 18.9946515, 69.6268312 ], [ 18.9946813, 69.6268501 ], [ 18.9947253, 69.6268639 ], [ 18.9947618, 69.6268782 ], [ 18.9948024, 69.6268918 ], [ 18.9948448, 69.6269059 ], [ 18.9948824, 69.626924399999979 ] ] } },
{ "type": "Feature", "properties": { "id": "20260912_168", "note": "", "gps_accuracy": 3.0, "created_at": "2026-09-12T13:58:58.581Z", "photo_url": null }, "geometry": { "type": "LineString", "coordinates": [ [ 18.9914433, 69.624547 ], [ 18.9913852, 69.6245443 ], [ 18.9913734, 69.6245639 ], [ 18.9913249, 69.624572199999989 ], [ 18.9912731, 69.62457040000001 ], [ 18.9912182, 69.6245717 ], [ 18.991163, 69.62458 ], [ 18.9911201, 69.6245959 ], [ 18.9910732, 69.6246113 ], [ 18.9910414, 69.6246284 ], [ 18.9909855, 69.6246394 ], [ 18.9909506, 69.6246551 ], [ 18.990933, 69.624677 ], [ 18.9906922, 69.624941300000017 ], [ 18.9906799, 69.624959 ], [ 18.9906634, 69.624981100000014 ], [ 18.9906818, 69.62499870000002 ], [ 18.9906739, 69.6250202 ], [ 18.9906851, 69.6250424 ], [ 18.9906627, 69.6250657 ], [ 18.9906666, 69.6250855 ], [ 18.9906683, 69.6251043 ], [ 18.9906947, 69.625124 ], [ 18.9907112, 69.6251457 ], [ 18.9907251, 69.6251736 ] ] } },
{ "type": "Feature", "properties": { "id": "20260912_166", "note": "", "gps_accuracy": 2.6863651522280798, "created_at": "2026-09-12T13:57:42.127Z", "photo_url": null }, "geometry": { "type": "LineString", "coordinates": [ [ 18.993404824304388, 69.625818156702081 ], [ 18.993450027668423, 69.625837650976848 ], [ 18.993496189336142, 69.62584995071964 ], [ 18.993539451782414, 69.625868395170002 ], [ 18.993569474437493, 69.625884147815086 ], [ 18.993607012587042, 69.625898977984306 ], [ 18.993646533077815, 69.625914148934328 ], [ 18.99370538488099, 69.625918097740126 ], [ 18.993759970602728, 69.625923541759661 ], [ 18.993885467036932, 69.62592013798438 ], [ 18.993920730444597, 69.625949794491405 ], [ 18.993948642182158, 69.625967689854676 ], [ 18.994021648558782, 69.625993254659349 ], [ 18.994051571953104, 69.626009473641972 ], [ 18.994049727934406, 69.626030721766526 ], [ 18.994040424021886, 69.626049413410598 ], [ 18.994046938287998, 69.626070872084114 ], [ 18.994105873970199, 69.626076729310682 ], [ 18.994170645080718, 69.626076938874249 ], [ 18.994196389316304, 69.626095911874117 ], [ 18.994230647450085, 69.626112522278234 ], [ 18.994235955456851, 69.626135787977347 ], [ 18.994231024359205, 69.626209602684341 ], [ 18.994282912480639, 69.62620095821994 ], [ 18.994291310869549, 69.626227630423969 ], [ 18.994284238605626, 69.626249705698129 ], [ 18.994247243615913, 69.626275430731241 ], [ 18.994219112361069, 69.626290653496767 ], [ 18.994235663051246, 69.626312765250134 ], [ 18.99425655745776, 69.62633570641745 ], [ 18.994290706944675, 69.626358144212048 ], [ 18.99427821558508, 69.62637617208982 ], [ 18.994277254075307, 69.626394564281469 ], [ 18.994305562965316, 69.626414593736541 ], [ 18.994309422616823, 69.626436420088851 ], [ 18.994280392252946, 69.626453488024595 ], [ 18.994264396856043, 69.626476037488956 ], [ 18.99431899680296, 69.626494039187008 ], [ 18.994293244753205, 69.626511753923722 ], [ 18.994284384789701, 69.62653665492185 ], [ 18.99430188217363, 69.626565468018214 ], [ 18.9943172288983, 69.626584904791301 ], [ 18.9943357432056, 69.626604253764498 ], [ 18.99433905984473, 69.626632314961057 ], [ 18.994335557182442, 69.626662692158931 ], [ 18.994295147251577, 69.626676122256171 ] ] } },
{ "type": "Feature", "properties": { "id": "20260912_164", "note": "", "gps_accuracy": 3.0, "created_at": "2026-09-12T13:56:23.311Z", "photo_url": null }, "geometry": { "type": "LineString", "coordinates": [ [ 18.9930791, 69.6259244 ], [ 18.9930298, 69.6259311 ], [ 18.9929755, 69.6259332 ], [ 18.9929281, 69.6259467 ], [ 18.9928794, 69.6259566 ], [ 18.9928791, 69.625978 ], [ 18.9929109, 69.6259983 ], [ 18.9929371, 69.6260199 ], [ 18.9929813, 69.6260407 ], [ 18.9930192, 69.6260532 ], [ 18.9930532, 69.6260676 ], [ 18.9930495, 69.6260876 ], [ 18.9930264, 69.62610549999998 ], [ 18.9930574, 69.6261307 ], [ 18.9930894, 69.6261474 ], [ 18.9931036, 69.6261654 ], [ 18.9931425, 69.6261849 ], [ 18.9931388, 69.6262065 ], [ 18.9931036, 69.626227799999981 ], [ 18.9931223, 69.626248799999985 ], [ 18.9931627, 69.626262299999979 ], [ 18.9932225, 69.6262762 ], [ 18.9932747, 69.6262874 ], [ 18.9933275, 69.6263007 ] ] } },
{ "type": "Feature", "properties": { "id": "20260912_162", "note": "", "gps_accuracy": 3.0, "created_at": "2026-09-12T13:54:06.835Z", "photo_url": null }, "geometry": { "type": "LineString", "coordinates": [ [ 18.9934113, 69.624942599999983 ], [ 18.9934529, 69.624957400000014 ], [ 18.9934081, 69.6249444 ], [ 18.9933658, 69.6249301 ], [ 18.9932946, 69.624909200000019 ], [ 18.9932615, 69.6248942 ], [ 18.9932225, 69.6248798 ], [ 18.9931914, 69.6248637 ], [ 18.993128, 69.62485580000002 ], [ 18.9930848, 69.6248368 ], [ 18.9930545, 69.6248218 ] ] } },
{ "type": "Feature", "properties": { "id": "20260912_158", "note": "", "gps_accuracy": 2.5164669202977099, "created_at": "2026-09-12T13:52:33.998Z", "photo_url": null }, "geometry": { "type": "LineString", "coordinates": [ [ 18.993653431552456, 69.624845436839223 ], [ 18.993639266136093, 69.624824021076634 ], [ 18.993926764702397, 69.624775501600652 ], [ 18.993600342936222, 69.6250127021314 ], [ 18.9935970396089, 69.625032916453691 ], [ 18.993593590037463, 69.625053543895447 ], [ 18.993626124469436, 69.625070065614651 ], [ 18.993654346351246, 69.625092706999709 ], [ 18.993677891776237, 69.625109305822406 ], [ 18.993704015800208, 69.625131562068788 ], [ 18.993720496990825, 69.625154419723572 ], [ 18.993750475432055, 69.625179287883739 ], [ 18.993776963620483, 69.625201471493483 ], [ 18.993815678093213, 69.625221574428238 ], [ 18.99385321261202, 69.625234754724417 ], [ 18.993885830151935, 69.6252571591031 ], [ 18.993914830822305, 69.625278727136234 ], [ 18.993963924001367, 69.625297622527199 ], [ 18.993982733616345, 69.625319728258063 ], [ 18.993999601042336, 69.625343477480996 ] ] } },
{ "type": "Feature", "properties": { "id": "20260912_157", "note": "", "gps_accuracy": 3.0060000419616699, "created_at": "2026-09-12T13:51:04.233Z", "photo_url": null }, "geometry": { "type": "LineString", "coordinates": [ [ 18.9938296, 69.624686199999985 ], [ 18.9938637, 69.6247002 ], [ 18.9938616, 69.6247203 ], [ 18.9938814, 69.6247441 ], [ 18.9938819, 69.6247747 ], [ 18.9938991, 69.6247965 ], [ 18.9939088, 69.6248203 ], [ 18.9939152, 69.624839399999985 ], [ 18.9939234, 69.6248622 ], [ 18.9939324, 69.624880399999981 ], [ 18.9939382, 69.624900899999986 ], [ 18.993959, 69.624919 ], [ 18.9939082, 69.624923699999982 ], [ 18.9938556, 69.6249245 ], [ 18.9938038, 69.6249315 ], [ 18.9937499, 69.6249348 ], [ 18.9936917, 69.624919400000024 ], [ 18.9936411, 69.6249112 ] ] } },
{ "type": "Feature", "properties": { "id": "20260912_156", "note": "", "gps_accuracy": 3.0009999275207502, "created_at": "2026-09-12T13:50:36.638Z", "photo_url": null }, "geometry": { "type": "LineString", "coordinates": [ [ 18.9944677, 69.6246585 ], [ 18.9944806, 69.6246813 ], [ 18.994511, 69.62469729999998 ], [ 18.9945193, 69.624716899999981 ], [ 18.9945061, 69.624737199999984 ], [ 18.9945184, 69.6247562 ], [ 18.9944669, 69.624762 ], [ 18.9944535, 69.6247859 ], [ 18.9944803, 69.6248029 ], [ 18.9945163, 69.6248224 ], [ 18.9945284, 69.624841099999983 ], [ 18.9945271, 69.6248599 ], [ 18.9945329, 69.624878099999989 ], [ 18.9945185, 69.62489690000001 ], [ 18.9945058, 69.6249176 ], [ 18.9945013, 69.624938799999981 ], [ 18.9944997, 69.624961 ], [ 18.9944944, 69.6249805 ], [ 18.9944818, 69.624999200000019 ], [ 18.99452, 69.625014199999981 ], [ 18.9945547, 69.6250333 ], [ 18.9945759, 69.625051499999984 ], [ 18.9945996, 69.6250711 ], [ 18.9946192, 69.6250901 ], [ 18.9946109, 69.6251094 ], [ 18.9946088, 69.6251297 ], [ 18.9946013, 69.625155699999979 ], [ 18.9945498, 69.625151 ], [ 18.9945108, 69.6251391 ], [ 18.994463, 69.625147400000017 ], [ 18.994421, 69.6251582 ], [ 18.9943746, 69.625172 ], [ 18.99433, 69.625182599999988 ], [ 18.9942716, 69.6251859 ], [ 18.994214, 69.6251771 ], [ 18.994183, 69.625192 ], [ 18.994188, 69.62521959999998 ], [ 18.9941559, 69.6252359 ], [ 18.9940913, 69.6252422 ], [ 18.9940491, 69.6252534 ], [ 18.9940337, 69.6252721 ], [ 18.9940324, 69.6252906 ], [ 18.9940257, 69.625311899999986 ], [ 18.9940206, 69.6253298 ] ] } },
{ "type": "Feature", "properties": { "id": "20260912_155", "note": "", "gps_accuracy": 3.0, "created_at": "2026-09-12T13:49:14.778Z", "photo_url": null }, "geometry": { "type": "LineString", "coordinates": [ [ 18.9945958, 69.624774 ], [ 18.9946119, 69.6247937 ], [ 18.9946364, 69.624817 ], [ 18.9946238, 69.6248429 ], [ 18.9945804, 69.6248586 ], [ 18.9945536, 69.6248761 ], [ 18.9945359, 69.624897600000011 ], [ 18.9945594, 69.6249183 ], [ 18.9945625, 69.6249367 ], [ 18.9945472, 69.624955499999984 ] ] } },
{ "type": "Feature", "properties": { "id": "20260912_154", "note": "", "gps_accuracy": 3.0, "created_at": "2026-09-12T13:48:46.294Z", "photo_url": null }, "geometry": { "type": "LineString", "coordinates": [ [ 18.9944303, 69.6246462 ], [ 18.9944424, 69.6246249 ], [ 18.9943887, 69.624634799999981 ], [ 18.9943499, 69.624654 ], [ 18.9943176, 69.624670800000018 ], [ 18.994285, 69.6246909 ], [ 18.9942556, 69.624706900000021 ], [ 18.9942443, 69.624728599999983 ], [ 18.9941977, 69.6247385 ], [ 18.9941465, 69.624732400000013 ], [ 18.9941013, 69.6247433 ], [ 18.9940939, 69.6247247 ], [ 18.994028, 69.6247303 ], [ 18.9939594, 69.6247318 ], [ 18.993896, 69.6247344 ], [ 18.9938371, 69.624729 ], [ 18.9937662, 69.624733100000014 ] ] } },
{ "type": "Feature", "properties": { "id": "20260912_152", "note": "", "gps_accuracy": 3.0150001049041699, "created_at": "2026-09-12T13:46:51.871Z", "photo_url": null }, "geometry": { "type": "LineString", "coordinates": [ [ 18.9956489, 69.6242582 ], [ 18.9956067, 69.6242747 ], [ 18.9955631, 69.6242861 ], [ 18.9955259, 69.6243006 ], [ 18.9954991, 69.6243192 ], [ 18.9954797, 69.6243373 ], [ 18.9954191, 69.6243509 ], [ 18.9953595, 69.6243576 ], [ 18.9953073, 69.6243548 ], [ 18.9952538, 69.6243568 ], [ 18.9951942, 69.6243587 ], [ 18.9951384, 69.6243631 ], [ 18.9950844, 69.6243689 ], [ 18.9950344, 69.6243763 ], [ 18.9949976, 69.6243941 ], [ 18.9949682, 69.6244094 ], [ 18.9949161, 69.6244255 ], [ 18.9948764, 69.6244419 ], [ 18.9948309, 69.6244505 ], [ 18.9947757, 69.624457 ], [ 18.9947261, 69.6244686 ], [ 18.9946836, 69.6244845 ], [ 18.9946468, 69.6245059 ] ] } },
{ "type": "Feature", "properties": { "id": "20260912_145", "note": "Many parallel paths", "gps_accuracy": 3.8059999942779501, "created_at": "2026-09-12T13:16:07.808Z", "photo_url": "https://oehndpyzeoywfypqtsjs.supabase.co/storage/v1/object/public/observation-photos/145/1789218968357.jpg" }, "geometry": { "type": "LineString", "coordinates": [ [ 18.9970744, 69.6254868 ], [ 18.9970125, 69.6254956 ], [ 18.9969611, 69.6254851 ], [ 18.9969185, 69.6254663 ], [ 18.9968737, 69.6254493 ], [ 18.9968231, 69.6254377 ], [ 18.9967741, 69.6254188 ], [ 18.9967629, 69.6253968 ], [ 18.9967469, 69.6253775 ], [ 18.9967281, 69.62536 ], [ 18.9966967, 69.625341799999987 ], [ 18.996677, 69.625324399999982 ], [ 18.9967291, 69.6253233 ] ] } },
{ "type": "Feature", "properties": { "id": "20260912_144", "note": "", "gps_accuracy": 3.00399994850159, "created_at": "2026-09-12T13:15:51.338Z", "photo_url": null }, "geometry": { "type": "LineString", "coordinates": [ [ 18.9974387, 69.6252076 ], [ 18.9974548, 69.625183 ], [ 18.9974483, 69.6251649 ], [ 18.9974614, 69.6251439 ], [ 18.9974339, 69.625125200000014 ], [ 18.9973781, 69.6251137 ], [ 18.9973278, 69.6251024 ] ] } },
{ "type": "Feature", "properties": { "id": "20260912_143", "note": "", "gps_accuracy": 3.0, "created_at": "2026-09-12T13:14:33.676Z", "photo_url": null }, "geometry": { "type": "LineString", "coordinates": [ [ 18.9974715, 69.625412199999985 ], [ 18.9974433, 69.6253911 ], [ 18.9974219, 69.6253703 ], [ 18.9974404, 69.6253528 ], [ 18.997455, 69.6253337 ], [ 18.9974929, 69.62531989999998 ], [ 18.9975187, 69.6253034 ], [ 18.9975103, 69.6252848 ], [ 18.9975187, 69.625264 ], [ 18.9974856, 69.6252485 ], [ 18.9974489, 69.625233499999979 ], [ 18.99741, 69.625221 ] ] } },
{ "type": "Feature", "properties": { "id": "20260912_142", "note": "", "gps_accuracy": 3.2979842257618399, "created_at": "2026-09-12T13:10:13.269Z", "photo_url": null }, "geometry": { "type": "LineString", "coordinates": [ [ 18.998490152400123, 69.62589747199641 ], [ 18.998537662184027, 69.625889849006768 ], [ 18.998573091110309, 69.625871901019508 ], [ 18.99857616004596, 69.625853800272026 ], [ 18.998638472698698, 69.625852771066079 ], [ 18.998667783676545, 69.625836842243814 ], [ 18.998713130297713, 69.625817542529731 ] ] } },
{ "type": "Feature", "properties": { "id": "20260912_141", "note": "", "gps_accuracy": 2.2943700250767001, "created_at": "2026-09-12T13:09:33.679Z", "photo_url": null }, "geometry": { "type": "LineString", "coordinates": [ [ 18.999115622970809, 69.62608684249922 ], [ 18.999060515066034, 69.626077647308577 ], [ 18.999012319445654, 69.626066267344356 ], [ 18.998956167658349, 69.626047269850758 ], [ 18.998874425962875, 69.626039619864031 ], [ 18.998855637338742, 69.626021983816997 ], [ 18.998816959641424, 69.626003301785587 ], [ 18.998756288731713, 69.62598951898984 ], [ 18.998691582385995, 69.625974826925756 ], [ 18.998651290508782, 69.625958631785707 ], [ 18.998638479386603, 69.625936855922632 ], [ 18.998582715291402, 69.625925910273764 ], [ 18.998530662170758, 69.625916472851415 ], [ 18.998473017845193, 69.625910615326902 ], [ 18.998405141862833, 69.625903699407502 ], [ 18.998338490245239, 69.625899133784912 ], [ 18.998267070201006, 69.62589932419985 ], [ 18.99819944696177, 69.62590281198122 ], [ 18.998141628175564, 69.625904132183891 ], [ 18.998055188812238, 69.625909680609368 ], [ 18.997977109030977, 69.625899733561411 ] ] } },
{ "type": "Feature", "properties": { "id": "20260912_140", "note": "", "gps_accuracy": 3.0, "created_at": "2026-09-12T13:09:28.978Z", "photo_url": null }, "geometry": { "type": "LineString", "coordinates": [ [ 18.9923682, 69.6247723 ], [ 18.9924234, 69.6247678 ], [ 18.9924691, 69.6247549 ], [ 18.9925033, 69.624741 ], [ 18.9925416, 69.6247264 ], [ 18.9926064, 69.6247291 ], [ 18.9926661, 69.6247308 ], [ 18.9927187, 69.6247202 ], [ 18.9927541, 69.624704400000013 ], [ 18.9927915, 69.6246887 ], [ 18.9928372, 69.6246774 ], [ 18.9928929, 69.6246807 ], [ 18.9929459, 69.6246758 ], [ 18.9929991, 69.6246752 ], [ 18.9930288, 69.6246567 ], [ 18.9930466, 69.6246373 ], [ 18.993059, 69.624617200000017 ], [ 18.9930762, 69.6245986 ], [ 18.993126, 69.6245849 ], [ 18.9931788, 69.6245873 ], [ 18.9932329, 69.624585200000013 ], [ 18.9932393, 69.6245671 ], [ 18.993223, 69.624542799999986 ], [ 18.9932065, 69.6245162 ], [ 18.9931922, 69.6244961 ], [ 18.993186, 69.6244724 ], [ 18.9931878, 69.62445390000002 ], [ 18.9931852, 69.62443380000002 ], [ 18.9931819, 69.6244091 ], [ 18.9931757, 69.6243863 ], [ 18.9932105, 69.6243712 ], [ 18.9932177, 69.624351899999979 ], [ 18.9932556, 69.6243389 ], [ 18.9933005, 69.6243282 ], [ 18.993355, 69.6243212 ], [ 18.9934089, 69.6243105 ], [ 18.9933943, 69.6242903 ], [ 18.9933663, 69.6242718 ], [ 18.9933868, 69.6242459 ], [ 18.9934259, 69.6242317 ], [ 18.9934544, 69.624215699999979 ], [ 18.9934934, 69.6242032 ], [ 18.9935432, 69.6242088 ], [ 18.993617, 69.62420250000001 ], [ 18.9936797, 69.6241983 ], [ 18.9937393, 69.6241843 ], [ 18.9937871, 69.624175 ], [ 18.9938282, 69.6241629 ], [ 18.9938811, 69.6241538 ], [ 18.9939332, 69.624148299999987 ], [ 18.993995, 69.6241529 ], [ 18.9940179, 69.6241343 ], [ 18.9940672, 69.624128099999979 ], [ 18.9941347, 69.6241317 ], [ 18.9941866, 69.624134499999982 ], [ 18.994252, 69.6241271 ], [ 18.9943086, 69.624124 ], [ 18.9943613, 69.6241242 ], [ 18.9944438, 69.6241255 ], [ 18.9945034, 69.6241228 ], [ 18.9945609, 69.624123299999965 ], [ 18.9946186, 69.624122199999988 ], [ 18.9946906, 69.624119 ], [ 18.994739, 69.6241111 ], [ 18.9947973, 69.6241066 ], [ 18.9948553, 69.6241031 ], [ 18.9949075, 69.6240911 ], [ 18.9949487, 69.6240801 ], [ 18.9950247, 69.6240727 ], [ 18.9950714, 69.6240623 ], [ 18.9951261, 69.6240506 ], [ 18.9951753, 69.624035399999983 ], [ 18.9952388, 69.6240366 ], [ 18.9952748, 69.6240523 ], [ 18.9953186, 69.6240632 ], [ 18.9953789, 69.6240694 ], [ 18.9954386, 69.624064700000019 ], [ 18.9954838, 69.624055699999985 ], [ 18.9955375, 69.624050199999985 ], [ 18.995583, 69.6240406 ], [ 18.9956394, 69.6240363 ], [ 18.995706, 69.6240343 ], [ 18.9957735, 69.6240269 ], [ 18.9958505, 69.6240277 ], [ 18.9959046, 69.6240318 ], [ 18.9959682, 69.6240287 ], [ 18.996029, 69.6240304 ], [ 18.996083, 69.6240393 ] ] } },
{ "type": "Feature", "properties": { "id": "20260912_138", "note": "", "gps_accuracy": 8.0012082736808807, "created_at": "2026-09-12T13:06:59.162Z", "photo_url": null }, "geometry": { "type": "LineString", "coordinates": [ [ 18.999021685716496, 69.626723159353816 ], [ 18.999034615637665, 69.626703890774394 ], [ 18.99904441958456, 69.626679576435393 ], [ 18.999027572231622, 69.626653566763082 ], [ 18.999054951327462, 69.626635036133564 ], [ 18.999047792332124, 69.626616647614384 ], [ 18.998990347796653, 69.626585015790084 ] ] } },
{ "type": "Feature", "properties": { "id": "20260912_137", "note": "", "gps_accuracy": 3.0, "created_at": "2026-09-12T13:06:55.985Z", "photo_url": null }, "geometry": { "type": "LineString", "coordinates": [ [ 18.9991262, 69.6266807 ], [ 18.9990316, 69.62668170000002 ], [ 18.9989676, 69.6266774 ], [ 18.9989079, 69.6266652 ], [ 18.9989087, 69.626647 ], [ 18.9989403, 69.6266272 ], [ 18.998961, 69.6266089 ], [ 18.9989423, 69.62659 ], [ 18.9989108, 69.6265747 ] ] } },
{ "type": "Feature", "properties": { "id": "20260912_136", "note": "", "gps_accuracy": 3.0099999904632599, "created_at": "2026-09-12T13:06:48.948Z", "photo_url": null }, "geometry": { "type": "LineString", "coordinates": [ [ 18.9991633, 69.6266808 ], [ 18.9991292, 69.6266624 ], [ 18.9990954, 69.6266457 ], [ 18.9990649, 69.6266268 ], [ 18.9990344, 69.6266089 ], [ 18.9990145, 69.626587499999985 ], [ 18.998995, 69.6265696 ], [ 18.9989766, 69.6265523 ], [ 18.9989467, 69.626535700000019 ], [ 18.9988955, 69.6265215 ], [ 18.9988451, 69.6265163 ] ] } },
{ "type": "Feature", "properties": { "id": "20260912_135", "note": "", "gps_accuracy": 3.0, "created_at": "2026-09-12T13:06:48.282Z", "photo_url": null }, "geometry": { "type": "LineString", "coordinates": [ [ 18.9989759, 69.626799500000018 ], [ 18.9989406, 69.626780699999983 ], [ 18.9989139, 69.626762199999988 ], [ 18.9988721, 69.62674509999998 ], [ 18.9988592, 69.6267241 ], [ 18.9988276, 69.626708 ], [ 18.9988065, 69.626691 ], [ 18.998786, 69.6266736 ], [ 18.9987649, 69.626655 ], [ 18.9987911, 69.626634600000017 ], [ 18.9987558, 69.62662 ], [ 18.998738, 69.6266007 ], [ 18.9987328, 69.626578499999979 ], [ 18.9987211, 69.626558 ], [ 18.9986912, 69.6265375 ], [ 18.9986687, 69.6265172 ], [ 18.9986475, 69.6264974 ], [ 18.9986204, 69.6264803 ], [ 18.9986454, 69.6264619 ] ] } },
{ "type": "Feature", "properties": { "id": "20260912_134", "note": "", "gps_accuracy": 3.0, "created_at": "2026-09-12T13:05:44.065Z", "photo_url": null }, "geometry": { "type": "LineString", "coordinates": [ [ 18.9994032, 69.6269012 ], [ 18.999423, 69.6268835 ], [ 18.9994431, 69.6268599 ], [ 18.9994462, 69.6268376 ], [ 18.9994415, 69.6268161 ], [ 18.999427, 69.6267984 ], [ 18.9993779, 69.6267852 ], [ 18.9993292, 69.6267713 ], [ 18.9993129, 69.626753400000013 ], [ 18.9993006, 69.626734899999988 ], [ 18.9992329, 69.626719599999987 ], [ 18.9991826, 69.626711699999987 ], [ 18.9991348, 69.626698799999971 ] ] } },
{ "type": "Feature", "properties": { "id": "20260912_133", "note": "", "gps_accuracy": 2.0735532712712201, "created_at": "2026-09-12T13:05:34.182Z", "photo_url": null }, "geometry": { "type": "LineString", "coordinates": [ [ 19.000168318893365, 69.627101365144824 ], [ 19.000130909522333, 69.627078430785488 ], [ 19.000078593202652, 69.62705506895216 ], [ 19.000044675866199, 69.627037676403788 ], [ 19.000012822877004, 69.627021232164651 ], [ 18.999986966768791, 69.627002984099718 ], [ 18.999943039707976, 69.626979648572899 ], [ 18.999906850595494, 69.626958692831352 ], [ 18.999871142806668, 69.626934938549908 ], [ 18.999851494136418, 69.626911039403964 ], [ 18.999834176661661, 69.626891474757031 ], [ 18.999832543628006, 69.626869661201454 ], [ 18.999792311545871, 69.626851831548151 ], [ 18.999750860099663, 69.626832381277936 ], [ 18.999702518722764, 69.626815427739658 ], [ 18.999674850618124, 69.626799005535588 ], [ 18.99965494176476, 69.626778552521515 ], [ 18.999691335665478, 69.626762532563092 ], [ 18.999756043894003, 69.626750696164564 ], [ 18.999789872754629, 69.626725884685911 ], [ 18.9997999717182, 69.626703628107194 ], [ 18.999818420175025, 69.626681692881874 ], [ 18.9998525676444, 69.626659407601579 ] ] } },
{ "type": "Feature", "properties": { "id": "20260912_131", "note": "", "gps_accuracy": 3.0, "created_at": "2026-09-12T13:04:16.628Z", "photo_url": null }, "geometry": { "type": "LineString", "coordinates": [ [ 18.9997886, 69.6272856 ], [ 18.9998457, 69.6272952 ], [ 18.9998951, 69.6272856 ], [ 18.9999075, 69.6272583 ], [ 18.9998849, 69.6272316 ], [ 18.9998504, 69.6272153 ], [ 18.9998092, 69.62719749999998 ], [ 18.9997626, 69.6271835 ], [ 18.9997042, 69.627173099999979 ], [ 18.9996576, 69.627159 ], [ 18.9996452, 69.627138 ], [ 18.9996347, 69.627116299999983 ], [ 18.9996307, 69.6270957 ], [ 18.9996285, 69.627076400000021 ], [ 18.9996161, 69.6270576 ], [ 18.9995921, 69.6270415 ], [ 18.9996014, 69.6270235 ], [ 18.9995682, 69.626997399999979 ], [ 18.9995316, 69.626982500000011 ], [ 18.9994865, 69.626965 ], [ 18.9994425, 69.6269553 ], [ 18.9994169, 69.6269371 ], [ 18.9993882, 69.6269203 ], [ 18.9993671, 69.6269021 ], [ 18.9993256, 69.6269168 ], [ 18.9993116, 69.626899 ], [ 18.9992675, 69.6268853 ], [ 18.9992332, 69.6268711 ], [ 18.9991839, 69.626858 ], [ 18.9991295, 69.6268481 ], [ 18.9990825, 69.626839300000015 ], [ 18.9990251, 69.626823799999983 ], [ 18.9989848, 69.6268107 ] ] } },
{ "type": "Feature", "properties": { "id": "20260912_128", "note": "", "gps_accuracy": 3.0, "created_at": "2026-09-12T13:02:26.600Z", "photo_url": null }, "geometry": { "type": "LineString", "coordinates": [ [ 18.9936539, 69.624738800000017 ], [ 18.9936752, 69.6247216 ], [ 18.9936835, 69.624703 ], [ 18.9936874, 69.6246841 ], [ 18.9936605, 69.624664 ], [ 18.9936352, 69.6246472 ], [ 18.9936269, 69.6246271 ], [ 18.9936326, 69.6246076 ], [ 18.9935911, 69.6245934 ], [ 18.9935696, 69.624576599999983 ], [ 18.9935642, 69.624557 ] ] } },
{ "type": "Feature", "properties": { "id": "20260912_119", "note": "", "gps_accuracy": 3.0, "created_at": "2026-09-12T12:43:31.636Z", "photo_url": null }, "geometry": { "type": "LineString", "coordinates": [ [ 18.9956191, 69.6252039 ], [ 18.9955587, 69.6252068 ], [ 18.9955052, 69.6252007 ], [ 18.9954525, 69.6252022 ], [ 18.9954071, 69.6252142 ], [ 18.9953579, 69.6252236 ], [ 18.995301, 69.625228 ], [ 18.9952326, 69.6252301 ], [ 18.9951764, 69.6252271 ], [ 18.9951208, 69.6252258 ], [ 18.9950492, 69.6252214 ], [ 18.9949916, 69.625220799999965 ], [ 18.9949224, 69.625216199999983 ], [ 18.9948506, 69.6252117 ], [ 18.9948167, 69.625197799999981 ] ] } },
{ "type": "Feature", "properties": { "id": "20260912_118", "note": "", "gps_accuracy": 2.50939706905476, "created_at": "2026-09-12T12:42:56.677Z", "photo_url": null }, "geometry": { "type": "LineString", "coordinates": [ [ 18.99991410709768, 69.627769708313878 ], [ 18.999837673547553, 69.627766564022565 ], [ 18.999770505323578, 69.62776591323771 ], [ 18.999705485134374, 69.627774393874233 ], [ 18.999643798694596, 69.627775916129735 ], [ 18.999584378963792, 69.6277659587183 ], [ 18.999581599544701, 69.627795155062259 ], [ 18.999538692943329, 69.627807405316474 ] ] } },
{ "type": "Feature", "properties": { "id": "20260912_117", "note": "", "gps_accuracy": 2.85144612692361, "created_at": "2026-09-12T12:41:16.696Z", "photo_url": null }, "geometry": { "type": "LineString", "coordinates": [ [ 18.99963337972348, 69.627396747356769 ], [ 18.999686939315758, 69.627407764143925 ], [ 18.999724928617255, 69.627422540060294 ], [ 18.999771490378862, 69.627431129487618 ], [ 18.999812208548025, 69.627448963962564 ], [ 18.999853768478861, 69.627466690202297 ], [ 18.999876129467516, 69.627485547943309 ], [ 18.999926864835825, 69.627490680569224 ], [ 18.999956209710241, 69.627510438039181 ], [ 19.000012194514081, 69.627529769155956 ], [ 19.000065827816901, 69.627539931210009 ], [ 19.000111597601975, 69.627548735237639 ], [ 19.000149050881916, 69.627571906574886 ], [ 19.000199184680334, 69.627588101082651 ], [ 19.000239630153899, 69.627608807716925 ], [ 19.000264085588597, 69.627627262305211 ], [ 19.000309123014716, 69.627650476022765 ], [ 19.000335993357627, 69.627669920604333 ], [ 19.000254970060585, 69.62766865441877 ], [ 19.000190240118339, 69.627668512036891 ], [ 19.000113554429348, 69.627675834652365 ], [ 19.000067872180296, 69.627685682399218 ], [ 19.000032733723199, 69.627699591146396 ], [ 18.999978713898429, 69.62770518797997 ], [ 18.999919603307923, 69.627715304792389 ], [ 18.999921981684707, 69.627736894295538 ], [ 18.999925646169611, 69.6277569298598 ], [ 18.999934779498364, 69.627775202989554 ], [ 18.999958035014611, 69.627792528980208 ], [ 19.000006544436541, 69.627804194432386 ], [ 19.000059290074798, 69.62781372038404 ], [ 19.000095372289113, 69.627827970896732 ], [ 19.000117683898967, 69.627850918110809 ], [ 19.000125083361873, 69.62787141933056 ], [ 19.0000727103283, 69.627888070710043 ], [ 19.000053808308305, 69.627907866281376 ], [ 19.000069955438786, 69.627928715978314 ], [ 19.000092625293938, 69.627952421575372 ], [ 19.000120703551104, 69.627972217503881 ], [ 19.00009411202381, 69.627991550800374 ], [ 19.0000694379229, 69.628007383316046 ], [ 19.000104763303661, 69.628024340480309 ], [ 19.000038951417991, 69.628016727345383 ], [ 18.999979859667889, 69.628015589234522 ], [ 18.999906176122828, 69.628013945583916 ], [ 18.999855730606047, 69.62800190822233 ], [ 18.999772665479604, 69.627997305189595 ], [ 18.999690748335418, 69.627998585810644 ], [ 18.999627385221284, 69.627996885215595 ], [ 18.999541614651239, 69.628000010830789 ], [ 18.999476663233622, 69.628000915126364 ] ] } },
{ "type": "Feature", "properties": { "id": "20260912_116", "note": "", "gps_accuracy": 3.0, "created_at": "2026-09-12T12:40:01.346Z", "photo_url": null }, "geometry": { "type": "LineString", "coordinates": [ [ 18.9961142, 69.626204 ], [ 18.9960725, 69.6261882 ], [ 18.9960359, 69.626172 ], [ 18.9959956, 69.626153 ], [ 18.9959671, 69.6261375 ], [ 18.9959561, 69.626118399999982 ], [ 18.9959155, 69.626104799999979 ], [ 18.9958854, 69.626089899999982 ], [ 18.9958375, 69.626083099999988 ], [ 18.9958122, 69.626062 ], [ 18.9958425, 69.6260474 ], [ 18.9959091, 69.6260421 ], [ 18.9959176, 69.626024099999981 ], [ 18.9958988, 69.6260063 ], [ 18.9958918, 69.625987399999985 ], [ 18.995848, 69.625967299999985 ], [ 18.9958302, 69.6259502 ], [ 18.9958414, 69.62593 ], [ 18.9958835, 69.625918 ], [ 18.9959338, 69.6259009 ], [ 18.9959852, 69.6258931 ], [ 18.9960358, 69.6259028 ], [ 18.9960523, 69.6258843 ], [ 18.996033, 69.6258626 ], [ 18.9959922, 69.6258506 ], [ 18.9959356, 69.62584320000002 ], [ 18.9959387, 69.625819399999983 ], [ 18.9959508, 69.625800199999986 ], [ 18.9959797, 69.625783399999989 ], [ 18.9960332, 69.6257856 ], [ 18.9960629, 69.625767 ], [ 18.9960506, 69.6257452 ], [ 18.9960618, 69.6257246 ], [ 18.9960432, 69.625705 ], [ 18.9960392, 69.6256833 ], [ 18.9960279, 69.6256654 ] ] } },
{ "type": "Feature", "properties": { "id": "20260912_115", "note": "", "gps_accuracy": 3.0, "created_at": "2026-09-12T12:39:48.456Z", "photo_url": null }, "geometry": { "type": "LineString", "coordinates": [ [ 18.9995486, 69.627406099999988 ], [ 18.999577, 69.627390399999982 ], [ 18.9996441, 69.627377900000013 ], [ 18.9997241, 69.6273761 ], [ 18.9997893, 69.6273779 ], [ 18.9998463, 69.6273724 ], [ 18.9998921, 69.6273518 ], [ 18.9999403, 69.6273419 ], [ 18.9999843, 69.6273541 ], [ 19.0000143, 69.6273701 ], [ 19.0000491, 69.627385100000012 ], [ 19.0001011, 69.6273898 ], [ 19.0001461, 69.6273999 ], [ 19.0002088, 69.627423799999988 ], [ 19.0002445, 69.6274465 ], [ 19.0002675, 69.6274674 ], [ 19.0002621, 69.6274881 ], [ 19.0002194, 69.6275091 ], [ 19.0001807, 69.627525 ], [ 19.0001285, 69.627546 ], [ 19.000149, 69.6275626 ], [ 19.0000872, 69.6275537 ], [ 19.00008, 69.6275324 ], [ 19.000111, 69.6275126 ], [ 19.0001209, 69.6274926 ], [ 19.0000872, 69.6274626 ], [ 19.0001033, 69.6274434 ], [ 19.0000826, 69.6274255 ], [ 19.0000523, 69.62741 ], [ 19.000022, 69.6273949 ] ] } },
{ "type": "Feature", "properties": { "id": "20260912_114", "note": "", "gps_accuracy": 3.0, "created_at": "2026-09-12T12:38:13.754Z", "photo_url": null }, "geometry": { "type": "LineString", "coordinates": [ [ 18.9992321, 69.627757 ], [ 18.9991869, 69.6277394 ], [ 18.9991483, 69.6277204 ], [ 18.9991215, 69.627699 ], [ 18.9990951, 69.6276767 ], [ 18.9990962, 69.627651299999982 ], [ 18.9991132, 69.6276334 ], [ 18.9991128, 69.6276141 ], [ 18.9991278, 69.627595600000021 ], [ 18.9991601, 69.6275758 ], [ 18.999196, 69.627556 ], [ 18.9992068, 69.627538 ], [ 18.9991689, 69.6275228 ], [ 18.9991293, 69.627510499999985 ], [ 18.9991266, 69.6274902 ], [ 18.9990894, 69.627476299999984 ], [ 18.9990524, 69.6274598 ], [ 18.999007, 69.62743 ], [ 18.9989987, 69.6274061 ], [ 18.998981, 69.627384600000013 ], [ 18.9989618, 69.6273601 ], [ 18.9989897, 69.6273416 ], [ 18.9989639, 69.6273247 ], [ 18.9989421, 69.6273062 ], [ 18.9989589, 69.6272881 ], [ 18.9989712, 69.6272702 ] ] } },
{ "type": "Feature", "properties": { "id": "20260912_113", "note": "", "gps_accuracy": 3.0, "created_at": "2026-09-12T12:37:56.562Z", "photo_url": null }, "geometry": { "type": "LineString", "coordinates": [ [ 18.9990578, 69.627508299999988 ], [ 18.9990791, 69.627491 ], [ 18.9991588, 69.627485799999988 ], [ 18.9992136, 69.6274912 ], [ 18.9992715, 69.6274934 ], [ 18.9993099, 69.6275057 ], [ 18.9993661, 69.6274304 ], [ 18.9993877, 69.6274114 ], [ 18.9994628, 69.627415299999981 ], [ 18.9995154, 69.6274089 ] ] } },
{ "type": "Feature", "properties": { "id": "20260912_112", "note": "", "gps_accuracy": 3.0, "created_at": "2026-09-12T12:37:03.477Z", "photo_url": null }, "geometry": { "type": "LineString", "coordinates": [ [ 18.9994828, 69.6277666 ], [ 18.9994232, 69.627760899999984 ], [ 18.9993674, 69.627762899999979 ], [ 18.9992946, 69.627767599999984 ], [ 18.9992179, 69.62776719999998 ], [ 18.9991831, 69.627750599999985 ], [ 18.9991533, 69.6277358 ], [ 18.9991497, 69.6277143 ], [ 18.9990973, 69.627708399999989 ], [ 18.9990584, 69.6276901 ], [ 18.9990524, 69.627671699999979 ], [ 18.999057, 69.627650299999985 ], [ 18.999144, 69.6274954 ], [ 18.9990964, 69.6274872 ] ] } },
{ "type": "Feature", "properties": { "id": "20260912_109", "note": "", "gps_accuracy": 3.0, "created_at": "2026-09-12T12:35:47.180Z", "photo_url": null }, "geometry": { "type": "LineString", "coordinates": [ [ 18.9979289, 69.627945499999981 ], [ 18.9978819, 69.627937799999984 ], [ 18.9979368, 69.6279455 ], [ 18.99799, 69.6279508 ], [ 18.998041, 69.627946400000013 ], [ 18.9980883, 69.6279359 ], [ 18.9981363, 69.6279256 ], [ 18.9981878, 69.627917900000014 ], [ 18.9982128, 69.6279016 ], [ 18.9982508, 69.6278848 ], [ 18.9982918, 69.627873 ], [ 18.9991485, 69.6277777 ], [ 18.9991875, 69.627764200000016 ], [ 18.9991871, 69.6277411 ], [ 18.9992609, 69.6277356 ], [ 18.9992928, 69.627758799999981 ], [ 18.9993458, 69.6277684 ], [ 18.9994005, 69.627775400000019 ], [ 18.9994561, 69.627772199999981 ] ] } },
{ "type": "Feature", "properties": { "id": "20260912_108", "note": "", "gps_accuracy": 2.3248966821906398, "created_at": "2026-09-12T12:35:21.509Z", "photo_url": null }, "geometry": { "type": "LineString", "coordinates": [ [ 18.99941704430714, 69.627877952018594 ], [ 18.999367125483758, 69.627869573855151 ], [ 18.999343493655289, 69.627846253013871 ], [ 18.999304744593189, 69.627825907617279 ], [ 18.99927056150241, 69.627810478131892 ], [ 18.999270440303729, 69.627783246453291 ], [ 18.999274255020424, 69.627758770478238 ], [ 18.99925844976962, 69.627737283648329 ], [ 18.999234965281033, 69.627718555785094 ], [ 18.999247002659658, 69.627692331045651 ], [ 18.999260371647516, 69.627674783949317 ], [ 18.999295754247235, 69.627651865563777 ], [ 18.999342549839316, 69.627643584179253 ], [ 18.999416877162517, 69.627630624141815 ], [ 18.999467333768653, 69.627614707790457 ], [ 18.999513862086008, 69.627604387900362 ] ] } },
{ "type": "Feature", "properties": { "id": "20260912_95", "note": "", "gps_accuracy": 3.8849999904632599, "created_at": "2026-09-12T12:29:17.113Z", "photo_url": null }, "geometry": { "type": "LineString", "coordinates": [ [ 18.9950315, 69.6299759 ], [ 18.9950323, 69.6299541 ], [ 18.9950166, 69.6299259 ], [ 18.9949761, 69.6299072 ], [ 18.9949536, 69.6298884 ], [ 18.9949523, 69.6298682 ], [ 18.9949518, 69.6298429 ], [ 18.9949789, 69.6298258 ], [ 18.994993, 69.6298076 ], [ 18.9949676, 69.62978649999998 ], [ 18.994992, 69.6297682 ], [ 18.995027, 69.6297519 ], [ 18.9950121, 69.6297336 ], [ 18.9949412, 69.629717 ], [ 18.9948977, 69.6297069 ] ] } },
{ "type": "Feature", "properties": { "id": "20260912_89", "note": "", "gps_accuracy": 3.0, "created_at": "2026-09-12T12:26:45.995Z", "photo_url": null }, "geometry": { "type": "LineString", "coordinates": [ [ 18.9946805, 69.6302796 ], [ 18.9947255, 69.6302901 ], [ 18.99479, 69.6303045 ], [ 18.9948368, 69.6303158 ], [ 18.9948907, 69.6303282 ], [ 18.9949397, 69.630347 ], [ 18.9949816, 69.6303595 ] ] } },
{ "type": "Feature", "properties": { "id": "20260912_88", "note": "", "gps_accuracy": 3.0090000629425, "created_at": "2026-09-12T12:26:06.890Z", "photo_url": null }, "geometry": { "type": "LineString", "coordinates": [ [ 18.997698, 69.628705 ], [ 18.9977081, 69.6287277 ], [ 18.9977392, 69.628747 ], [ 18.9977852, 69.6287614 ], [ 18.9978261, 69.628775299999987 ], [ 18.9978681, 69.62878689999998 ], [ 18.9979122, 69.6288 ], [ 18.9979704, 69.6288022 ], [ 18.9980227, 69.6287986 ], [ 18.9980745, 69.628793299999984 ], [ 18.9981254, 69.6287838 ], [ 18.9981825, 69.6287869 ], [ 18.9982264, 69.628801100000018 ], [ 18.9982741, 69.6288134 ], [ 18.9983081, 69.6288291 ], [ 18.9983474, 69.628846699999983 ], [ 18.9984017, 69.6288621 ], [ 18.9984442, 69.6288743 ], [ 18.9984898, 69.6288924 ], [ 18.998543, 69.6288987 ], [ 18.9985913, 69.628905499999988 ], [ 18.998638, 69.6289151 ], [ 18.9986851, 69.6289328 ], [ 18.998725, 69.6289474 ], [ 18.9987571, 69.628962700000017 ], [ 18.9987848, 69.6289825 ], [ 18.998817, 69.6290004 ], [ 18.9988463, 69.6290159 ], [ 18.9988755, 69.6290367 ], [ 18.9989084, 69.629054 ], [ 18.9989373, 69.629070400000018 ], [ 18.9989391, 69.6290884 ], [ 18.9989535, 69.6291061 ], [ 18.9989667, 69.6291279 ], [ 18.9989686, 69.6291519 ], [ 18.998989, 69.629173 ], [ 18.9990321, 69.6291835 ] ] } },
{ "type": "Feature", "properties": { "id": "20260912_87", "note": "", "gps_accuracy": 3.0020000934600799, "created_at": "2026-09-12T12:24:31.316Z", "photo_url": null }, "geometry": { "type": "LineString", "coordinates": [ [ 18.9939044, 69.631015799999986 ], [ 18.9938557, 69.6310226 ], [ 18.9937845, 69.6310264 ], [ 18.9937146, 69.631033 ], [ 18.9936425, 69.63104 ], [ 18.9935669, 69.6310454 ], [ 18.993508, 69.6310466 ], [ 18.9934545, 69.6310484 ], [ 18.9934025, 69.6310523 ], [ 18.9933483, 69.631055599999982 ], [ 18.9932876, 69.6310602 ], [ 18.9932356, 69.6310615 ], [ 18.9931748, 69.631063499999982 ], [ 18.9931128, 69.6310643 ], [ 18.9930445, 69.6310635 ] ] } },
{ "type": "Feature", "properties": { "id": "20260912_85", "note": "", "gps_accuracy": 3.0, "created_at": "2026-09-12T12:22:18.355Z", "photo_url": null }, "geometry": { "type": "LineString", "coordinates": [ [ 18.9952581, 69.6281349 ], [ 18.9952693, 69.628107299999982 ], [ 18.9952718, 69.6280819 ], [ 18.9952771, 69.6280514 ], [ 18.995292, 69.6280334 ], [ 18.9953256, 69.6280097 ], [ 18.9953851, 69.6280015 ], [ 18.9954384, 69.6279958 ], [ 18.99551, 69.6279884 ], [ 18.9955706, 69.6279842 ], [ 18.9956072, 69.627970399999981 ], [ 18.9955605, 69.627953299999987 ], [ 18.9955316, 69.627935399999984 ], [ 18.995553, 69.627916 ], [ 18.995566, 69.6278961 ], [ 18.9955866, 69.627877 ], [ 18.9956377, 69.62786269999998 ], [ 18.9956297, 69.627840699999979 ], [ 18.9956827, 69.627834399999983 ], [ 18.9957354, 69.62784 ], [ 18.9958021, 69.6278401 ], [ 18.995853, 69.6278486 ], [ 18.9959065, 69.6278508 ], [ 18.9959591, 69.6278484 ], [ 18.995991, 69.6278311 ], [ 18.9960261, 69.6278111 ], [ 18.9960833, 69.627809899999988 ], [ 18.9961322, 69.627795899999981 ], [ 18.9961659, 69.6277819 ], [ 18.9961853, 69.6277614 ], [ 18.9961387, 69.6277517 ], [ 18.9961345, 69.6277291 ], [ 18.9961882, 69.6277198 ], [ 18.9962156, 69.627703199999985 ], [ 18.9962058, 69.6276846 ], [ 18.9961912, 69.627665400000012 ], [ 18.9961657, 69.627646699999985 ], [ 18.9961401, 69.627627599999983 ], [ 18.9961173, 69.6276099 ], [ 18.9960775, 69.6275925 ], [ 18.9960768, 69.627572799999982 ], [ 18.9960654, 69.627554599999982 ], [ 18.9960353, 69.6275373 ], [ 18.9960056, 69.6275204 ], [ 18.9959769, 69.6274948 ], [ 18.9959563, 69.627477199999987 ] ] } },
{ "type": "Feature", "properties": { "id": "20260912_84", "note": "Trail spreads put after a big cairn", "gps_accuracy": 3.0, "created_at": "2026-09-12T12:22:17.261Z", "photo_url": "https://oehndpyzeoywfypqtsjs.supabase.co/storage/v1/object/public/observation-photos/84/1789215736106.jpg" }, "geometry": { "type": "LineString", "coordinates": [ [ 18.9952491, 69.629219599999985 ], [ 18.9952866, 69.6292039 ], [ 18.9953312, 69.6291802 ], [ 18.9953527, 69.629159699999988 ], [ 18.9953578, 69.6291348 ], [ 18.9953576, 69.6291151 ], [ 18.9953606, 69.6290955 ], [ 18.9953524, 69.6290751 ], [ 18.9953355, 69.629049699999982 ], [ 18.9953627, 69.6290299 ], [ 18.9953752, 69.6290107 ], [ 18.9953939, 69.628989799999985 ], [ 18.9954293, 69.6289753 ], [ 18.9954822, 69.6289597 ], [ 18.995526, 69.6289419 ], [ 18.9955571, 69.628925099999989 ], [ 18.9955807, 69.62890729999998 ], [ 18.9955794, 69.6288797 ], [ 18.9955818, 69.6288598 ], [ 18.9955985, 69.6288361 ], [ 18.9956371, 69.628819 ], [ 18.9956722, 69.6288052 ], [ 18.9957137, 69.6287856 ], [ 18.9957549, 69.6287685 ], [ 18.9957968, 69.6287557 ], [ 18.9958406, 69.6287439 ], [ 18.9958732, 69.628727899999987 ], [ 18.9959056, 69.6287136 ], [ 18.9959524, 69.6287005 ], [ 18.9959969, 69.6286859 ], [ 18.9960291, 69.6286688 ], [ 18.9960506, 69.6286499 ], [ 18.9960624, 69.6286323 ], [ 18.9960819, 69.628615199999984 ], [ 18.9961205, 69.628601 ], [ 18.9961983, 69.6286062 ] ] } },
{ "type": "Feature", "properties": { "id": "20260912_82", "note": "", "gps_accuracy": 3.0569999217987101, "created_at": "2026-09-12T12:19:33.468Z", "photo_url": "https://oehndpyzeoywfypqtsjs.supabase.co/storage/v1/object/public/observation-photos/82/1789215575295.jpg" }, "geometry": { "type": "LineString", "coordinates": [ [ 18.9951598, 69.6281767 ], [ 18.9951015, 69.6281747 ], [ 18.9950618, 69.6281609 ] ] } },
{ "type": "Feature", "properties": { "id": "20260912_77", "note": "", "gps_accuracy": 3.0079998970031698, "created_at": "2026-09-12T12:13:40.419Z", "photo_url": null }, "geometry": { "type": "LineString", "coordinates": [ [ 18.9930911, 69.631424899999985 ], [ 18.9930968, 69.6313975 ], [ 18.9931424, 69.6313731 ], [ 18.9931757, 69.6313589 ], [ 18.9932056, 69.6313395 ], [ 18.993218, 69.6313217 ], [ 18.9932232, 69.6312994 ], [ 18.9932148, 69.631279299999989 ], [ 18.9931935, 69.6312596 ], [ 18.9931746, 69.6312406 ], [ 18.9931653, 69.631219699999988 ], [ 18.9931673, 69.631201199999978 ], [ 18.9931744, 69.6311795 ] ] } },
{ "type": "Feature", "properties": { "id": "20260912_68", "note": "", "gps_accuracy": 3.0, "created_at": "2026-09-12T12:09:10.045Z", "photo_url": null }, "geometry": { "type": "LineString", "coordinates": [ [ 18.9951745, 69.6322734 ], [ 18.9952589, 69.6322802 ], [ 18.9953185, 69.632277099999982 ], [ 18.9953736, 69.632268 ], [ 18.9954303, 69.632256 ], [ 18.9954934, 69.6322408 ], [ 18.9955408, 69.632231899999979 ], [ 18.9955996, 69.632225 ], [ 18.995653, 69.6322211 ], [ 18.995705, 69.632218599999973 ], [ 18.9957592, 69.6322143 ], [ 18.9958181, 69.6322107 ], [ 18.9958846, 69.6322084 ], [ 18.995938, 69.632208599999984 ], [ 18.9959908, 69.632208099999986 ], [ 18.9960538, 69.6322041 ], [ 18.996111, 69.632198699999989 ], [ 18.996163, 69.6321927 ], [ 18.9962195, 69.6321851 ], [ 18.9962895, 69.63217640000002 ], [ 18.9963269, 69.632163599999984 ], [ 18.9963723, 69.6321492 ], [ 18.9964432, 69.632149 ], [ 18.9964948, 69.632158099999984 ], [ 18.9965618, 69.632162599999987 ], [ 18.9966154, 69.6321594 ], [ 18.9966611, 69.6321492 ], [ 18.9967232, 69.632152299999987 ], [ 18.9967751, 69.632156099999989 ], [ 18.9968419, 69.6321548 ], [ 18.9969135, 69.6321626 ], [ 18.9969697, 69.6321712 ], [ 18.9969916, 69.63215169999998 ], [ 18.9970055, 69.63213279999998 ], [ 18.9970055, 69.632109299999982 ], [ 18.9970312, 69.6320923 ], [ 18.9970372, 69.6320732 ] ] } },
{ "type": "Feature", "properties": { "id": "20260912_64", "note": "", "gps_accuracy": 3.0, "created_at": "2026-09-12T12:06:08.272Z", "photo_url": null }, "geometry": { "type": "LineString", "coordinates": [ [ 18.9939821, 69.6323533 ], [ 18.9939787, 69.6323726 ], [ 18.9939337, 69.632383200000021 ], [ 18.9938811, 69.632381 ], [ 18.9938231, 69.6323742 ], [ 18.9937628, 69.6323643 ] ] } },
{ "type": "Feature", "properties": { "id": "20260912_62", "note": "", "gps_accuracy": 2.2562678129767901, "created_at": "2026-09-12T12:05:41.653Z", "photo_url": null }, "geometry": { "type": "LineString", "coordinates": [ [ 18.994153226840517, 69.63238528289466 ], [ 18.994200863785032, 69.632392960879343 ], [ 18.994247721451629, 69.632377571374107 ], [ 18.994305011302604, 69.632364422375318 ], [ 18.994361732827038, 69.632352501636788 ], [ 18.994400576473527, 69.632338891493532 ], [ 18.994445535898333, 69.632320820582066 ], [ 18.994504375002364, 69.632309518519961 ], [ 18.99455040579992, 69.632300029296246 ], [ 18.994611548436499, 69.6322907921313 ], [ 18.994624637811469, 69.632272369078336 ], [ 18.994627719699686, 69.632251866653476 ], [ 18.994677748219164, 69.632235797983213 ], [ 18.994746276576059, 69.632233054888971 ], [ 18.994816053470814, 69.632221513756733 ], [ 18.994799479292979, 69.632197973353016 ], [ 18.994804384364084, 69.632172782423069 ] ] } },
{ "type": "Feature", "properties": { "id": "20260912_61", "note": "", "gps_accuracy": 3.0, "created_at": "2026-09-12T12:05:38.497Z", "photo_url": null }, "geometry": { "type": "LineString", "coordinates": [ [ 18.9940312, 69.632360399999982 ], [ 18.9939811, 69.6323474 ], [ 18.9939333, 69.6323379 ], [ 18.9938692, 69.6323293 ], [ 18.9938265, 69.632314 ], [ 18.9938097, 69.6322932 ], [ 18.9937708, 69.6322798 ], [ 18.9937102, 69.6322681 ], [ 18.9936578, 69.6322572 ] ] } },
{ "type": "Feature", "properties": { "id": "20260912_60", "note": "", "gps_accuracy": 3.0, "created_at": "2026-09-12T12:03:37.840Z", "photo_url": null }, "geometry": { "type": "LineString", "coordinates": [ [ 18.9957841, 69.6344979 ], [ 18.995735, 69.6345169 ], [ 18.995679, 69.634526799999975 ], [ 18.9956187, 69.634538899999981 ], [ 18.995554, 69.634549099999987 ], [ 18.9954874, 69.6345587 ], [ 18.9954092, 69.6345637 ], [ 18.9953564, 69.634562599999981 ], [ 18.9952989, 69.6345664 ], [ 18.9952555, 69.6345812 ], [ 18.9951977, 69.634588899999983 ], [ 18.99513, 69.634594199999981 ], [ 18.995061, 69.6346025 ], [ 18.9949987, 69.6346059 ], [ 18.994933, 69.6346082 ], [ 18.9948595, 69.634604 ], [ 18.9948096, 69.6345981 ] ] } },
{ "type": "Feature", "properties": { "id": "20260912_56", "note": "", "gps_accuracy": 3.0, "created_at": "2026-09-12T12:00:26.294Z", "photo_url": null }, "geometry": { "type": "LineString", "coordinates": [ [ 18.9951309, 69.6349171 ], [ 18.9951521, 69.6348984 ], [ 18.9951927, 69.6348823 ], [ 18.9952261, 69.6348635 ], [ 18.9952729, 69.6348443 ], [ 18.9953364, 69.6348245 ], [ 18.9953844, 69.634809099999984 ], [ 18.9954322, 69.6347959 ], [ 18.995468, 69.634775599999983 ], [ 18.9955098, 69.634755 ], [ 18.9955824, 69.6347462 ], [ 18.9956354, 69.634744399999988 ], [ 18.9957025, 69.6347462 ], [ 18.9957699, 69.6347461 ], [ 18.9958354, 69.6347466 ], [ 18.9958985, 69.6347432 ], [ 18.9959511, 69.634736 ], [ 18.9960172, 69.6347293 ] ] } },
{ "type": "Feature", "properties": { "id": "20260912_51", "note": "", "gps_accuracy": 3.01300001144409, "created_at": "2026-09-12T11:58:51.588Z", "photo_url": null }, "geometry": { "type": "LineString", "coordinates": [ [ 18.9939167, 69.6325455 ], [ 18.9938498, 69.632546099999985 ], [ 18.9937914, 69.632547 ], [ 18.9937371, 69.632550600000016 ], [ 18.9936758, 69.6325609 ], [ 18.9936284, 69.6325685 ], [ 18.9935661, 69.6325694 ], [ 18.9935007, 69.6325725 ], [ 18.993443, 69.6325742 ], [ 18.9933887, 69.63257729999998 ], [ 18.9933343, 69.6325799 ], [ 18.9932745, 69.6325858 ], [ 18.9932137, 69.6325879 ], [ 18.9931511, 69.6325898 ], [ 18.993095, 69.632590899999983 ], [ 18.9930316, 69.6326073 ], [ 18.9929787, 69.6326147 ] ] } },
{ "type": "Feature", "properties": { "id": "20260912_48", "note": "", "gps_accuracy": 3.0, "created_at": "2026-09-12T11:57:07.071Z", "photo_url": null }, "geometry": { "type": "LineString", "coordinates": [ [ 18.9950001, 69.6324363 ], [ 18.9949244, 69.6324356 ], [ 18.9948562, 69.6324261 ], [ 18.9947912, 69.6324142 ], [ 18.9947232, 69.632410199999981 ], [ 18.9946595, 69.632412499999987 ], [ 18.9946099, 69.6324048 ], [ 18.9946202, 69.632381399999986 ], [ 18.9946122, 69.63236 ], [ 18.9945964, 69.6323418 ], [ 18.9945884, 69.632316599999982 ], [ 18.9945962, 69.632295699999986 ] ] } },
{ "type": "Feature", "properties": { "id": "20260912_46", "note": "", "gps_accuracy": 3.00399994850159, "created_at": "2026-09-12T11:56:13.878Z", "photo_url": null }, "geometry": { "type": "LineString", "coordinates": [ [ 18.9943322, 69.6325527 ], [ 18.9943918, 69.6325575 ], [ 18.9944497, 69.6325548 ], [ 18.994512, 69.6325504 ], [ 18.9945685, 69.632546199999965 ], [ 18.994627, 69.6325337 ], [ 18.9946767, 69.632519 ], [ 18.9947159, 69.63250570000001 ], [ 18.9947583, 69.6324915 ], [ 18.9948015, 69.6324758 ], [ 18.9948445, 69.632464 ], [ 18.9948898, 69.632453200000015 ], [ 18.994936, 69.632443599999988 ], [ 18.9949846, 69.6324343 ] ] } },
{ "type": "Feature", "properties": { "id": "20260912_45", "note": "", "gps_accuracy": 2.38033832999893, "created_at": "2026-09-12T11:56:07.974Z", "photo_url": null }, "geometry": { "type": "LineString", "coordinates": [ [ 18.992496148830813, 69.632398517723843 ], [ 18.992407655455931, 69.632376723570459 ], [ 18.992464311011627, 69.632385368815591 ], [ 18.992520339820668, 69.632401600164656 ], [ 18.992587947095398, 69.632406563018236 ], [ 18.99265747454265, 69.632414900205418 ], [ 18.992704325806049, 69.632424025790172 ], [ 18.992762177694992, 69.632434785487675 ], [ 18.992822367037466, 69.632439620899603 ], [ 18.992874894089688, 69.632455227311908 ], [ 18.992923683166861, 69.632474638194665 ], [ 18.992938658471246, 69.632498345376845 ], [ 18.992991661063467, 69.632511981310401 ], [ 18.993004834974617, 69.632529436986388 ], [ 18.99296427811899, 69.632554616746148 ], [ 18.992949346872482, 69.632572107462224 ], [ 18.992953766657742, 69.632595898422863 ], [ 18.992984165678479, 69.632619946909287 ], [ 18.993001076774558, 69.632642641777565 ], [ 18.99302675356325, 69.632667185673725 ], [ 18.993049308475406, 69.632691494201865 ], [ 18.993072895444101, 69.632712610599143 ], [ 18.993082626048992, 69.632733442632855 ] ] } },
{ "type": "Feature", "properties": { "id": "20260912_42", "note": "", "gps_accuracy": 3.0139999389648402, "created_at": "2026-09-12T11:55:16.774Z", "photo_url": null }, "geometry": { "type": "LineString", "coordinates": [ [ 18.9939365, 69.6326139 ], [ 18.9939932, 69.6326022 ], [ 18.9940527, 69.6325953 ], [ 18.9941124, 69.6325846 ], [ 18.9941662, 69.632580799999985 ], [ 18.9942281, 69.632581400000021 ], [ 18.9942798, 69.6325908 ] ] } },
{ "type": "Feature", "properties": { "id": "20260912_39", "note": "", "gps_accuracy": 2.5065511506448299, "created_at": "2026-09-12T11:53:54.723Z", "photo_url": null }, "geometry": { "type": "LineString", "coordinates": [ [ 18.991973561461791, 69.632463107703003 ], [ 18.991954290111178, 69.632445792386122 ], [ 18.991907864044936, 69.632429431062064 ], [ 18.991875064560634, 69.632406707010972 ], [ 18.991834089967796, 69.632394865504878 ], [ 18.991762238875157, 69.63237654866883 ] ] } },
{ "type": "Feature", "properties": { "id": "20260912_38", "note": "", "gps_accuracy": 3.0, "created_at": "2026-09-12T11:53:37.070Z", "photo_url": null }, "geometry": { "type": "LineString", "coordinates": [ [ 18.9934616, 69.632915 ], [ 18.9934026, 69.6329116 ], [ 18.9933505, 69.6329096 ], [ 18.9932892, 69.632901299999986 ], [ 18.993237, 69.632886699999986 ], [ 18.9932129, 69.6328698 ], [ 18.9931916, 69.6328517 ], [ 18.993181, 69.6328339 ], [ 18.9931663, 69.632816099999985 ], [ 18.9931469, 69.6327979 ] ] } },
{ "type": "Feature", "properties": { "id": "20260912_36", "note": "", "gps_accuracy": 2.07282814561077, "created_at": "2026-09-12T11:53:09.563Z", "photo_url": null }, "geometry": { "type": "LineString", "coordinates": [ [ 18.991917984304177, 69.633489312131601 ], [ 18.991942749388084, 69.633470510398084 ], [ 18.991964895840713, 69.633442657319293 ], [ 18.991977242357486, 69.633417591097015 ], [ 18.992011882819494, 69.633392426635453 ], [ 18.992051234412589, 69.633369999773308 ], [ 18.992103040045038, 69.63335401682707 ], [ 18.992142958914862, 69.633333971732753 ], [ 18.992191591821964, 69.633315897467227 ], [ 18.992250372993464, 69.633299676888484 ], [ 18.992317092161766, 69.63329305278441 ], [ 18.992363736515006, 69.633277126153374 ], [ 18.992420222465672, 69.633261024457511 ], [ 18.992450961073597, 69.633244631852477 ], [ 18.992498119622859, 69.633231705346148 ], [ 18.992551106322196, 69.633215944208047 ], [ 18.992545443411114, 69.633194816542002 ], [ 18.992536180066061, 69.633175323939454 ], [ 18.99252455580444, 69.63315312560654 ], [ 18.99249404847539, 69.63312957161331 ], [ 18.992493641659998, 69.633107613765716 ], [ 18.992495818430175, 69.633086829950059 ], [ 18.992509349242543, 69.633064298467403 ], [ 18.992508536911402, 69.633042679140871 ], [ 18.992513160732532, 69.633014356023864 ], [ 18.992498326878753, 69.632988511690797 ], [ 18.992488653042784, 69.63295999287206 ], [ 18.992485393908456, 69.632936577906435 ], [ 18.992469727657941, 69.632918660303119 ], [ 18.992449470808648, 69.63289555452522 ], [ 18.992412056335322, 69.63287814610743 ], [ 18.992405390324485, 69.632855729246742 ], [ 18.99239602357175, 69.632831083518468 ], [ 18.992380333953751, 69.632805772902671 ], [ 18.992379076863454, 69.632779908597399 ], [ 18.992353189455933, 69.632756869669805 ], [ 18.992327287102313, 69.632738623541201 ], [ 18.992331427533841, 69.632717691224755 ], [ 18.992312544092844, 69.632695216582633 ], [ 18.992286264910728, 69.632671344287687 ], [ 18.99228131464865, 69.632650084555166 ], [ 18.992270907959497, 69.63262322736243 ], [ 18.992269688516192, 69.632599106382031 ], [ 18.992251129213159, 69.632572893601079 ], [ 18.992242089673915, 69.632553798315698 ], [ 18.992219640417545, 69.632534039795942 ], [ 18.99218670233839, 69.632514559403447 ], [ 18.992148054107247, 69.632496393611575 ], [ 18.992117037498875, 69.632475010379594 ], [ 18.992036647200795, 69.632473482039686 ], [ 18.991970303052714, 69.63246094959095 ], [ 18.991910446064729, 69.632457153883038 ], [ 18.991844270389254, 69.632452642933927 ], [ 18.991775560554281, 69.63243408847535 ], [ 18.991719884911969, 69.632417168983224 ], [ 18.991686046288965, 69.63240079390107 ], [ 18.991642592582348, 69.6323897241476 ], [ 18.991604656847908, 69.632373975154152 ], [ 18.991540076009766, 69.632362223928652 ] ] } },
{ "type": "Feature", "properties": { "id": "20260912_35", "note": "", "gps_accuracy": 3.0, "created_at": "2026-09-12T11:53:06.992Z", "photo_url": null }, "geometry": { "type": "LineString", "coordinates": [ [ 18.993363, 69.632958 ], [ 18.9933433, 69.6329337 ], [ 18.9933175, 69.632911099999987 ], [ 18.9932872, 69.6328951 ], [ 18.9932402, 69.632877 ], [ 18.9932073, 69.632855299999989 ], [ 18.9931823, 69.632835899999989 ], [ 18.9931613, 69.632817499999987 ], [ 18.9931309, 69.632798 ], [ 18.9931135, 69.632779099999979 ] ] } },
{ "type": "Feature", "properties": { "id": "20260912_32", "note": "", "gps_accuracy": 3.0, "created_at": "2026-09-12T11:50:48.932Z", "photo_url": null }, "geometry": { "type": "LineString", "coordinates": [ [ 18.9922971, 69.6330166 ], [ 18.9923477, 69.6330058 ], [ 18.9924095, 69.6329977 ], [ 18.9924727, 69.6329839 ], [ 18.9925178, 69.632971399999988 ], [ 18.9925497, 69.632956399999983 ], [ 18.9925904, 69.6329402 ], [ 18.9926346, 69.6329237 ], [ 18.992679, 69.6329036 ], [ 18.9927469, 69.6328956 ], [ 18.9927948, 69.632888 ], [ 18.9928478, 69.6328771 ], [ 18.9928946, 69.6328673 ], [ 18.9929467, 69.6328539 ], [ 18.9929983, 69.6328427 ], [ 18.9930405, 69.632832 ], [ 18.9930898, 69.6328234 ], [ 18.9931157, 69.632799399999982 ] ] } },
{ "type": "Feature", "properties": { "id": "20260912_30", "note": "", "gps_accuracy": 2.0261042313998798, "created_at": "2026-09-12T11:50:24.013Z", "photo_url": null }, "geometry": { "type": "LineString", "coordinates": [ [ 18.992530835781558, 69.633228911575245 ], [ 18.992529815893949, 69.633256277515216 ], [ 18.992538193658852, 69.633276295288624 ], [ 18.992560268048926, 69.633305301861157 ], [ 18.992582136797733, 69.633332682954844 ], [ 18.992592633982234, 69.633356929889644 ] ] } },
{ "type": "Feature", "properties": { "id": "20260912_29", "note": "", "gps_accuracy": 3.0, "created_at": "2026-09-12T11:50:01.463Z", "photo_url": "https://oehndpyzeoywfypqtsjs.supabase.co/storage/v1/object/public/observation-photos/29/1789213802007.jpg" }, "geometry": { "type": "LineString", "coordinates": [ [ 18.9939869, 69.6332605 ], [ 18.9939325, 69.633260399999983 ], [ 18.9938804, 69.633253 ], [ 18.9938305, 69.63324590000002 ] ] } },
{ "type": "Feature", "properties": { "id": "20260912_26", "note": "Again blueberries trail", "gps_accuracy": 3.0, "created_at": "2026-09-12T11:47:15.537Z", "photo_url": "https://oehndpyzeoywfypqtsjs.supabase.co/storage/v1/object/public/observation-photos/26/1789213636052.jpg" }, "geometry": { "type": "LineString", "coordinates": [ [ 18.9937237, 69.6335097 ], [ 18.9937164, 69.6335286 ], [ 18.9937098, 69.633548 ], [ 18.9937629, 69.6335494 ] ] } },
{ "type": "Feature", "properties": { "id": "20260912_25", "note": "", "gps_accuracy": 3.0, "created_at": "2026-09-12T11:46:56.504Z", "photo_url": null }, "geometry": { "type": "LineString", "coordinates": [ [ 18.9903064, 69.632784799999982 ], [ 18.9903288, 69.6327614 ], [ 18.990321, 69.6327398 ], [ 18.9902999, 69.632722699999988 ], [ 18.990272, 69.6327007 ], [ 18.9902538, 69.6326807 ], [ 18.9902611, 69.632661 ], [ 18.9902982, 69.6326412 ] ] } },
{ "type": "Feature", "properties": { "id": "20260912_23", "note": "", "gps_accuracy": 3.0761193277987702, "created_at": "2026-09-12T11:46:22.525Z", "photo_url": null }, "geometry": { "type": "LineString", "coordinates": [ [ 18.990258533319992, 69.632803657029299 ], [ 18.990281865697106, 69.632782673531636 ], [ 18.990270603594603, 69.632757353640798 ], [ 18.990270463782227, 69.632734906277818 ], [ 18.990242606647211, 69.632713856112503 ], [ 18.990215019663346, 69.632697778067708 ], [ 18.990210968707586, 69.632678372842491 ], [ 18.990203940074885, 69.632654719503947 ], [ 18.990253428090931, 69.632648662728968 ], [ 18.990312335353117, 69.632647487753502 ], [ 18.990372809196643, 69.632646391557529 ], [ 18.99043669757112, 69.632641441161255 ], [ 18.990480383624217, 69.632631463358081 ], [ 18.99053753139308, 69.63262726333285 ] ] } },
{ "type": "Feature", "properties": { "id": "20260912_19", "note": "", "gps_accuracy": 3.0, "created_at": "2026-09-12T11:45:23.763Z", "photo_url": null }, "geometry": { "type": "LineString", "coordinates": [ [ 18.9907545, 69.632663599999987 ], [ 18.990796, 69.6326788 ], [ 18.990797, 69.6326977 ], [ 18.9908005, 69.6327182 ], [ 18.9908018, 69.6327364 ], [ 18.990806, 69.6327625 ], [ 18.9908126, 69.6327831 ], [ 18.9908218, 69.6328029 ], [ 18.9908099, 69.632823800000011 ], [ 18.9907935, 69.632846299999983 ], [ 18.9907782, 69.6328683 ], [ 18.9907561, 69.6328896 ], [ 18.9907389, 69.632907300000014 ], [ 18.9907152, 69.6329271 ], [ 18.9906901, 69.6329462 ], [ 18.9906684, 69.632963799999985 ], [ 18.9906539, 69.632986699999989 ], [ 18.9906415, 69.633006 ], [ 18.9906154, 69.6330259 ], [ 18.9905936, 69.633044899999987 ], [ 18.9905719, 69.633061900000015 ] ] } },
{ "type": "Feature", "properties": { "id": "20260912_18", "note": "", "gps_accuracy": 3.2869019071917398, "created_at": "2026-09-12T11:45:09.666Z", "photo_url": null }, "geometry": { "type": "LineString", "coordinates": [ [ 18.990673148448248, 69.632618220203824 ], [ 18.990608926954241, 69.63262093090465 ], [ 18.990533951713246, 69.632613323768652 ], [ 18.990477635094674, 69.632618115662169 ], [ 18.990479009592587, 69.632643217471426 ], [ 18.990474706892808, 69.632664323620091 ], [ 18.990453033880655, 69.632682503027326 ], [ 18.990435084669897, 69.632703751696624 ], [ 18.990425116459885, 69.632723504771704 ], [ 18.990399320534525, 69.632746185713074 ], [ 18.990350227944035, 69.632763567723941 ], [ 18.990292436719614, 69.632780814647774 ], [ 18.99027035754678, 69.632799205028988 ] ] } },
{ "type": "Feature", "properties": { "id": "20260912_17", "note": "", "gps_accuracy": 3.0, "created_at": "2026-09-12T11:43:57.154Z", "photo_url": null }, "geometry": { "type": "LineString", "coordinates": [ [ 18.9908956, 69.6333534 ], [ 18.9908927, 69.6333327 ], [ 18.9909094, 69.633309399999987 ], [ 18.9909289, 69.6332874 ], [ 18.9909358, 69.633268799999982 ], [ 18.990942, 69.633246899999989 ], [ 18.9909497, 69.6332252 ], [ 18.9909669, 69.633198899999982 ], [ 18.9909648, 69.6331799 ], [ 18.9909642, 69.6331617 ], [ 18.9909695, 69.6331372 ], [ 18.9909737, 69.633118599999989 ], [ 18.9909817, 69.6330948 ], [ 18.9909886, 69.633075 ], [ 18.9909895, 69.633056199999984 ], [ 18.9909902, 69.633036200000021 ], [ 18.9909892, 69.6330148 ], [ 18.9909917, 69.632990699999965 ], [ 18.9909979, 69.6329717 ], [ 18.9910112, 69.632945500000019 ], [ 18.9910171, 69.6329223 ], [ 18.9910187, 69.6329023 ], [ 18.9910162, 69.6328819 ], [ 18.9910099, 69.632857 ], [ 18.9910038, 69.6328372 ], [ 18.9910018, 69.632817 ], [ 18.9910041, 69.6327979 ], [ 18.9910271, 69.632778300000012 ], [ 18.9910395, 69.6327573 ], [ 18.9910472, 69.6327383 ], [ 18.9910476, 69.6327126 ], [ 18.9910479, 69.632692099999986 ], [ 18.9910545, 69.6326732 ], [ 18.9910778, 69.6326515 ], [ 18.9911323, 69.632641899999982 ] ] } },
{ "type": "Feature", "properties": { "id": "20260912_15", "note": "", "gps_accuracy": 3.3399999141693102, "created_at": "2026-09-12T11:42:49.843Z", "photo_url": "https://oehndpyzeoywfypqtsjs.supabase.co/storage/v1/object/public/observation-photos/15/1789213370367.jpg" }, "geometry": { "type": "LineString", "coordinates": [ [ 18.9945209, 69.633742 ], [ 18.9944679, 69.6337572 ], [ 18.9944106, 69.633759699999985 ], [ 18.9943417, 69.6337627 ], [ 18.9942378, 69.6337618 ] ] } },
{ "type": "Feature", "properties": { "id": "20260912_14", "note": "Probably due to bluberries picking", "gps_accuracy": 3.0, "created_at": "2026-09-12T11:41:33.839Z", "photo_url": "https://oehndpyzeoywfypqtsjs.supabase.co/storage/v1/object/public/observation-photos/14/1789213294356.jpg" }, "geometry": { "type": "LineString", "coordinates": [ [ 18.9942334, 69.6338142 ], [ 18.9942902, 69.633802900000035 ], [ 18.9943428, 69.633795099999986 ], [ 18.9943947, 69.6337921 ], [ 18.9944535, 69.633789899999982 ], [ 18.9944848, 69.63381 ], [ 18.9944766, 69.633829 ], [ 18.9945544, 69.633786499999985 ] ] } },
{ "type": "Feature", "properties": { "id": "20260912_13", "note": "", "gps_accuracy": 3.0, "created_at": "2026-09-12T11:40:22.763Z", "photo_url": null }, "geometry": { "type": "LineString", "coordinates": [ [ 18.990733, 69.6336625 ], [ 18.9908031, 69.6336633 ], [ 18.990849, 69.633674699999986 ], [ 18.9908906, 69.6336864 ], [ 18.990933, 69.6336976 ] ] } },
{ "type": "Feature", "properties": { "id": "20260912_11", "note": "Not sure if faint path or not but vegetation is being compressed", "gps_accuracy": 3.0, "created_at": "2026-09-12T11:38:55.795Z", "photo_url": "https://oehndpyzeoywfypqtsjs.supabase.co/storage/v1/object/public/observation-photos/11/1789213136302.jpg" }, "geometry": { "type": "LineString", "coordinates": [ [ 18.994262, 69.634013200000012 ], [ 18.9942096, 69.6340156 ] ] } },
{ "type": "Feature", "properties": { "id": "20260912_10", "note": "", "gps_accuracy": 3.0, "created_at": "2026-09-12T11:37:56.210Z", "photo_url": null }, "geometry": { "type": "LineString", "coordinates": [ [ 18.9947983, 69.6346011 ], [ 18.9947679, 69.6346174 ], [ 18.9947374, 69.6346338 ], [ 18.9946958, 69.6346529 ], [ 18.9946637, 69.6346704 ], [ 18.9946222, 69.6346954 ], [ 18.9946074, 69.6347142 ], [ 18.994589, 69.6347331 ], [ 18.9945558, 69.634747 ] ] } },
{ "type": "Feature", "properties": { "id": "20260912_5", "note": "", "gps_accuracy": 3.00399994850159, "created_at": "2026-09-12T11:34:15.809Z", "photo_url": null }, "geometry": { "type": "LineString", "coordinates": [ [ 18.9910602, 69.6342662 ], [ 18.9910722, 69.6342885 ], [ 18.991088, 69.634312099999988 ], [ 18.9911034, 69.6343317 ], [ 18.9911216, 69.6343527 ], [ 18.991134, 69.6343704 ], [ 18.9911499, 69.6343877 ], [ 18.9911749, 69.6344035 ], [ 18.9911992, 69.6344201 ], [ 18.9912277, 69.6344391 ], [ 18.9912639, 69.6344544 ] ] } },
{ "type": "Feature", "properties": { "id": "20260912_4", "note": "", "gps_accuracy": 3.3740000724792498, "created_at": "2026-09-12T11:33:39.944Z", "photo_url": "https://oehndpyzeoywfypqtsjs.supabase.co/storage/v1/object/public/observation-photos/4/1789212820446.jpg" }, "geometry": { "type": "LineString", "coordinates": [ [ 18.9938488, 69.6345987 ], [ 18.9938403, 69.634577400000012 ], [ 18.9937913, 69.6345649 ], [ 18.9942353, 69.6345997 ], [ 18.9943167, 69.6346009 ], [ 18.9943782, 69.6345934 ], [ 18.9944335, 69.6345902 ], [ 18.9944877, 69.6345956 ], [ 18.9945465, 69.6346019 ], [ 18.9946088, 69.634607699999989 ], [ 18.9946661, 69.6346103 ], [ 18.9947317, 69.634612800000014 ], [ 18.9947925, 69.634613499999986 ] ] } },
{ "type": "Feature", "properties": { "id": "20260912_3", "note": "", "gps_accuracy": 3.0, "created_at": "2026-09-12T11:33:07.328Z", "photo_url": null }, "geometry": { "type": "LineString", "coordinates": [ [ 18.991801, 69.634538 ], [ 18.9917445, 69.6345265 ], [ 18.9916973, 69.6345122 ], [ 18.9916515, 69.6344981 ], [ 18.9915899, 69.63448769999998 ], [ 18.9915393, 69.6344827 ], [ 18.9914772, 69.634480200000013 ], [ 18.9914024, 69.634475599999988 ], [ 18.9913501, 69.6344681 ], [ 18.9913017, 69.63446 ], [ 18.991244, 69.6344519 ], [ 18.9911856, 69.6344473 ], [ 18.9911353, 69.634439699999987 ], [ 18.9910836, 69.6344316 ], [ 18.9910376, 69.6344233 ], [ 18.9909985, 69.6344066 ], [ 18.9909636, 69.6343912 ], [ 18.9909318, 69.6343711 ], [ 18.990904, 69.6343537 ], [ 18.9908854, 69.6343316 ], [ 18.9908936, 69.6343101 ] ] } }
]
}
