{
"type": "FeatureCollection",
"name": "20260912_widetrails",
"crs": { "type": "name", "properties": { "name": "urn:ogc:def:crs:OGC:1.3:CRS84" } },
"features": [
{ "type": "Feature", "properties": { "id": "20260912_199", "note": "", "gps_accuracy": 3.1140000820159899, "created_at": "2026-09-12T14:27:26.310Z", "photo_url": null }, "geometry": { "type": "LineString", "coordinates": [ [ 18.9942625, 69.6342608 ], [ 18.9942902, 69.6342762 ], [ 18.9942925, 69.634295499999979 ], [ 18.9942938, 69.63432 ], [ 18.9942861, 69.634342899999979 ], [ 18.9942687, 69.6343621 ], [ 18.9942405, 69.634386 ] ] } },
{ "type": "Feature", "properties": { "id": "20260912_190", "note": "", "gps_accuracy": 3.0, "created_at": "2026-09-12T14:17:05.126Z", "photo_url": null }, "geometry": { "type": "LineString", "coordinates": [ [ 19.0016873, 69.6319622 ], [ 19.0016815, 69.6319827 ], [ 19.0016611, 69.6319999 ], [ 19.0016092, 69.632012099999983 ], [ 19.0015644, 69.632023399999966 ], [ 19.0015115, 69.6320343 ], [ 19.001458, 69.6320475 ], [ 19.0013941, 69.6320504 ], [ 19.0013401, 69.632053699999986 ], [ 19.0012856, 69.6320565 ], [ 19.0012196, 69.632066600000016 ], [ 19.0011676, 69.632082899999986 ], [ 19.0011242, 69.6321027 ], [ 19.001087, 69.6321204 ], [ 19.0010715, 69.6321412 ], [ 19.0010235, 69.6321588 ] ] } },
{ "type": "Feature", "properties": { "id": "20260912_187", "note": "", "gps_accuracy": 3.0559999942779501, "created_at": "2026-09-12T14:15:49.969Z", "photo_url": null }, "geometry": { "type": "LineString", "coordinates": [ [ 19.0047657, 69.630919 ], [ 19.0047239, 69.6309389 ], [ 19.004698, 69.6309573 ], [ 19.0046647, 69.6309775 ], [ 19.0046334, 69.630995 ], [ 19.0045875, 69.6310099 ], [ 19.0045254, 69.631025899999983 ], [ 19.004484, 69.6310392 ], [ 19.0044481, 69.6310528 ], [ 19.0044099, 69.631069399999973 ], [ 19.0043606, 69.631081699999982 ], [ 19.0043135, 69.631095 ], [ 19.0042879, 69.6311145 ], [ 19.0042521, 69.6311347 ], [ 19.004214, 69.6311519 ], [ 19.0041626, 69.631165 ], [ 19.0041082, 69.631184 ], [ 19.0040612, 69.6311985 ], [ 19.0040134, 69.631209199999972 ], [ 19.0040016, 69.631228 ], [ 19.0039702, 69.6312443 ], [ 19.0039359, 69.6312578 ], [ 19.003899, 69.631275699999989 ], [ 19.0038576, 69.631293199999988 ], [ 19.0037981, 69.6313044 ], [ 19.0037344, 69.6313131 ], [ 19.0036617, 69.631314500000016 ], [ 19.0036097, 69.631321400000019 ], [ 19.003571, 69.631333499999982 ], [ 19.0035181, 69.6313525 ], [ 19.0034699, 69.631371900000019 ], [ 19.0034359, 69.6313863 ], [ 19.0034049, 69.6314016 ], [ 19.0033982, 69.6314218 ], [ 19.0033685, 69.631445099999979 ], [ 19.0033391, 69.6314661 ], [ 19.0032994, 69.6314801 ], [ 19.0032459, 69.6314956 ], [ 19.0032142, 69.6315101 ], [ 19.0031819, 69.631530199999986 ], [ 19.0031436, 69.6315448 ], [ 19.0031113, 69.631567 ], [ 19.0030987, 69.631587200000013 ], [ 19.0030846, 69.631608 ], [ 19.003052, 69.6316281 ], [ 19.0030073, 69.6316454 ], [ 19.0029743, 69.6316593 ], [ 19.0029353, 69.6316718 ], [ 19.0028953, 69.631687899999989 ], [ 19.002842, 69.6317111 ], [ 19.0028072, 69.6317277 ], [ 19.0027679, 69.6317465 ], [ 19.0027424, 69.631762899999984 ], [ 19.0027152, 69.6317782 ], [ 19.0026715, 69.631793699999989 ], [ 19.0026204, 69.6318118 ], [ 19.0025675, 69.63181560000001 ], [ 19.0024956, 69.631821499999987 ], [ 19.002429, 69.6318306 ], [ 19.0023624, 69.63184080000002 ], [ 19.0023178, 69.6318509 ], [ 19.0022706, 69.6318584 ], [ 19.0022181, 69.6318668 ], [ 19.0021569, 69.6318686 ], [ 19.0021051, 69.6318713 ], [ 19.0020377, 69.6318809 ], [ 19.001975, 69.6318914 ] ] } },
{ "type": "Feature", "properties": { "id": "20260912_184", "note": "Mountainbike trail", "gps_accuracy": 3.0, "created_at": "2026-09-12T14:12:58.703Z", "photo_url": null }, "geometry": { "type": "LineString", "coordinates": [ [ 19.0054511, 69.6298994 ], [ 19.0054601, 69.6299178 ], [ 19.0054653, 69.629938699999983 ], [ 19.0054614, 69.629973 ], [ 19.0054771, 69.629995 ], [ 19.0054801, 69.6300151 ], [ 19.0054589, 69.6300417 ], [ 19.0054684, 69.6300659 ], [ 19.0054623, 69.630088 ], [ 19.0054644, 69.630107200000012 ], [ 19.0054811, 69.6301284 ], [ 19.0055003, 69.630147 ], [ 19.0055064, 69.6301687 ], [ 19.0054903, 69.630191400000015 ], [ 19.0055053, 69.630212499999985 ], [ 19.0055025, 69.6302307 ], [ 19.0055052, 69.6302498 ], [ 19.005512, 69.6302731 ], [ 19.0055353, 69.6302944 ], [ 19.0055188, 69.6303185 ], [ 19.0054856, 69.6303399 ], [ 19.0054661, 69.6303587 ], [ 19.0054588, 69.6303775 ], [ 19.0054337, 69.630394 ], [ 19.0053883, 69.6304094 ], [ 19.0053351, 69.630422699999983 ], [ 19.0052738, 69.6304394 ], [ 19.005255, 69.6304573 ], [ 19.0052249, 69.6304875 ], [ 19.0052035, 69.630505899999989 ], [ 19.0051954, 69.630524899999983 ], [ 19.0051929, 69.6305481 ], [ 19.0051843, 69.6305682 ], [ 19.0051684, 69.6305866 ], [ 19.0051347, 69.6306076 ], [ 19.0051028, 69.6306315 ], [ 19.0050877, 69.630654 ], [ 19.0050418, 69.6306718 ], [ 19.0050326, 69.630694 ], [ 19.0050084, 69.630729100000011 ], [ 19.0049772, 69.63075139999998 ], [ 19.0049498, 69.6307742 ], [ 19.0049143, 69.6307974 ], [ 19.0048841, 69.6308152 ], [ 19.0048551, 69.6308435 ], [ 19.0048183, 69.630864499999987 ], [ 19.0047803, 69.630881799999983 ] ] } },
{ "type": "Feature", "properties": { "id": "20260912_183", "note": "", "gps_accuracy": 3.0, "created_at": "2026-09-12T14:11:54.933Z", "photo_url": null }, "geometry": { "type": "LineString", "coordinates": [ [ 18.9894732, 69.6289673 ], [ 18.9894212, 69.6289665 ], [ 18.9894752, 69.6289889 ], [ 18.9894927, 69.6290104 ], [ 18.9894943, 69.6290299 ], [ 18.9894749, 69.629046799999983 ], [ 18.9895006, 69.6290668 ], [ 18.9895401, 69.629084799999987 ], [ 18.9895643, 69.6291116 ], [ 18.9895903, 69.629128800000018 ], [ 18.9896148, 69.629147799999984 ], [ 18.9896569, 69.629166 ], [ 18.9896729, 69.6291893 ], [ 18.9896948, 69.629215 ], [ 18.9897337, 69.6292274 ], [ 18.9898028, 69.629248800000013 ], [ 18.989837, 69.6292667 ], [ 18.9898775, 69.62928119999998 ], [ 18.9899172, 69.6293003 ], [ 18.9899599, 69.629315 ], [ 18.9900159, 69.6293334 ], [ 18.9900521, 69.629351199999988 ], [ 18.9900818, 69.6293701 ], [ 18.9901144, 69.6293858 ], [ 18.9901629, 69.6294109 ], [ 18.9901852, 69.6294292 ] ] } },
{ "type": "Feature", "properties": { "id": "20260912_182", "note": "", "gps_accuracy": 3.0, "created_at": "2026-09-12T14:10:36.947Z", "photo_url": null }, "geometry": { "type": "LineString", "coordinates": [ [ 18.987193, 69.628169799999981 ], [ 18.9872531, 69.62818230000002 ], [ 18.9873026, 69.628204400000016 ], [ 18.9873422, 69.6282208 ], [ 18.9873823, 69.6282349 ], [ 18.9874429, 69.628246500000017 ], [ 18.9874961, 69.628257600000012 ], [ 18.9875349, 69.6282719 ], [ 18.9875661, 69.6282929 ], [ 18.9875924, 69.6283095 ], [ 18.9876241, 69.6283266 ], [ 18.9876609, 69.6283413 ], [ 18.9877125, 69.628354 ], [ 18.9877631, 69.628367 ], [ 18.9878102, 69.628381499999989 ], [ 18.9878385, 69.628399400000021 ], [ 18.9878749, 69.6284179 ], [ 18.9879116, 69.6284347 ], [ 18.987945, 69.6284573 ], [ 18.987988, 69.6284723 ], [ 18.9880184, 69.6284906 ], [ 18.9880414, 69.628508499999981 ], [ 18.9880704, 69.628525899999985 ], [ 18.9881085, 69.6285409 ], [ 18.9881599, 69.6285581 ], [ 18.9882037, 69.628576 ], [ 18.9882531, 69.6285902 ], [ 18.9883118, 69.6286046 ], [ 18.9883921, 69.6286149 ], [ 18.9884488, 69.6286247 ], [ 18.988495, 69.628636400000019 ], [ 18.988512, 69.6286614 ], [ 18.9885274, 69.6286796 ], [ 18.9885457, 69.6287005 ], [ 18.9885927, 69.628718599999985 ], [ 18.9886367, 69.6287341 ], [ 18.9887079, 69.6287388 ], [ 18.9887154, 69.62876 ], [ 18.9887767, 69.6287733 ], [ 18.9888379, 69.628785099999988 ], [ 18.9888941, 69.6287973 ], [ 18.9889366, 69.62881 ], [ 18.9889843, 69.6288252 ], [ 18.9890341, 69.6288412 ], [ 18.989056, 69.6288586 ], [ 18.989095, 69.6288791 ], [ 18.9891279, 69.6288933 ], [ 18.9891674, 69.6289075 ], [ 18.9892229, 69.6289194 ], [ 18.9892723, 69.628936899999985 ], [ 18.9893085, 69.6289536 ], [ 18.9893754, 69.628961899999965 ], [ 18.9894284, 69.6289654 ] ] } },
{ "type": "Feature", "properties": { "id": "20260912_181", "note": "", "gps_accuracy": 3.0, "created_at": "2026-09-12T14:07:53.871Z", "photo_url": null }, "geometry": { "type": "LineString", "coordinates": [ [ 18.9856514, 69.627641699999984 ], [ 18.9856872, 69.6276559 ], [ 18.9857206, 69.6276716 ], [ 18.9857572, 69.627688299999988 ], [ 18.9857996, 69.6277069 ], [ 18.9858343, 69.6277249 ], [ 18.9858702, 69.627743899999984 ], [ 18.9859172, 69.6277644 ], [ 18.9859434, 69.6277831 ], [ 18.9859739, 69.6277982 ], [ 18.9860129, 69.6278103 ], [ 18.9860555, 69.6278225 ], [ 18.9861123, 69.627832 ], [ 18.9861642, 69.6278381 ], [ 18.9862207, 69.6278455 ], [ 18.986269, 69.6278534 ], [ 18.9863302, 69.6278616 ], [ 18.9863862, 69.6278659 ], [ 18.9864479, 69.627879 ], [ 18.9864706, 69.6279005 ], [ 18.9865199, 69.6279105 ], [ 18.9865662, 69.6279191 ], [ 18.9866042, 69.6279357 ], [ 18.9866236, 69.627957599999988 ], [ 18.9866466, 69.6279756 ], [ 18.9866837, 69.6279936 ], [ 18.9867291, 69.628012399999989 ], [ 18.9867868, 69.6280252 ], [ 18.986835, 69.6280359 ], [ 18.9868949, 69.6280393 ], [ 18.9869508, 69.6280524 ], [ 18.9869959, 69.6280643 ], [ 18.9870402, 69.628076399999969 ], [ 18.9870805, 69.628092199999983 ], [ 18.9871031, 69.628110199999981 ], [ 18.9871426, 69.6281252 ], [ 18.9871732, 69.628144799999987 ], [ 18.9872113, 69.6281597 ], [ 18.9872545, 69.6281727 ] ] } },
{ "type": "Feature", "properties": { "id": "20260912_176", "note": "", "gps_accuracy": 12.0018124105213, "created_at": "2026-09-12T14:03:15.079Z", "photo_url": null }, "geometry": { "type": "LineString", "coordinates": [ [ 18.985151257158236, 69.626251592277612 ], [ 18.985306886710603, 69.626320241170134 ], [ 18.98526784357934, 69.626343377563245 ], [ 18.985119613849559, 69.626240023070366 ], [ 18.985263320272839, 69.626224068584563 ], [ 18.98517294192288, 69.626232939687682 ], [ 18.985227801816126, 69.626226862766018 ], [ 18.985323485330635, 69.626237012226355 ], [ 18.985237952984079, 69.626259664347785 ], [ 18.985110722904775, 69.626264448234224 ], [ 18.985066675983063, 69.626299334885957 ], [ 18.984994269634281, 69.626316498410176 ], [ 18.984940445796219, 69.626307603194419 ], [ 18.984886338722646, 69.626339853128542 ], [ 18.984906775337869, 69.626364744158579 ], [ 18.98491805419301, 69.626392013651511 ], [ 18.984924606370051, 69.626423281642857 ], [ 18.985151441628386, 69.626566667909799 ], [ 18.98519763940936, 69.626588481624722 ], [ 18.985270574880357, 69.626622920333773 ], [ 18.985057514722065, 69.626557016918071 ], [ 18.985080244061528, 69.626513889423322 ], [ 18.985117207437, 69.62641428135899 ], [ 18.985115433301917, 69.626395540725213 ], [ 18.985189466116221, 69.626453552011483 ], [ 18.985270003141295, 69.626475063043202 ], [ 18.985271071788674, 69.626502424929114 ], [ 18.985130151091521, 69.626487969477637 ], [ 18.985089720560758, 69.626509281964331 ] ] } },
{ "type": "Feature", "properties": { "id": "20260912_175", "note": "", "gps_accuracy": 3.0, "created_at": "2026-09-12T14:02:58.151Z", "photo_url": null }, "geometry": { "type": "LineString", "coordinates": [ [ 19.0003122, 69.6283226 ], [ 19.0002703, 69.6283356 ], [ 19.0002269, 69.6283505 ], [ 19.0001821, 69.62836630000001 ], [ 19.0001329, 69.628381600000012 ], [ 19.0000862, 69.628394699999987 ], [ 19.0000336, 69.628409199999979 ], [ 18.999965, 69.62843 ], [ 18.999918, 69.6284464 ], [ 18.9998724, 69.628466399999979 ], [ 18.9998334, 69.6284785 ], [ 18.9997863, 69.628492799999989 ], [ 18.999751, 69.628510100000014 ], [ 18.9996976, 69.628533299999987 ], [ 18.9996579, 69.628548 ] ] } },
{ "type": "Feature", "properties": { "id": "20260912_171", "note": "", "gps_accuracy": 3.0, "created_at": "2026-09-12T14:00:48.881Z", "photo_url": null }, "geometry": { "type": "LineString", "coordinates": [ [ 18.9876427, 69.6258631 ], [ 18.9876837, 69.6258495 ], [ 18.9876289, 69.6258349 ], [ 18.987566, 69.6258259 ], [ 18.9875037, 69.6258231 ], [ 18.98744, 69.6258204 ], [ 18.987377, 69.6258233 ], [ 18.987316, 69.6258264 ], [ 18.9872627, 69.6258236 ], [ 18.9872097, 69.6258297 ], [ 18.9871494, 69.625837599999983 ], [ 18.9870818, 69.625845 ], [ 18.9870086, 69.625853799999973 ], [ 18.9869646, 69.6258671 ], [ 18.9869033, 69.6258746 ], [ 18.9868494, 69.625886499999979 ], [ 18.986797, 69.625898699999979 ], [ 18.9867533, 69.6259125 ], [ 18.986708, 69.6259248 ], [ 18.9866437, 69.625928 ], [ 18.9866073, 69.625946 ], [ 18.9865506, 69.625959399999985 ], [ 18.9864826, 69.625970199999983 ], [ 18.9864363, 69.6259812 ], [ 18.9863834, 69.625989599999983 ], [ 18.98632, 69.6259932 ], [ 18.986265, 69.626001299999984 ], [ 18.9862295, 69.6260162 ], [ 18.9861832, 69.62603 ], [ 18.9861397, 69.6260437 ], [ 18.9860754, 69.6260537 ], [ 18.9860204, 69.6260585 ], [ 18.9859519, 69.626054499999981 ], [ 18.9858767, 69.6260435 ], [ 18.9858213, 69.6260321 ], [ 18.9857515, 69.626031899999987 ], [ 18.9856925, 69.6260428 ], [ 18.9856396, 69.6260472 ], [ 18.9855878, 69.626049 ], [ 18.9855343, 69.6260574 ], [ 18.9854698, 69.6260759 ], [ 18.9854381, 69.6260958 ], [ 18.9854081, 69.6261123 ], [ 18.9853769, 69.626130299999986 ], [ 18.9853653, 69.626152 ], [ 18.9853413, 69.626173499999979 ] ] } },
{ "type": "Feature", "properties": { "id": "20260912_167", "note": "", "gps_accuracy": 3.0, "created_at": "2026-09-12T13:57:55.337Z", "photo_url": null }, "geometry": { "type": "LineString", "coordinates": [ [ 18.9898527, 69.6252349 ], [ 18.9897954, 69.6252362 ], [ 18.9897347, 69.625249199999985 ], [ 18.9897047, 69.625271799999965 ], [ 18.9896703, 69.6252905 ], [ 18.9896343, 69.625312099999988 ], [ 18.9895956, 69.6253312 ], [ 18.9895704, 69.625351499999979 ], [ 18.989545, 69.6253677 ], [ 18.9895075, 69.6253842 ], [ 18.9894895, 69.6254032 ], [ 18.9894532, 69.6254202 ], [ 18.9893952, 69.6254299 ], [ 18.9893346, 69.6254344 ], [ 18.9892733, 69.625436199999967 ], [ 18.9892034, 69.6254365 ], [ 18.9891429, 69.6254398 ], [ 18.9890918, 69.62545590000002 ], [ 18.9890333, 69.625461300000012 ], [ 18.9889803, 69.6254677 ], [ 18.9889292, 69.6254744 ], [ 18.988861, 69.625491299999965 ], [ 18.9888047, 69.6255042 ], [ 18.9887567, 69.625513399999988 ], [ 18.9887129, 69.625525 ], [ 18.9886617, 69.625539 ], [ 18.988589, 69.6255507 ], [ 18.9885344, 69.6255585 ], [ 18.9884852, 69.625570399999987 ], [ 18.9884388, 69.625581299999979 ], [ 18.9883958, 69.6255956 ], [ 18.9883637, 69.6256117 ], [ 18.9883326, 69.6256359 ], [ 18.9882914, 69.6256509 ], [ 18.9882551, 69.6256667 ], [ 18.9882171, 69.625687900000017 ], [ 18.9881852, 69.6257059 ], [ 18.9881604, 69.625726299999982 ], [ 18.9881328, 69.6257463 ] ] } },
{ "type": "Feature", "properties": { "id": "20260912_165", "note": "", "gps_accuracy": 8.0012082736808807, "created_at": "2026-09-12T13:57:35.806Z", "photo_url": null }, "geometry": { "type": "LineString", "coordinates": [ [ 18.989951140483814, 69.625191458989619 ], [ 18.989836724795907, 69.625184750143077 ], [ 18.989798727190067, 69.625144874115222 ], [ 18.989905497898899, 69.625166163410171 ], [ 18.989893660083776, 69.62514416383992 ], [ 18.989941529148048, 69.625126188542993 ], [ 18.989885195760586, 69.625097633984822 ], [ 18.989812548628148, 69.6251315160698 ], [ 18.9897810740793, 69.625163701627102 ], [ 18.989768572574544, 69.625183585765967 ], [ 18.989724323149485, 69.625195028926967 ], [ 18.98967215837968, 69.625208443553134 ], [ 18.989637378385105, 69.625223176457737 ], [ 18.98962019187007, 69.62524566537239 ], [ 18.989553606152661, 69.62525543057906 ], [ 18.989486117542061, 69.625254449804132 ], [ 18.989429347002908, 69.625248768387095 ], [ 18.98938101685194, 69.625262769737972 ], [ 18.989338307960573, 69.625273216445194 ], [ 18.989284092316861, 69.625281455312773 ], [ 18.989218124725301, 69.625297368799309 ], [ 18.989158811165247, 69.625315788530841 ], [ 18.98910849896312, 69.625333422565959 ], [ 18.989060147383778, 69.625341537923589 ], [ 18.988997694648752, 69.625356733206303 ], [ 18.988936183568921, 69.625356256553573 ], [ 18.988854809247798, 69.625364850040143 ], [ 18.98831716156544, 69.625659171192083 ], [ 18.988297852614831, 69.6256688722858 ], [ 18.988315689576226, 69.625649416644791 ], [ 18.988299974356693, 69.625621584174894 ], [ 18.98829408511293, 69.625641604348743 ], [ 18.988337098910915, 69.625621614366892 ], [ 18.988306720079631, 69.625574247702616 ], [ 18.988359494151808, 69.62559458833978 ] ] } },
{ "type": "Feature", "properties": { "id": "20260912_161", "note": "", "gps_accuracy": 8.0012082736808807, "created_at": "2026-09-12T13:54:03.124Z", "photo_url": null }, "geometry": { "type": "LineString", "coordinates": [ [ 18.993316665279799, 69.624908727781758 ], [ 18.993263549463105, 69.624903747235336 ], [ 18.993257505821354, 69.62488573587656 ], [ 18.993177367456791, 69.624881165933147 ], [ 18.993109186942025, 69.624873471979257 ], [ 18.993067045522995, 69.62486019206338 ], [ 18.99300778285086, 69.624865571139395 ], [ 18.993052956790319, 69.624876362215772 ], [ 18.992895287570384, 69.624952346153876 ], [ 18.992637994904523, 69.624955686295493 ], [ 18.992600646392155, 69.624902209017748 ], [ 18.992519164187726, 69.624938799315103 ], [ 18.992469904884945, 69.624932613638151 ], [ 18.992408936572424, 69.624919489742496 ], [ 18.992395658762803, 69.624894694523363 ], [ 18.992256182297083, 69.624935206777522 ], [ 18.992201735193447, 69.624925522623073 ], [ 18.992136563978313, 69.624942461166086 ], [ 18.992094655982406, 69.624959521329586 ], [ 18.992046084414341, 69.624972988679971 ], [ 18.991993691729693, 69.624979288043633 ], [ 18.991942241038831, 69.624983081713353 ], [ 18.991919911615504, 69.62500614778827 ], [ 18.991891157892276, 69.62502134576529 ], [ 18.991656324434111, 69.625026072636715 ], [ 18.991599121403421, 69.625029389023467 ], [ 18.9915378366398, 69.625032717685968 ], [ 18.991480290736131, 69.625027117225159 ], [ 18.991415646558753, 69.625023765988757 ], [ 18.991335854573606, 69.625030579941509 ], [ 18.991286182686896, 69.62504409368303 ], [ 18.991227582744486, 69.625041076214117 ], [ 18.991163903789719, 69.625041625492528 ], [ 18.991116254971494, 69.625053471996637 ], [ 18.991078852213274, 69.625067383434796 ] ] } },
{ "type": "Feature", "properties": { "id": "20260912_160", "note": "", "gps_accuracy": 2.72430474363376, "created_at": "2026-09-12T13:53:55.702Z", "photo_url": null }, "geometry": { "type": "LineString", "coordinates": [ [ 18.993991014513139, 69.625376714411757 ], [ 18.994002325503288, 69.625397435987452 ], [ 18.993992076636331, 69.625419669828446 ], [ 18.993999464227997, 69.625437757284203 ], [ 18.993987143199718, 69.625459661622671 ], [ 18.994024894168842, 69.625489004873387 ], [ 18.994085019345004, 69.625497515980129 ], [ 18.994104870822401, 69.625518765629195 ], [ 18.994115111663426, 69.625541090853545 ], [ 18.994074036215345, 69.625565625081137 ], [ 18.994094555520078, 69.625591448093786 ], [ 18.994121166729776, 69.625610055297429 ], [ 18.994166846651236, 69.62562652773174 ], [ 18.994174946264387, 69.625644472819459 ], [ 18.99418592258117, 69.625665058198706 ], [ 18.994192494495536, 69.625690063421544 ], [ 18.994182992206305, 69.625708354487088 ], [ 18.994174980180986, 69.625728526315129 ], [ 18.994147032029669, 69.625746932569768 ], [ 18.994107790105847, 69.625761383105626 ], [ 18.994055132835872, 69.62577109455853 ] ] } },
{ "type": "Feature", "properties": { "id": "20260912_159", "note": "", "gps_accuracy": 3.55025160049192, "created_at": "2026-09-12T13:53:16.574Z", "photo_url": null }, "geometry": { "type": "LineString", "coordinates": [ [ 19.003526628847915, 69.607369356805535 ], [ 19.003538190916657, 69.607347208531849 ], [ 19.003540493921129, 69.607327895673507 ], [ 19.003518780819448, 69.607306062014871 ], [ 19.003516856774731, 69.607283535784603 ], [ 19.003545472298399, 69.607267263517613 ], [ 19.003606085407068, 69.607266356161404 ], [ 19.003663183069445, 69.607260365238659 ], [ 19.003624895783215, 69.607245373429166 ], [ 19.003596704505888, 69.60722784242374 ], [ 19.003593139184776, 69.607205072828364 ], [ 19.003623353285963, 69.607180850158812 ], [ 19.003601030376974, 69.607164490285726 ], [ 19.003585211003294, 69.607143026238958 ], [ 19.003593052185906, 69.60711600156408 ], [ 19.003557673338531, 69.607095715936893 ], [ 19.003575745935979, 69.607072764062607 ], [ 19.003602622812139, 69.607050129893807 ], [ 19.003619763130825, 69.607030824278539 ], [ 19.003619715516795, 69.607012023875896 ], [ 19.003636718178484, 69.606986611142489 ], [ 19.00365117835192, 69.606966756467187 ], [ 19.003667517027495, 69.606944194601098 ], [ 19.003679009795032, 69.606926007538021 ], [ 19.003695230560417, 69.606904014603245 ], [ 19.003739730898065, 69.606884980408253 ], [ 19.003780722103883, 69.606871539575451 ], [ 19.003800964171766, 69.606846661781816 ], [ 19.003802727802167, 69.606826153098339 ], [ 19.003782678437169, 69.606807108051441 ], [ 19.003780937104114, 69.606787082255721 ], [ 19.003765940803518, 69.606768724233447 ], [ 19.003762102633846, 69.606750091350477 ], [ 19.003759751967401, 69.606730426268683 ], [ 19.003750130904344, 69.606711440593244 ], [ 19.003763352871424, 69.606689048553434 ], [ 19.003777821726757, 69.606663995005306 ], [ 19.003787248124389, 69.606638412365342 ], [ 19.003804779096004, 69.606620728732736 ], [ 19.003826210685311, 69.606602668111989 ], [ 19.003834243857966, 69.606582869481144 ], [ 19.003817087920453, 69.606564384453463 ], [ 19.003786344398105, 69.606548050990838 ], [ 19.003769909213496, 69.60652738852967 ], [ 19.003735397072351, 69.606508186799545 ], [ 19.003701242583819, 69.606488483095802 ], [ 19.003668254440857, 69.606473522847892 ], [ 19.00363765472682, 69.606458955387495 ], [ 19.003601775290761, 69.60644045936931 ], [ 19.003613512873567, 69.606420073030904 ], [ 19.003650106253279, 69.60640438251113 ], [ 19.003680836159678, 69.606384428396225 ], [ 19.003694213302001, 69.606366652326884 ], [ 19.003707165727214, 69.606348780894507 ], [ 19.003732304163666, 69.606322621777608 ], [ 19.003747971127563, 69.60630320530575 ], [ 19.003756658997272, 69.606285062282765 ], [ 19.00374261514408, 69.606259319265746 ], [ 19.003756594843413, 69.606239287812556 ], [ 19.003793812445995, 69.606225791572584 ], [ 19.003830772028198, 69.606209912473801 ], [ 19.003875708167943, 69.606192885139322 ], [ 19.003872509859622, 69.606174454331054 ], [ 19.003896317446358, 69.60615391229382 ], [ 19.003912309225836, 69.60613532642941 ], [ 19.003928913472759, 69.60611297376137 ], [ 19.003958409348556, 69.606088966423712 ], [ 19.003982395889221, 69.606067485587587 ], [ 19.003994674977815, 69.606038783663465 ], [ 19.003992095506977, 69.606018983307251 ], [ 19.003998536972073, 69.605989582624233 ], [ 19.004009957265069, 69.605964562672355 ], [ 19.004029348016971, 69.605939577318523 ], [ 19.004067024228696, 69.605916976892843 ], [ 19.004102823509296, 69.605893025450172 ], [ 19.004133795334663, 69.605865072871453 ], [ 19.004157536002456, 69.605842918112742 ], [ 19.004187270607925, 69.60582234112745 ], [ 19.004228803988674, 69.60580433344289 ], [ 19.004278706664493, 69.605791508685584 ], [ 19.004327280133673, 69.605776397361524 ], [ 19.004376038950607, 69.605749659934872 ], [ 19.004410331182189, 69.605732884928827 ], [ 19.004431325932305, 69.605714405657807 ], [ 19.004470967532985, 69.605695764690765 ], [ 19.004520298092395, 69.605681899329852 ], [ 19.004525561253992, 69.605661586136648 ], [ 19.004560082694979, 69.605638967642548 ] ] } },
{ "type": "Feature", "properties": { "id": "20260912_153", "note": "", "gps_accuracy": 3.15299125588442, "created_at": "2026-09-12T13:48:06.797Z", "photo_url": null }, "geometry": { "type": "LineString", "coordinates": [ [ 19.003043656692398, 69.607987119660322 ], [ 19.003027859101095, 69.607968144366581 ], [ 19.003002925830799, 69.607943835614051 ], [ 19.002941723500655, 69.607859401168483 ], [ 19.002949886605997, 69.607839495719389 ], [ 19.002969695976233, 69.607814821812866 ], [ 19.003011253689305, 69.607797216788612 ], [ 19.003030431358336, 69.607775819909804 ], [ 19.003046291463136, 69.607750903214438 ], [ 19.003045362256312, 69.607718444272052 ], [ 19.003075976522275, 69.607695079713622 ], [ 19.003126270986048, 69.607672401266001 ], [ 19.00316337584681, 69.607649313441812 ], [ 19.003180378164505, 69.60762466851557 ], [ 19.003225034010089, 69.6076076803608 ], [ 19.003229308885675, 69.607589370951246 ], [ 19.003248643635754, 69.60756493078577 ], [ 19.003271965575482, 69.607539582544916 ], [ 19.003282090424268, 69.607517470019019 ], [ 19.003316217138366, 69.607495514929909 ], [ 19.003340373767205, 69.607476057788588 ], [ 19.003376491794651, 69.607460790892716 ], [ 19.003415058262302, 69.60744403097938 ], [ 19.00345672438938, 69.607426367269028 ], [ 19.003476280264636, 69.607406597694649 ], [ 19.00347982051855, 69.607384797591223 ] ] } },
{ "type": "Feature", "properties": { "id": "20260912_151", "note": "", "gps_accuracy": 2.8563997348932002, "created_at": "2026-09-12T13:45:48.038Z", "photo_url": null }, "geometry": { "type": "LineString", "coordinates": [ [ 19.002683591115289, 69.611376598542194 ], [ 19.002754695084789, 69.61134794496553 ], [ 19.00280283889435, 69.611327647793487 ], [ 19.002847500386483, 69.611307697310934 ], [ 19.00288787124672, 69.611283350640974 ], [ 19.002895581379342, 69.611256128183072 ], [ 19.00291131510944, 69.611227728076528 ], [ 19.002911357154666, 69.611199469318635 ], [ 19.002910243418121, 69.611169205331052 ], [ 19.002903628959945, 69.611140277963557 ], [ 19.002912970755947, 69.611106548713636 ], [ 19.002890087968957, 69.611087898751478 ], [ 19.002891088519423, 69.611060562084234 ], [ 19.002873909416348, 69.611034322631667 ], [ 19.002863507021516, 69.611004449974942 ], [ 19.002846549584895, 69.610976157974633 ], [ 19.00284566253108, 69.610946531108709 ], [ 19.002836385787155, 69.610918269998947 ], [ 19.002819681821283, 69.610891127913902 ], [ 19.002816650972811, 69.610864894545116 ], [ 19.002822004200976, 69.610836880587939 ], [ 19.002856148636884, 69.610811911890551 ], [ 19.002860849587197, 69.610790839360789 ], [ 19.002841988322587, 69.610766264656931 ], [ 19.0028359138512, 69.610738575679235 ], [ 19.002818140145799, 69.610712191662103 ], [ 19.002790330859572, 69.61068856770973 ], [ 19.002797837653976, 69.610665679213071 ], [ 19.002843647780097, 69.610674339626442 ], [ 19.002807056549006, 69.610653827031712 ], [ 19.002801608311945, 69.61063299800233 ], [ 19.002833291905933, 69.610613677715506 ], [ 19.002887103724294, 69.610599344661097 ], [ 19.002932523521167, 69.610578574431557 ], [ 19.00295261970507, 69.610548696283786 ], [ 19.002966765514824, 69.610519545211403 ], [ 19.002966237246689, 69.61049023369219 ], [ 19.002975381217212, 69.61045914941738 ], [ 19.002983759963652, 69.610427097204521 ], [ 19.00298596597986, 69.610401657289415 ], [ 19.002998077905769, 69.610373384608792 ], [ 19.003011252569198, 69.610350651542589 ], [ 19.003033669383033, 69.610326251844398 ], [ 19.003077060884255, 69.610309042152068 ], [ 19.003095075671453, 69.610286316258765 ], [ 19.003116887758303, 69.610255922707523 ], [ 19.003130262770064, 69.61022904453128 ], [ 19.003163231789401, 69.610203059668635 ], [ 19.003175788837805, 69.610178521666199 ], [ 19.003201652317696, 69.610154426906689 ], [ 19.003194412192357, 69.610129787163757 ], [ 19.003160481489093, 69.610105649424057 ], [ 19.003141507620715, 69.6100794317545 ], [ 19.003117109327874, 69.610061519923278 ], [ 19.00315296740067, 69.610038190478377 ], [ 19.003187329561914, 69.61001531377137 ], [ 19.003232653261978, 69.609994250567283 ], [ 19.003303628519522, 69.609929924484717 ], [ 19.003346348199063, 69.609919237037758 ], [ 19.003247630296016, 69.609871084917671 ], [ 19.003317173481207, 69.609784615462715 ], [ 19.003291841071562, 69.609823917595108 ], [ 19.003345439967234, 69.609819711183064 ], [ 19.003392261574433, 69.609809273604895 ], [ 19.003440800500755, 69.609791809889231 ], [ 19.003476924716697, 69.60977340436844 ], [ 19.003474950317688, 69.609753205076615 ], [ 19.003531493061701, 69.609727579562374 ], [ 19.003606797831814, 69.609704693195255 ], [ 19.003637097614391, 69.609681036236111 ], [ 19.003639506596887, 69.609654648550745 ], [ 19.003627140889169, 69.609634122486767 ], [ 19.003628178303774, 69.609607206083965 ], [ 19.003623158523698, 69.609572144922765 ], [ 19.003581996153606, 69.609548198354418 ], [ 19.003499690963825, 69.609540626378731 ], [ 19.00345659898959, 69.609523841801874 ], [ 19.003450903528385, 69.609499349776783 ], [ 19.003466565339163, 69.609480116663448 ], [ 19.003476154084115, 69.60945463791424 ], [ 19.00348485762666, 69.609433824444963 ], [ 19.003467427665598, 69.60941286558834 ], [ 19.003503713398164, 69.609391890271127 ], [ 19.003492288951364, 69.609368357185545 ], [ 19.003469236675912, 69.609346644731062 ], [ 19.003433761610292, 69.609325327288957 ], [ 19.003399155530946, 69.609300243228219 ], [ 19.003386136602508, 69.609280744062957 ], [ 19.003369890142942, 69.609256014507594 ], [ 19.003385310051144, 69.609229583326751 ], [ 19.003437819209488, 69.609212470611183 ], [ 19.00350235980212, 69.609205532069268 ], [ 19.003557903064365, 69.609196790396652 ], [ 19.003622934574135, 69.609184865138673 ], [ 19.003637149335844, 69.609163032674317 ], [ 19.003605013032907, 69.609147017168425 ], [ 19.003607491925582, 69.609126941603662 ], [ 19.003627298261705, 69.609105984451091 ], [ 19.003623904636111, 69.609085613890741 ], [ 19.003570854339547, 69.609063693540762 ], [ 19.003516707985206, 69.609047495306868 ], [ 19.003487824701899, 69.609030503700851 ], [ 19.00343251972728, 69.60901546099187 ], [ 19.003389338062032, 69.60900295686055 ], [ 19.003376788894851, 69.608982471243166 ], [ 19.003350593002619, 69.608965229782399 ], [ 19.003289387424076, 69.608944551319325 ], [ 19.003288878161552, 69.60892297712337 ], [ 19.003277755054203, 69.608902832142945 ], [ 19.003239659583631, 69.608882283597197 ], [ 19.003235309508295, 69.608862001767122 ], [ 19.003263866303307, 69.60884189957163 ], [ 19.003290082564547, 69.608824546008293 ], [ 19.003278885886896, 69.608802372081669 ], [ 19.003320953984126, 69.608790568830784 ], [ 19.003351301376874, 69.608772265591469 ], [ 19.003328557078426, 69.608750218149893 ], [ 19.00334103780402, 69.608729966138597 ], [ 19.003306556584292, 69.608706455915353 ], [ 19.003262887793447, 69.608694430122952 ], [ 19.003272606388069, 69.608675088915149 ], [ 19.003318313282488, 69.608654586203059 ], [ 19.003307187359347, 69.608636024058811 ], [ 19.003261164432693, 69.60861635877653 ], [ 19.003235493557849, 69.608592040689189 ], [ 19.003209310556265, 69.608571980929739 ], [ 19.003216803370965, 69.60854712120765 ], [ 19.003210088228556, 69.60852798792105 ], [ 19.003228499342651, 69.608506810710651 ], [ 19.0032658153387, 69.608487195209534 ], [ 19.003269283884791, 69.608468921015287 ], [ 19.003274999940512, 69.608445652654424 ], [ 19.003231738056066, 69.6084235700379 ], [ 19.003186346372829, 69.608412080610336 ], [ 19.003131656391879, 69.608402294128425 ], [ 19.003102211627869, 69.608386786241823 ], [ 19.003117831615771, 69.60836569141297 ], [ 19.003172280116871, 69.608353818429634 ], [ 19.003216531009357, 69.608343500744795 ], [ 19.003257645375147, 69.608315674440945 ], [ 19.003269164619155, 69.608287651240289 ], [ 19.003275840437237, 69.608268308473043 ], [ 19.003295057221564, 69.608246347701908 ], [ 19.003301691799635, 69.608226536600597 ], [ 19.003297704735409, 69.608204141989376 ], [ 19.003268676767938, 69.608178641145955 ], [ 19.003264442859095, 69.608151122618736 ], [ 19.003249606005618, 69.608133508262512 ], [ 19.003233446276134, 69.608106259338214 ], [ 19.003208732966797, 69.608087738996431 ], [ 19.003176680788897, 69.608071086733801 ], [ 19.003157626264699, 69.608052045372304 ], [ 19.00312046403501, 69.608036817611122 ] ] } },
{ "type": "Feature", "properties": { "id": "20260912_150", "note": "", "gps_accuracy": 3.53553390593274, "created_at": "2026-09-12T13:37:17.447Z", "photo_url": null }, "geometry": { "type": "LineString", "coordinates": [ [ 19.001608348104448, 69.612276622299348 ], [ 19.001615401699024, 69.612257859351629 ], [ 19.001622755314923, 69.612236932780831 ], [ 19.001656080131198, 69.612206822841301 ], [ 19.001673334277697, 69.612188051852712 ], [ 19.001705543786009, 69.612157593186325 ], [ 19.00172059428904, 69.612131912889424 ], [ 19.001753787135911, 69.612114976903385 ], [ 19.001800726209499, 69.612106503682625 ], [ 19.00179278853464, 69.612083411544916 ], [ 19.001815182056486, 69.612056630770624 ], [ 19.001868975145683, 69.612030976356181 ], [ 19.001890295750879, 69.612005279448667 ], [ 19.001892897020078, 69.611983992638045 ], [ 19.00191217358061, 69.611958757885219 ], [ 19.001929093462916, 69.611936570135086 ], [ 19.001943199589004, 69.611916321626524 ], [ 19.001948026968396, 69.611892944654016 ], [ 19.001943369463955, 69.611871993776404 ], [ 19.001904435266937, 69.611847129392217 ], [ 19.001888992383147, 69.611821011999226 ], [ 19.001917970918537, 69.611798413876087 ], [ 19.001953860031634, 69.611774061345471 ], [ 19.001972682977755, 69.611750125316362 ], [ 19.00198145312919, 69.611728740885667 ], [ 19.002004107757408, 69.611701219777032 ], [ 19.001987403164858, 69.611674634383832 ], [ 19.001996475436535, 69.611644512225865 ], [ 19.002009582443556, 69.611621991678604 ], [ 19.002004461103176, 69.611591722590362 ], [ 19.002029237182157, 69.611563100762808 ], [ 19.002062815290639, 69.61154136048917 ], [ 19.002114371068554, 69.611522184675238 ], [ 19.002171032479463, 69.611503944714741 ], [ 19.002233222249927, 69.611501102299655 ], [ 19.002907768812069, 69.611591386838697 ], [ 19.002566160651856, 69.611383010698106 ] ] } },
{ "type": "Feature", "properties": { "id": "20260912_149", "note": "", "gps_accuracy": 3.2547355708524202, "created_at": "2026-09-12T13:35:14.906Z", "photo_url": null }, "geometry": { "type": "LineString", "coordinates": [ [ 18.997572986694202, 69.623512670387782 ], [ 18.997611934145588, 69.623499685761047 ], [ 18.99765215504382, 69.623471971128581 ], [ 18.997691401118157, 69.623452739382088 ], [ 18.997727051251932, 69.623429758505367 ], [ 18.997754728522644, 69.623399736012246 ], [ 18.997758228344477, 69.623378052480959 ], [ 18.997769352411645, 69.623349875894917 ], [ 18.997809859911669, 69.623325513065282 ], [ 18.997867277723714, 69.623306713881647 ], [ 18.997876538513072, 69.623279004790774 ], [ 18.997883615337575, 69.623256682168602 ], [ 18.997901329479248, 69.623231289868016 ], [ 18.997916448957767, 69.623210545146478 ], [ 18.997928959838131, 69.623186696227037 ], [ 18.997928227395537, 69.623163651743823 ], [ 18.997949116745339, 69.623132825974892 ], [ 18.99796024858038, 69.623104517567896 ], [ 18.997976713627509, 69.623075901581331 ], [ 18.997992297574058, 69.62305568796711 ], [ 18.998011356277502, 69.623033972636108 ], [ 18.998027921248521, 69.623005987333372 ], [ 18.998056389378156, 69.622983309880567 ], [ 18.998091426480325, 69.622960030704505 ], [ 18.998121657994911, 69.622934687608321 ], [ 18.998136221679069, 69.622909802320876 ], [ 18.998160172290333, 69.62288341674207 ], [ 18.998184953733738, 69.622858215274292 ], [ 18.998190769145772, 69.62283450167962 ], [ 18.998210224156693, 69.622812739282409 ], [ 18.998227451004407, 69.622790038948779 ], [ 18.998250710494275, 69.622766035906864 ], [ 18.998285031118318, 69.622741376619089 ], [ 18.998300975574388, 69.622718220793672 ], [ 18.998316196075987, 69.622692982159265 ], [ 18.998317625391298, 69.622668866132955 ], [ 18.998336149397307, 69.622650384036461 ], [ 18.998350985365917, 69.622621550289566 ], [ 18.998362552392294, 69.622592842271217 ], [ 18.998376333123602, 69.622567622447107 ], [ 18.998380337440484, 69.622538588577385 ], [ 18.998384271876244, 69.622508447458799 ], [ 18.998383552618659, 69.622486783297191 ], [ 18.998406104056532, 69.622463530025328 ], [ 18.998439415666606, 69.622443733373046 ], [ 18.998467189490334, 69.622423955304953 ], [ 18.99849239917306, 69.622408018204212 ], [ 18.998524629912389, 69.622388012293584 ], [ 18.998566010558452, 69.622365993528035 ], [ 18.998599739785732, 69.622343217714587 ], [ 18.998605906677831, 69.622312752596841 ], [ 18.998626239762789, 69.622290093486427 ], [ 18.998617066923302, 69.622270466281549 ], [ 18.998623075044843, 69.622242380830571 ], [ 18.998618257430522, 69.622222866890183 ], [ 18.998620589107617, 69.622201396500557 ], [ 18.998629475152143, 69.62217361474292 ], [ 18.998660423115201, 69.622142157733364 ], [ 18.998682522831512, 69.622125504236635 ], [ 18.998701292096168, 69.62210304364757 ], [ 18.998721425536846, 69.622073952122705 ], [ 18.998747415039613, 69.622051788040665 ], [ 18.998743318889815, 69.622025591306766 ], [ 18.998744456005618, 69.621999397260566 ], [ 18.998744704772317, 69.621977381553776 ], [ 18.998773440520772, 69.621949957832513 ], [ 18.998787790665386, 69.621924609629346 ], [ 18.998769588296739, 69.621900649658471 ], [ 18.998753616167793, 69.621874059501266 ], [ 18.998758101236607, 69.621852283610664 ], [ 18.998761319452203, 69.621823011006441 ], [ 18.998758676813413, 69.621798935226892 ], [ 18.998756062038339, 69.621775967467499 ], [ 18.998753795249499, 69.621749495936839 ], [ 18.998747207630803, 69.621728240479669 ], [ 18.99875482896039, 69.62170200427127 ], [ 18.998743800384418, 69.621681725832048 ], [ 18.998759550266897, 69.621655806525482 ], [ 18.998766017998452, 69.621632247148497 ], [ 18.998795070093948, 69.621605157806002 ], [ 18.998804930805736, 69.621583338013437 ], [ 18.998796718230608, 69.621560583502259 ], [ 18.998808954654915, 69.62153444511128 ], [ 18.998828537064195, 69.621510480472082 ], [ 18.998826973254214, 69.621485828181449 ], [ 18.998820519056743, 69.621461300686477 ], [ 18.998836712256431, 69.62143473334767 ], [ 18.998846136746693, 69.621412890258512 ], [ 18.998855486522917, 69.621389623587461 ], [ 18.998878265456881, 69.621361270535942 ], [ 18.998877266770375, 69.621339630117973 ], [ 18.998883631225521, 69.621312307013014 ], [ 18.998917214317085, 69.6212961438506 ], [ 18.998940860796701, 69.621278926341986 ], [ 18.998975973767148, 69.621259266073835 ], [ 18.999007086316574, 69.621238263103123 ], [ 18.999021095715225, 69.621211700838884 ], [ 18.999013034300933, 69.621188260077815 ], [ 18.999002590966771, 69.621167992384642 ], [ 18.998993055605332, 69.621146262308244 ], [ 18.998978843799005, 69.621110082079056 ], [ 18.998964165624322, 69.621076387121718 ], [ 18.998960471604818, 69.621051371625185 ], [ 18.998947592952959, 69.621023556773523 ], [ 18.998947457835936, 69.62099446792061 ], [ 18.998949691088875, 69.620976055480796 ], [ 18.99894554562157, 69.620944611392218 ], [ 18.998942037654459, 69.620917651822808 ], [ 18.998952373928841, 69.620887521222585 ], [ 18.998951752746681, 69.620859116102352 ], [ 18.998952638140118, 69.620830980419328 ], [ 18.998957684620216, 69.620801538049051 ], [ 18.998960090494453, 69.620772683267759 ], [ 18.998966879844996, 69.620744159874732 ], [ 18.998953412840645, 69.620715924787149 ], [ 18.998964219580721, 69.620686333128461 ], [ 18.998970312406517, 69.620656823074512 ], [ 18.998983931126602, 69.620627644028303 ], [ 18.999010551952829, 69.620598997627326 ], [ 18.999016998969253, 69.62057187694019 ], [ 18.999025967425069, 69.620541687592194 ], [ 18.999052510178846, 69.620515445598741 ], [ 18.99907354364441, 69.620487757814871 ], [ 18.999095925880308, 69.620462609032046 ], [ 18.999123771190639, 69.620441601910599 ], [ 18.999142877450655, 69.62041686460492 ], [ 18.999144920491432, 69.620392207814135 ], [ 18.999159195754444, 69.620370425572887 ], [ 18.999139233313908, 69.620350224771528 ], [ 18.999093094540168, 69.620326558219901 ], [ 18.999047959334654, 69.620308215832836 ], [ 18.99899221203712, 69.620289978644223 ], [ 18.998945397345629, 69.620266090768766 ], [ 18.99889195257575, 69.620251190019786 ], [ 18.99884759583426, 69.620233136849393 ], [ 18.998809404432091, 69.620213517756625 ], [ 18.998767829964592, 69.620193418802529 ], [ 18.998693842881675, 69.620179679221394 ], [ 18.998641614688328, 69.620155284333848 ], [ 18.998613294020981, 69.620125248346497 ], [ 18.998588504063406, 69.620099538481981 ], [ 18.998542518707353, 69.620077829142588 ], [ 18.998519917854669, 69.620054744450499 ], [ 18.998517387964107, 69.620030809964959 ], [ 18.998501022149711, 69.62000424437278 ], [ 18.998493667536625, 69.619972028486018 ], [ 18.998470573803115, 69.619946936732134 ], [ 18.998448703257033, 69.619920618685541 ], [ 18.998443292444687, 69.61989210613811 ], [ 18.998435304496791, 69.619866327726854 ], [ 18.998432908867983, 69.619838521226953 ], [ 18.998427812492157, 69.619808260963666 ], [ 18.998423275517588, 69.619783086699883 ], [ 18.998424337091112, 69.619754957948004 ], [ 18.998417129333763, 69.619726102855324 ], [ 18.998396686103469, 69.6197001569804 ], [ 18.998391841664933, 69.619670287075351 ], [ 18.998381548456447, 69.619638869305319 ], [ 18.998377904179776, 69.619614652172615 ], [ 18.998361450051998, 69.619593108510117 ], [ 18.998322708400504, 69.619568473458102 ], [ 18.998308165584465, 69.619539285975634 ], [ 18.998305290832207, 69.619510769551809 ], [ 18.998268977030534, 69.619486430935865 ], [ 18.998241196986864, 69.619457395549517 ], [ 18.998229543699871, 69.61943032625345 ], [ 18.998206325206827, 69.619404019875361 ], [ 18.998182109477529, 69.619381108622804 ], [ 18.998156117704358, 69.619357874753078 ], [ 18.998149119453895, 69.619340039912387 ], [ 18.998145211992984, 69.619313694833039 ], [ 18.998134146362951, 69.619287513604107 ], [ 18.998120952717596, 69.619262031986921 ], [ 18.998092236486549, 69.619234505407874 ], [ 18.998067189348934, 69.61920995577708 ], [ 18.998048411561516, 69.619184434404517 ], [ 18.998042727712008, 69.619155403967255 ], [ 18.998034130387577, 69.619128203047936 ], [ 18.998046550324908, 69.619109762352906 ], [ 18.998042510346906, 69.619082946609396 ], [ 18.998048121807127, 69.619056615036158 ], [ 18.998056050541276, 69.619027653137053 ], [ 18.998053815155117, 69.61900223472675 ], [ 18.998059104959236, 69.61897408381968 ], [ 18.99806258631407, 69.618949368977866 ], [ 18.998075647551364, 69.618930695960344 ], [ 18.998070446544084, 69.618907368041192 ], [ 18.998063604203498, 69.61887984747186 ], [ 18.998055621377112, 69.618852524596505 ], [ 18.998075470484576, 69.618822102140754 ], [ 18.998095689003215, 69.618790575995121 ], [ 18.998100831056909, 69.618761107443959 ], [ 18.998104815021758, 69.618730691391306 ], [ 18.998089622011506, 69.618700684356284 ], [ 18.998105246618163, 69.618667018486761 ], [ 18.998119985113945, 69.618635673828649 ], [ 18.998132496374907, 69.618605008217799 ], [ 18.998153090235679, 69.618579361253794 ], [ 18.99815796555994, 69.618552314716752 ], [ 18.99815753102698, 69.618523972528536 ], [ 18.998182210968533, 69.618499146843249 ], [ 18.998183586513917, 69.618474291311543 ], [ 18.998178814136228, 69.618451674027369 ], [ 18.998197560311848, 69.618427746123629 ], [ 18.998227967979048, 69.618400981040011 ], [ 18.998262222797734, 69.618377416988707 ], [ 18.998255570369331, 69.618352436988104 ], [ 18.998271068026288, 69.618324703512044 ], [ 18.998291494489884, 69.618293389865684 ], [ 18.998296643620371, 69.618263382852916 ], [ 18.998295487539185, 69.618236069133857 ], [ 18.99830785879767, 69.618210522042048 ], [ 18.998317339422361, 69.61819030758366 ], [ 18.998298302058704, 69.618167023165242 ], [ 18.998321567154065, 69.618141943101307 ], [ 18.998373267540121, 69.618131269814512 ], [ 18.998437043947476, 69.618128366192636 ], [ 18.998491254440072, 69.618126257952241 ], [ 18.998524481651145, 69.618109939650935 ], [ 18.998533682474605, 69.618087105407824 ], [ 18.99851686496401, 69.61805840181151 ], [ 18.998491831902804, 69.618035424335389 ], [ 18.998477477630182, 69.618007407720754 ], [ 18.998433657607453, 69.617985097087342 ], [ 18.998429361839676, 69.617964761221359 ], [ 18.998464212100131, 69.617940865979264 ], [ 18.998496355593112, 69.617917852264355 ], [ 18.998517036107614, 69.617892148130153 ], [ 18.998528263657498, 69.617866517166235 ], [ 18.998538766531716, 69.617842774633303 ], [ 18.99855108221055, 69.617813309358198 ], [ 18.998549677837197, 69.617784971230762 ], [ 18.998564545931014, 69.617757645732809 ], [ 18.998589714781552, 69.617729237222207 ], [ 18.998603757142817, 69.617704131456165 ], [ 18.998614165669384, 69.617724770489104 ], [ 18.998592263964831, 69.617704503147166 ], [ 18.998604579571687, 69.617678450198511 ], [ 18.998630369235215, 69.617653637774083 ], [ 18.998662134562291, 69.617628576029603 ], [ 18.998685373686406, 69.617606140612935 ], [ 18.998699950677224, 69.617580764322426 ], [ 18.998712205385932, 69.617557312113775 ], [ 18.998718833822714, 69.617531368527381 ], [ 18.998742111556236, 69.617508237409993 ], [ 18.998755836601134, 69.617485242256777 ], [ 18.99876040987818, 69.617459830992303 ], [ 18.998759159774885, 69.617436205761251 ], [ 18.998779960721166, 69.617409207677014 ], [ 18.998779940217901, 69.617386308614428 ], [ 18.998803527739096, 69.6173564427001 ], [ 18.99882152561883, 69.617332050217115 ], [ 18.99882572209853, 69.617306058298468 ], [ 18.99883773597594, 69.61728595060265 ], [ 18.998847288987161, 69.617263786850444 ], [ 18.998857735168507, 69.617243675618255 ], [ 18.998850742171136, 69.617218809539395 ], [ 18.998851457626614, 69.617198579539391 ], [ 18.998845097370165, 69.617172505935756 ], [ 18.998843004009547, 69.617148871911652 ], [ 18.998850212921159, 69.617121284949192 ], [ 18.998858419287728, 69.617101537374339 ], [ 18.998880902925244, 69.617078150242293 ], [ 18.998871929434273, 69.617051643129031 ], [ 18.998903025643941, 69.617025721362353 ], [ 18.998921817875388, 69.616997472543886 ], [ 18.998940320160507, 69.616971131791331 ], [ 18.998967159424065, 69.616946972658823 ], [ 18.998985643564417, 69.616924296605134 ], [ 18.998985344735512, 69.616899403996172 ], [ 18.998980424929165, 69.616870712220532 ], [ 18.998969505061048, 69.616844623442404 ], [ 18.998981546305281, 69.616814063539891 ], [ 18.998981932597566, 69.616784775526156 ], [ 18.998993659604007, 69.616747772497206 ], [ 18.998979327566971, 69.616727878155558 ], [ 18.999001343135692, 69.616696999129232 ], [ 18.999035817798966, 69.61667194494585 ], [ 18.999068661614412, 69.616655651590079 ], [ 18.999092269443043, 69.616626341680629 ], [ 18.999118488845028, 69.616596777689679 ], [ 18.999151431279603, 69.61656905959471 ], [ 18.999160328284837, 69.616541495294754 ], [ 18.9991839745073, 69.616509495095258 ], [ 18.999182805436661, 69.616467012157315 ], [ 18.999181715789248, 69.61644203408585 ], [ 18.999186409655024, 69.616421205056454 ], [ 18.999211052450349, 69.616393880052129 ], [ 18.999252794328143, 69.61636362138168 ], [ 18.999274000543167, 69.61633600301073 ], [ 18.999295095510725, 69.616303476300786 ], [ 18.999321649370575, 69.61628603208878 ], [ 18.999340004402296, 69.616262705525259 ], [ 18.999360355802242, 69.616237267009126 ], [ 18.999384146125852, 69.616218681552255 ], [ 18.999385343542674, 69.616188437227066 ], [ 18.999394571102197, 69.616157951607377 ], [ 18.999410114256374, 69.616127753756018 ], [ 18.999424749366817, 69.616108704278872 ], [ 18.999449267093649, 69.616085849103001 ], [ 18.999466896363508, 69.616064488988087 ], [ 18.999489075535649, 69.616038324433291 ], [ 18.999512286722592, 69.616014752797199 ], [ 18.999508285769316, 69.615987472233314 ], [ 18.999515479182588, 69.615960462367326 ], [ 18.999557480203727, 69.615933023196234 ], [ 18.999557122397427, 69.615901653467887 ], [ 18.999568923596165, 69.61587251594851 ], [ 18.999596011014582, 69.61584782923309 ], [ 18.999623992822748, 69.615819447648093 ], [ 18.999635394247402, 69.615792425465557 ], [ 18.9996551272381, 69.615766229417233 ], [ 18.999685840361732, 69.615741916768712 ], [ 18.999685520674554, 69.615717063513088 ], [ 18.999671316424976, 69.6156894244657 ], [ 18.999678347405261, 69.615661814058669 ], [ 18.999682492603796, 69.615641320389472 ], [ 18.999697014639278, 69.615618191522685 ], [ 18.999707393046638, 69.615593453061507 ], [ 18.999718700104403, 69.615566016149259 ], [ 18.999740400136218, 69.615542231458292 ], [ 18.999776439924872, 69.61551562986341 ], [ 18.999800841292583, 69.615487409533557 ], [ 18.999820544795217, 69.61546113406456 ], [ 18.999835879675885, 69.615433354150241 ], [ 18.999857958572651, 69.615406621748349 ], [ 18.999889490365774, 69.61538145794151 ], [ 18.999916255582185, 69.615356202989688 ], [ 18.999949574573773, 69.615330133253806 ], [ 18.999984811606954, 69.615302215538108 ], [ 18.999993930518574, 69.615278365543332 ], [ 19.000013303836667, 69.615260013965781 ], [ 19.000037118174824, 69.615237118245133 ], [ 19.000064881864088, 69.615214927921983 ], [ 19.000081983381357, 69.615194055939455 ], [ 19.000088458197958, 69.615173874117517 ], [ 19.00010751885392, 69.615151621722049 ], [ 19.000113704141107, 69.615123812558195 ], [ 19.000136562733658, 69.6150995827103 ], [ 19.00015780831567, 69.615077838973093 ], [ 19.000183315045913, 69.61505665186175 ], [ 19.00022064923591, 69.615030279597633 ], [ 19.000241005504957, 69.615012341156714 ], [ 19.000247688596332, 69.614992495875612 ], [ 19.000238179322434, 69.614971632516259 ], [ 19.000259010328275, 69.614952380183752 ], [ 19.000285816957909, 69.614932016016809 ], [ 19.000316748511917, 69.614906511289917 ], [ 19.00032433887479, 69.614886473646195 ], [ 19.000335004532037, 69.614856115476314 ], [ 19.00035857224595, 69.614840057252863 ], [ 19.000382402914202, 69.61482213217819 ], [ 19.000401189451484, 69.614799975322271 ], [ 19.000408056984988, 69.614776203358915 ], [ 19.000415703393422, 69.614755432291972 ], [ 19.000429997466096, 69.614730679116633 ], [ 19.000450641222706, 69.614713667297096 ], [ 19.000460594314479, 69.614691737142962 ], [ 19.00048209404552, 69.614663826031972 ], [ 19.000485843999854, 69.614643492063877 ], [ 19.000474973412619, 69.614615332599669 ], [ 19.000492590305701, 69.614592466250699 ], [ 19.000512078113733, 69.614572680759224 ], [ 19.000507926495033, 69.614545996334456 ], [ 19.000509140046354, 69.614521942716195 ], [ 19.000533872930589, 69.614498603321394 ], [ 19.000530102497557, 69.614477177235273 ], [ 19.00053494706702, 69.61445283522724 ], [ 19.000537524242564, 69.614429013263631 ], [ 19.000537689114427, 69.614405082754843 ], [ 19.000549081337411, 69.614381838283421 ], [ 19.000553043161027, 69.614354911968348 ], [ 19.000561907147073, 69.614330760508153 ], [ 19.000560654367366, 69.614305749355367 ], [ 19.000553983920419, 69.614280442112403 ], [ 19.000566418452195, 69.614255763028581 ], [ 19.000575354303852, 69.614233465603277 ], [ 19.000554769841727, 69.614209884373977 ], [ 19.000563638404575, 69.614187561708718 ], [ 19.000561287041222, 69.614163302089352 ], [ 19.000453792778149, 69.614005881612215 ], [ 19.000462329669233, 69.613983269679466 ], [ 19.000521730649286, 69.613986639370765 ], [ 19.000582667085343, 69.61398990831303 ], [ 19.000634970161133, 69.613984962990159 ], [ 19.000684926304036, 69.613967025717358 ], [ 19.000700959337649, 69.613947618638036 ], [ 19.000711412718687, 69.613929450726275 ], [ 19.000719206363243, 69.613911669957162 ], [ 19.000730543448029, 69.613886218876175 ], [ 19.000734326571216, 69.613863695461433 ], [ 19.000731068181629, 69.613842780895894 ], [ 19.000755112551598, 69.613822065021594 ], [ 19.00077919285776, 69.613805135637762 ], [ 19.000776501236299, 69.613777501188949 ], [ 19.000822333680372, 69.613762330688374 ], [ 19.000835808838378, 69.613744532537112 ], [ 19.000840900022229, 69.613718114521021 ], [ 19.000854948229495, 69.613698536502767 ], [ 19.000855970105331, 69.613670805020419 ], [ 19.000877981895666, 69.613645988667471 ], [ 19.000897954247147, 69.613627142622988 ], [ 19.000905874194917, 69.613608517525535 ], [ 19.000902064026999, 69.613585113715573 ], [ 19.000914198539672, 69.613557790462991 ], [ 19.000971326405178, 69.613536337294477 ], [ 19.000942724715955, 69.613511039735883 ], [ 19.000955819949827, 69.613492500262609 ], [ 19.000981535954924, 69.613473141407482 ], [ 19.000992688668497, 69.613438383063169 ], [ 19.00099850622059, 69.613420392487043 ], [ 19.001020195260434, 69.61339622830549 ], [ 19.001038364550286, 69.613378268728781 ], [ 19.00104781643639, 69.613354112441414 ], [ 19.001079273713039, 69.613328632464317 ], [ 19.00109936183155, 69.613308845447534 ], [ 19.001107014850891, 69.61328479161179 ], [ 19.001126433001872, 69.613266409237312 ], [ 19.001130568293181, 69.613243049011032 ], [ 19.001126852419166, 69.613213303668786 ], [ 19.001141202170395, 69.61318180284907 ], [ 19.001155252543807, 69.613159672715426 ], [ 19.001166763948714, 69.613137312937866 ], [ 19.001179034417468, 69.613119591299323 ], [ 19.001183475822323, 69.613098743595657 ], [ 19.001204763697121, 69.613069599498573 ], [ 19.001221137493712, 69.613044047593561 ], [ 19.001222044426338, 69.613021424864073 ], [ 19.001238621791593, 69.613003447949382 ], [ 19.00129402323974, 69.61297607595445 ], [ 19.001305681991902, 69.612957664040877 ], [ 19.001313261437737, 69.612936030364352 ], [ 19.001333780840625, 69.612911476513858 ], [ 19.001344653433716, 69.612890376715868 ], [ 19.001376004088357, 69.612859651979562 ], [ 19.001375778331163, 69.612834036042145 ], [ 19.001377838464339, 69.612805382773445 ], [ 19.001379217067225, 69.6127776481909 ], [ 19.001361478829256, 69.612750958673146 ], [ 19.001368478260048, 69.612731914892436 ], [ 19.00136460345615, 69.612710971773978 ], [ 19.001371054589605, 69.612688991724497 ], [ 19.001371858936292, 69.612666491612941 ], [ 19.001374657300541, 69.612646125713894 ], [ 19.001375333488529, 69.612622703631658 ], [ 19.001385951339781, 69.612604030329223 ], [ 19.00141566822137, 69.612588635316882 ], [ 19.001423425708445, 69.61256636126096 ], [ 19.00143085961874, 69.612541692573032 ], [ 19.001445409103166, 69.612513105072892 ], [ 19.001475824414801, 69.612492208716091 ], [ 19.001497264857402, 69.612470518909902 ], [ 19.001511060799682, 69.612444499065759 ], [ 19.001526900882343, 69.612424536257151 ], [ 19.001545904244658, 69.612401163025467 ], [ 19.001559868646368, 69.612373075188628 ], [ 19.001583729991967, 69.612348612635259 ], [ 19.001600695554263, 69.612325055671803 ], [ 19.00160667787662, 69.612304024765862 ] ] } },
{ "type": "Feature", "properties": { "id": "20260912_148", "note": "", "gps_accuracy": 3.7279999256134002, "created_at": "2026-09-12T13:19:26.062Z", "photo_url": null }, "geometry": { "type": "LineString", "coordinates": [ [ 18.9969424, 69.625125 ], [ 18.9969929, 69.625113299999981 ], [ 18.9970262, 69.6250954 ], [ 18.997033, 69.6250744 ], [ 18.9970361, 69.625053400000013 ], [ 18.9970225, 69.6250336 ], [ 18.997053, 69.625017299999982 ], [ 18.997071, 69.6249995 ], [ 18.9970566, 69.6249817 ], [ 18.9970699, 69.6249611 ], [ 18.9970947, 69.6249435 ], [ 18.9970071, 69.624931299999972 ], [ 18.9970575, 69.6249179 ], [ 18.9970523, 69.6248937 ], [ 18.9970493, 69.6248751 ], [ 18.997085, 69.6248592 ], [ 18.997088, 69.6248395 ], [ 18.9970891, 69.6248213 ], [ 18.997081, 69.624802 ], [ 18.9970636, 69.624782899999985 ], [ 18.9971161, 69.624776199999985 ], [ 18.9971332, 69.624753299999981 ], [ 18.997119, 69.6247347 ], [ 18.9971144, 69.624712700000018 ], [ 18.9971125, 69.624691 ], [ 18.9971124, 69.6246696 ], [ 18.9970941, 69.6246505 ], [ 18.9970548, 69.6246375 ], [ 18.9970394, 69.6246167 ], [ 18.9970224, 69.6245954 ], [ 18.997016, 69.62457160000001 ], [ 18.9970113, 69.6245492 ], [ 18.9970193, 69.6245298 ], [ 18.9970245, 69.62451 ], [ 18.996772, 69.62432339999998 ], [ 18.9967559, 69.6243023 ] ] } },
{ "type": "Feature", "properties": { "id": "20260912_147", "note": "", "gps_accuracy": 2.30264161858363, "created_at": "2026-09-12T13:18:35.904Z", "photo_url": null }, "geometry": { "type": "LineString", "coordinates": [ [ 18.996772780378731, 69.625135109632552 ], [ 18.996733740874689, 69.625122334478618 ], [ 18.996713893784555, 69.625099684501407 ], [ 18.996710810263686, 69.625081544510536 ], [ 18.996697327862577, 69.625064153560231 ], [ 18.996670606503677, 69.625046307728596 ], [ 18.99661328845572, 69.625040909654317 ], [ 18.996541055406073, 69.625040798805514 ], [ 18.996496767654609, 69.625027747575231 ], [ 18.996444132605216, 69.62501744176177 ], [ 18.996391330731313, 69.625009034145521 ], [ 18.996341588233282, 69.624996654669175 ], [ 18.996320125132549, 69.624978309947494 ], [ 18.996308864190908, 69.624955465836237 ], [ 18.996327437592541, 69.624927068577392 ], [ 18.996331131115895, 69.62490238055959 ], [ 18.996363625454766, 69.624887615631891 ], [ 18.996419982468197, 69.624875767491616 ], [ 18.996480437327293, 69.62487167864505 ], [ 18.996528193947636, 69.624856889673922 ], [ 18.996576452645471, 69.624608689983958 ], [ 18.996567316371017, 69.624586897035712 ], [ 18.996555330249478, 69.62456338579733 ], [ 18.996542078096223, 69.624538032645091 ], [ 18.996545733505233, 69.624516527151826 ], [ 18.996586219154853, 69.624498714939293 ], [ 18.996602898471526, 69.624475996537868 ], [ 18.996629899359764, 69.624457257264623 ], [ 18.996635592439013, 69.624435793300549 ] ] } },
{ "type": "Feature", "properties": { "id": "20260912_146", "note": "", "gps_accuracy": 3.0, "created_at": "2026-09-12T13:16:46.154Z", "photo_url": null }, "geometry": { "type": "LineString", "coordinates": [ [ 18.997958, 69.6265708 ], [ 18.9979699, 69.626546599999983 ], [ 18.9979639, 69.6265221 ], [ 18.9979326, 69.6265043 ], [ 18.997898, 69.6264884 ], [ 18.997851, 69.6264804 ], [ 18.9978061, 69.6264691 ], [ 18.997789, 69.626451799999984 ], [ 18.9977991, 69.626432799999989 ], [ 18.9978335, 69.626413199999988 ], [ 18.9978645, 69.626396 ], [ 18.9978828, 69.6263735 ], [ 18.9979381, 69.626362799999981 ], [ 18.9980057, 69.6263577 ], [ 18.9980617, 69.6263502 ], [ 18.9981126, 69.6263461 ], [ 18.9981139, 69.626325 ], [ 18.9980902, 69.626308599999987 ], [ 18.9980984, 69.6262878 ], [ 18.9981369, 69.626273 ], [ 18.9982665, 69.6261807 ], [ 18.9982506, 69.6261562 ], [ 18.99825, 69.6261358 ], [ 18.9982681, 69.626118099999985 ], [ 18.9982532, 69.6260958 ], [ 18.9982197, 69.6260744 ], [ 18.9982035, 69.6260553 ], [ 18.998181, 69.6260355 ], [ 18.9981584, 69.6260141 ], [ 18.9981465, 69.6259958 ], [ 18.9981241, 69.625976499999979 ], [ 18.9980794, 69.625959399999985 ], [ 18.998063, 69.625939 ], [ 18.9980123, 69.625933100000012 ], [ 18.997989, 69.6259131 ], [ 18.9979447, 69.6258934 ], [ 18.997904, 69.625875799999989 ], [ 18.9978423, 69.6258661 ], [ 18.997794, 69.625857899999986 ], [ 18.9977423, 69.625856199999987 ], [ 18.9976877, 69.6258523 ], [ 18.9976321, 69.625856199999987 ], [ 18.9975721, 69.6258511 ], [ 18.9975291, 69.62583 ], [ 18.997507, 69.6258113 ], [ 18.9974775, 69.625796 ], [ 18.9974443, 69.625780399999982 ], [ 18.9974022, 69.6257683 ], [ 18.9973577, 69.6257548 ], [ 18.9973356, 69.625735800000015 ], [ 18.997309, 69.625718 ], [ 18.9972707, 69.625701899999981 ], [ 18.9972678, 69.6256792 ], [ 18.9972514, 69.625660699999983 ], [ 18.9972199, 69.6256461 ], [ 18.9972, 69.625626200000013 ], [ 18.9972162, 69.625608199999988 ], [ 18.9972332, 69.6255853 ], [ 18.9971773, 69.6255718 ], [ 18.9971695, 69.6255353 ], [ 18.9971523, 69.625511399999979 ], [ 18.9971317, 69.6254887 ], [ 18.9970834, 69.6254771 ], [ 18.9970623, 69.6254594 ], [ 18.9970146, 69.625445 ], [ 18.9970013, 69.6254272 ], [ 18.997012, 69.6254057 ], [ 18.9970073, 69.62538379999998 ], [ 18.9969885, 69.6253611 ], [ 18.9969827, 69.6253339 ], [ 18.997033, 69.6253204 ], [ 18.9970044, 69.625305 ], [ 18.9970241, 69.625275799999983 ], [ 18.9970469, 69.625256100000016 ], [ 18.9970023, 69.6252368 ], [ 18.9969977, 69.6252179 ], [ 18.9970186, 69.6252013 ], [ 18.9969966, 69.6251817 ], [ 18.9969774, 69.625165 ], [ 18.996925, 69.6251603 ], [ 18.9968738, 69.6251511 ] ] } },
{ "type": "Feature", "properties": { "id": "20260912_139", "note": "", "gps_accuracy": 3.54404375006192, "created_at": "2026-09-12T13:09:24.317Z", "photo_url": null }, "geometry": { "type": "LineString", "coordinates": [ [ 18.997492185850312, 69.623558708080708 ], [ 18.997548489674706, 69.6235368749917 ], [ 18.997543206621756, 69.623514888742392 ], [ 18.997562839604818, 69.623490631634127 ], [ 18.997612989663715, 69.623478467852024 ], [ 18.997657330456828, 69.623454563268268 ], [ 18.997707232838021, 69.62343056958909 ], [ 18.997740732017341, 69.623407573847629 ], [ 18.997751471309954, 69.623381567166462 ], [ 18.997756056368836, 69.62336250981636 ], [ 18.997762843256719, 69.623343108915407 ], [ 18.997789131002921, 69.623315683106512 ], [ 18.997836916969046, 69.623287262101414 ], [ 18.997870733916084, 69.623266716069466 ], [ 18.997900663647243, 69.623245324399164 ], [ 18.997908647828801, 69.623222510385546 ], [ 18.997937808352095, 69.623197223123583 ], [ 18.997943104985509, 69.623172050026938 ], [ 18.997956344061546, 69.62314536747671 ], [ 18.997975006706628, 69.62312015867208 ], [ 18.997999933396226, 69.623094759640665 ], [ 18.99804043339444, 69.623072305613562 ], [ 18.998057040953992, 69.623043584409174 ], [ 18.998109637800027, 69.62302247971536 ], [ 18.998109955213383, 69.62299414700793 ], [ 18.998152045683948, 69.622968517081347 ], [ 18.998175520567887, 69.622939600380022 ], [ 18.998167181814768, 69.622910509876206 ], [ 18.998167480785817, 69.622877388854548 ], [ 18.99817361026086, 69.622854859777931 ], [ 18.9981993551507, 69.622823577572333 ], [ 18.99820796210059, 69.622805129371955 ], [ 18.99818668447876, 69.622831164083493 ], [ 18.998163125638392, 69.622847711715096 ], [ 18.998204353794385, 69.622832992218662 ], [ 18.998276737365764, 69.622833609414059 ], [ 18.998346278119485, 69.62282951838425 ], [ 18.99839409207166, 69.622820740621592 ] ] } },
{ "type": "Feature", "properties": { "id": "20260912_132", "note": "", "gps_accuracy": 8.0012082736808807, "created_at": "2026-09-12T13:05:18.858Z", "photo_url": null }, "geometry": { "type": "LineString", "coordinates": [ [ 18.998846193069834, 69.627158330869335 ], [ 18.998656090263296, 69.627227144878702 ], [ 18.998599602510836, 69.627166325030217 ], [ 18.998675146130417, 69.627119370640358 ], [ 18.998513532714632, 69.627101954988305 ], [ 18.99861568697947, 69.627065850982561 ], [ 18.998650010576103, 69.627048474341322 ], [ 18.998715751709412, 69.627064517290393 ], [ 18.998710517461578, 69.627041945126862 ], [ 18.998694969311966, 69.627018888610877 ], [ 18.998691543755402, 69.626985697589134 ], [ 18.998709781281423, 69.626963274747766 ], [ 18.998756996166883, 69.626939942521233 ], [ 18.998753885690661, 69.626921763438332 ], [ 18.998788137938085, 69.626904659759902 ], [ 18.998842617694063, 69.626887604214588 ], [ 18.998872274305452, 69.626866918592327 ], [ 18.998893176668666, 69.626849002297661 ], [ 18.998926388425691, 69.626827650341113 ], [ 18.99896149719941, 69.626796739008611 ], [ 18.998988319819535, 69.626774824352623 ] ] } },
{ "type": "Feature", "properties": { "id": "20260912_130", "note": "", "gps_accuracy": 8.0012082736808807, "created_at": "2026-09-12T13:04:16.321Z", "photo_url": null }, "geometry": { "type": "LineString", "coordinates": [ [ 18.999176410961084, 69.627264144502888 ], [ 18.999115932276926, 69.627266058631747 ], [ 18.999051859028803, 69.627253239174664 ], [ 18.998985967578559, 69.627242166517988 ], [ 18.998940941117873, 69.627217297967888 ] ] } },
{ "type": "Feature", "properties": { "id": "20260912_129", "note": "", "gps_accuracy": 8.0012082736808807, "created_at": "2026-09-12T13:02:45.026Z", "photo_url": null }, "geometry": { "type": "LineString", "coordinates": [ [ 18.999715115696418, 69.627316040472337 ], [ 18.999680055997562, 69.627300152003755 ], [ 18.999612727808763, 69.627302667359487 ] ] } },
{ "type": "Feature", "properties": { "id": "20260912_127", "note": "", "gps_accuracy": 3.6629033261112798, "created_at": "2026-09-12T13:02:26.232Z", "photo_url": null }, "geometry": { "type": "LineString", "coordinates": [ [ 18.996727159264495, 69.625283768465394 ], [ 18.996709892543961, 69.625262646069402 ], [ 18.996730260568668, 69.62524542125837 ], [ 18.996734116244127, 69.625220652734512 ], [ 18.996773062737557, 69.625201384708973 ], [ 18.996790264452777, 69.625174103877811 ], [ 18.996815509312746, 69.625156852067136 ], [ 18.996859422097145, 69.625143143809893 ], [ 18.996922267144043, 69.625123815217549 ] ] } },
{ "type": "Feature", "properties": { "id": "20260912_126", "note": "", "gps_accuracy": 3.5269035655234999, "created_at": "2026-09-12T13:01:21.728Z", "photo_url": null }, "geometry": { "type": "LineString", "coordinates": [ [ 18.996890269279511, 69.62548176132789 ], [ 18.99676820803397, 69.625468384517902 ], [ 18.996754477147007, 69.625448501895988 ], [ 18.996701456503242, 69.62544053351769 ], [ 18.996644137414318, 69.625429988923855 ], [ 18.996650076546278, 69.625410691022594 ], [ 18.996658799217371, 69.625384503259724 ], [ 18.996641406822931, 69.625345914127578 ], [ 18.996675250920088, 69.625322425955332 ], [ 18.996700228975321, 69.625298663264715 ] ] } },
{ "type": "Feature", "properties": { "id": "20260912_125", "note": "", "gps_accuracy": 3.0, "created_at": "2026-09-12T13:00:18.776Z", "photo_url": null }, "geometry": { "type": "LineString", "coordinates": [ [ 18.9948886, 69.6243311 ], [ 18.9948327, 69.624328 ], [ 18.9947614, 69.6243378 ], [ 18.9946913, 69.6243413 ], [ 18.9946234, 69.624344 ], [ 18.9945685, 69.6243463 ], [ 18.9945035, 69.6243469 ], [ 18.9944495, 69.624351 ], [ 18.9943844, 69.6243606 ], [ 18.9943291, 69.624370099999979 ], [ 18.9942697, 69.624387299999981 ], [ 18.9942147, 69.6243926 ], [ 18.9941707, 69.6244076 ], [ 18.9941892, 69.624428800000018 ], [ 18.9941325, 69.6244403 ], [ 18.9940705, 69.6244504 ], [ 18.994024, 69.6244734 ], [ 18.9940328, 69.6244961 ], [ 18.994033, 69.624516 ], [ 18.9939872, 69.624524899999983 ] ] } },
{ "type": "Feature", "properties": { "id": "20260912_124", "note": "", "gps_accuracy": 2.7803418103822199, "created_at": "2026-09-12T13:00:00.206Z", "photo_url": null }, "geometry": { "type": "LineString", "coordinates": [ [ 18.996840143519364, 69.625939582647135 ], [ 18.996821594483798, 69.625921240397517 ], [ 18.99676633555897, 69.625919219127695 ], [ 18.996699367030157, 69.625911817894817 ], [ 18.996649485659912, 69.625900512180323 ], [ 18.996592653690197, 69.625887806947574 ], [ 18.996584506627507, 69.625868088308565 ], [ 18.996592516325556, 69.625849839942546 ], [ 18.996633586063957, 69.625831122166815 ], [ 18.996679136857072, 69.625820834270186 ], [ 18.996724349544024, 69.625804185203592 ], [ 18.996719529294435, 69.625773394293617 ], [ 18.996728899997667, 69.625752360501394 ], [ 18.996756171070313, 69.625734315051389 ], [ 18.996774429460196, 69.625714799775452 ], [ 18.996776384318483, 69.62569306128573 ], [ 18.996780261486695, 69.625674491962116 ], [ 18.996801229254633, 69.625647880651272 ], [ 18.996812828269857, 69.625626569679042 ], [ 18.99682268746778, 69.625602033278668 ], [ 18.996829105021508, 69.625577936021443 ], [ 18.996820905276071, 69.625557540434485 ], [ 18.996848972777951, 69.625542161458753 ], [ 18.996834492690933, 69.625516338487344 ], [ 18.996814883343848, 69.625499625173532 ], [ 18.996869085786642, 69.625480231785687 ] ] } },
{ "type": "Feature", "properties": { "id": "20260912_123", "note": "", "gps_accuracy": 2.9527268393293098, "created_at": "2026-09-12T12:58:24.261Z", "photo_url": null }, "geometry": { "type": "LineString", "coordinates": [ [ 18.996422264084487, 69.626363838716699 ], [ 18.996365114949139, 69.626349767387566 ], [ 18.996317608667162, 69.626333749294957 ], [ 18.99624984542309, 69.626314179365394 ], [ 18.99616961273507, 69.62629305736705 ], [ 18.996141284536474, 69.626276175707389 ], [ 18.996168755368174, 69.626228971291283 ], [ 18.996185633102264, 69.626203415921282 ], [ 18.996256175306605, 69.626195606811152 ], [ 18.996311883847415, 69.62618562850156 ], [ 18.996344228210909, 69.626170296253392 ], [ 18.996337536812657, 69.626147651409411 ], [ 18.996379735682062, 69.626135115814179 ], [ 18.996393830787557, 69.626109829679791 ], [ 18.996435166593887, 69.626093088528251 ], [ 18.996499538624079, 69.62610008064577 ], [ 18.996559231720965, 69.626083454780115 ], [ 18.996573330551911, 69.626062870085661 ], [ 18.996585333515181, 69.62603523766964 ], [ 18.996650015139416, 69.626023656492862 ], [ 18.99670772179676, 69.626018098781586 ], [ 18.99676782817043, 69.626017284498161 ], [ 18.996806875252464, 69.62599924826057 ], [ 18.996825922639012, 69.62597928530289 ] ] } },
{ "type": "Feature", "properties": { "id": "20260912_122", "note": "", "gps_accuracy": 3.25291381051776, "created_at": "2026-09-12T12:50:15.141Z", "photo_url": null }, "geometry": { "type": "LineString", "coordinates": [ [ 18.995051542334245, 69.628327731014508 ], [ 18.995040380936224, 69.628298527610511 ], [ 18.994996813055764, 69.628284016846237 ], [ 18.995031745962859, 69.628259052135249 ], [ 18.995086364104232, 69.628251276602086 ], [ 18.995179519260393, 69.628243035498585 ], [ 18.995159026654129, 69.628222885870642 ], [ 18.995132842053849, 69.628199775725363 ], [ 18.995194413240252, 69.628189464431813 ], [ 18.995250003777496, 69.628185406121176 ], [ 18.995324808480543, 69.628178238659203 ], [ 18.995357178072513, 69.628157527115164 ], [ 18.995403663826302, 69.628141558670208 ], [ 18.995440560748388, 69.628126443345494 ], [ 18.99549202996106, 69.628124377055101 ], [ 18.995552226422451, 69.628135498014785 ], [ 18.995606864837125, 69.628141732189164 ], [ 18.995667423227349, 69.628126782928177 ], [ 18.995719857678115, 69.628129917280233 ], [ 18.995768554143599, 69.628136756620648 ], [ 18.99580340831135, 69.628115494954898 ], [ 18.995797788936891, 69.62809107344286 ], [ 18.99587478809833, 69.628083198052622 ], [ 18.995944357624865, 69.62807758892464 ], [ 18.995927252932088, 69.628058838437937 ], [ 18.995915016574706, 69.628040950801008 ], [ 18.995926281270048, 69.628021492780647 ], [ 18.995983838950337, 69.628001466924516 ], [ 18.996039259591445, 69.627993057192015 ], [ 18.996023870907273, 69.627972537076261 ], [ 18.996006572165594, 69.627952651543822 ], [ 18.996021092015752, 69.627935183355333 ], [ 18.996043920889345, 69.627917856692733 ], [ 18.996082790181191, 69.627903651243884 ], [ 18.996078527093331, 69.627873366482632 ], [ 18.996050046007973, 69.62785472042016 ], [ 18.996030622333233, 69.627836771297297 ], [ 18.996007680502959, 69.627817312507247 ], [ 18.99600710285188, 69.627786531820263 ], [ 18.996007390672602, 69.627756797457167 ], [ 18.995974796498654, 69.627738809220403 ], [ 18.995915984523318, 69.627717636974438 ], [ 18.995889401391445, 69.627693433760342 ], [ 18.995883932835035, 69.627672105517746 ], [ 18.995901297797985, 69.627647969821652 ], [ 18.99591575082054, 69.627619062890886 ], [ 18.995890999399581, 69.627601990150168 ], [ 18.995886258100974, 69.627577839620841 ], [ 18.995906834588691, 69.627554304763152 ], [ 18.995929475410094, 69.627532668104735 ], [ 18.995907683903294, 69.627515017899384 ], [ 18.995868061211638, 69.627492889299674 ], [ 18.995911234169014, 69.627467044385185 ], [ 18.995930938115766, 69.6274460501958 ], [ 18.995973853059926, 69.627427974933752 ], [ 18.996005968272947, 69.627412273888979 ], [ 18.996009995527821, 69.627383902943251 ], [ 18.99600635349147, 69.627359959647038 ], [ 18.996002017374966, 69.62733984821665 ], [ 18.995984523619423, 69.627312449369981 ], [ 18.995991272305712, 69.627277543405015 ], [ 18.995997677019382, 69.627256831101562 ], [ 18.995996057155672, 69.627229641608494 ], [ 18.996008071846475, 69.627209655279259 ], [ 18.995997477763744, 69.627186365346986 ], [ 18.996000821671913, 69.627163371977147 ], [ 18.996000409816507, 69.627140935702442 ], [ 18.99599759712283, 69.62711832334621 ], [ 18.995993111867971, 69.627100378714943 ], [ 18.995978887908034, 69.627071480332148 ], [ 18.995993676333562, 69.627049348395062 ], [ 18.99601447229432, 69.62702214839797 ], [ 18.996022056343776, 69.626995626277719 ], [ 18.996030619443172, 69.626975233254157 ], [ 18.996015766671952, 69.626954582175273 ], [ 18.996016186460082, 69.626930552835987 ], [ 18.99601837838042, 69.626907944874674 ], [ 18.996016592664027, 69.626881867163249 ], [ 18.996013440209435, 69.626849507977838 ], [ 18.996035652252839, 69.626827002567822 ], [ 18.996037431296354, 69.6268073772424 ], [ 18.996042862386119, 69.626784635314706 ], [ 18.99603573503645, 69.626765289422252 ], [ 18.996016856497413, 69.626743458615991 ], [ 18.99598971914013, 69.626721330002866 ], [ 18.995963404024472, 69.626697955188845 ], [ 18.996010738241811, 69.626684421547935 ], [ 18.996001738933288, 69.626663620539716 ], [ 18.99594271411749, 69.626650236649553 ], [ 18.995927371769291, 69.626631108234378 ], [ 18.995908570063477, 69.626607739165919 ], [ 18.995872015895632, 69.62659059472773 ], [ 18.995868732087107, 69.626564336558417 ], [ 18.995835480148262, 69.626539997615026 ], [ 18.995834689213044, 69.626514283714812 ], [ 18.995835797755046, 69.626495286595073 ], [ 18.995842210394351, 69.626472901497792 ], [ 18.995894702613043, 69.6264580449146 ], [ 18.99593363028556, 69.626443879423249 ], [ 18.995996546457139, 69.626438201583568 ], [ 18.996042320466756, 69.626427730469629 ], [ 18.996102445332287, 69.626423687301155 ], [ 18.996172126440516, 69.626412330133419 ], [ 18.996223723641535, 69.62639678471858 ], [ 18.996282186244414, 69.626392674080535 ], [ 18.996315411688233, 69.626377256313134 ], [ 18.996374186771753, 69.626367262960869 ], [ 18.996408793299551, 69.626352525553315 ], [ 18.996458901275663, 69.626345465286377 ] ] } },
{ "type": "Feature", "properties": { "id": "20260912_121", "note": "", "gps_accuracy": 3.0, "created_at": "2026-09-12T12:47:50.697Z", "photo_url": null }, "geometry": { "type": "LineString", "coordinates": [ [ 18.994516, 69.624716799999987 ], [ 18.9944792, 69.6246883 ], [ 18.9944606, 69.6246682 ], [ 18.9944499, 69.62465 ], [ 18.9944595, 69.6246306 ], [ 18.9944671, 69.6246118 ], [ 18.9944825, 69.624593099999984 ], [ 18.9944831, 69.6245701 ], [ 18.9944958, 69.624548 ], [ 18.9945038, 69.6245263 ], [ 18.9945019, 69.6245061 ], [ 18.99453, 69.6244906 ], [ 18.9945525, 69.624474399999983 ], [ 18.994585, 69.6244604 ], [ 18.9946229, 69.6244457 ], [ 18.9946691, 69.6244289 ], [ 18.9947112, 69.624416199999985 ], [ 18.9947688, 69.6244017 ], [ 18.9948184, 69.624384799999973 ], [ 18.9948678, 69.624373299999988 ], [ 18.9949043, 69.6243543 ], [ 18.9949315, 69.6243298 ], [ 18.9949374, 69.6243055 ], [ 18.9949542, 69.624287900000013 ], [ 18.9949918, 69.624273499999987 ], [ 18.9950486, 69.624265 ], [ 18.9951, 69.624258 ], [ 18.9951042, 69.624234099999981 ], [ 18.9951472, 69.6242229 ], [ 18.995193, 69.624213399999988 ], [ 18.9952419, 69.6242009 ], [ 18.9952815, 69.6241871 ], [ 18.9953199, 69.6241698 ], [ 18.9953638, 69.6241546 ], [ 18.9954213, 69.624137300000015 ], [ 18.9954775, 69.624127 ], [ 18.9955413, 69.6241345 ], [ 18.9955988, 69.624136899999982 ], [ 18.9956591, 69.6241346 ], [ 18.9957074, 69.624127299999984 ], [ 18.9957724, 69.6241248 ], [ 18.9958349, 69.6241284 ], [ 18.9959093, 69.624123 ], [ 18.99592, 69.624103 ], [ 18.9959666, 69.62408760000001 ], [ 18.9960084, 69.6240757 ], [ 18.9960632, 69.6240662 ], [ 18.99611, 69.624054099999981 ], [ 18.9961464, 69.6240363 ], [ 18.9962007, 69.6240264 ], [ 18.9962589, 69.6240156 ], [ 18.9963083, 69.6240086 ] ] } },
{ "type": "Feature", "properties": { "id": "20260912_120", "note": "", "gps_accuracy": 3.53553390593274, "created_at": "2026-09-12T12:44:31.532Z", "photo_url": null }, "geometry": { "type": "LineString", "coordinates": [ [ 18.994720028731038, 69.631643537496785 ], [ 18.994735032337708, 69.631624217210188 ], [ 18.99474332406713, 69.631606413791985 ], [ 18.994738315613084, 69.631584109037433 ], [ 18.994745393428488, 69.631560428696787 ], [ 18.994755394074634, 69.63154011172665 ], [ 18.994769339075333, 69.631516430175026 ], [ 18.994777694154791, 69.631493850014181 ], [ 18.994779562502568, 69.631466671302078 ], [ 18.994800748639509, 69.631446530490905 ], [ 18.994801945384033, 69.631425560351474 ], [ 18.994794469227539, 69.631403662289699 ], [ 18.994794769824946, 69.631382229262869 ], [ 18.994789844018481, 69.631357984170847 ], [ 18.994776325642576, 69.631328476993801 ], [ 18.994807845663431, 69.631309782790936 ], [ 18.994832831489422, 69.631288544827257 ], [ 18.994830153911078, 69.631262846751071 ], [ 18.994838735916403, 69.631238903215163 ], [ 18.994861041685986, 69.631221342861338 ], [ 18.994840470735522, 69.63120463178187 ], [ 18.994838243176893, 69.631179995250619 ], [ 18.994850830987875, 69.631157331814919 ], [ 18.994845280856545, 69.631132557928311 ], [ 18.994843616602445, 69.631109490525432 ], [ 18.99483777931092, 69.631082496668697 ], [ 18.994870165832548, 69.631047913905149 ], [ 18.994864716506793, 69.631023954567581 ], [ 18.994874910454069, 69.631003299203456 ], [ 18.994873530296015, 69.630979214807923 ], [ 18.994880354862456, 69.630955110464342 ], [ 18.994882093645586, 69.63092928476533 ], [ 18.994890500164193, 69.630908226408138 ], [ 18.994867253040788, 69.630880586504489 ], [ 18.994870711646101, 69.630849588101569 ], [ 18.994857979914382, 69.630824431219054 ], [ 18.994864707962396, 69.630804997810827 ], [ 18.994874125605268, 69.630774806617453 ], [ 18.994879769066866, 69.630748830453896 ], [ 18.994890628762921, 69.630723338394262 ], [ 18.994896040237663, 69.63069928086486 ], [ 18.994907346996953, 69.630668903891845 ], [ 18.994907543638014, 69.630648565491981 ], [ 18.994914258558641, 69.63062516374022 ], [ 18.994912670349784, 69.630603021122923 ], [ 18.994916565235773, 69.630583040734308 ], [ 18.994921658200667, 69.63055513591469 ], [ 18.994928246079752, 69.630531389143457 ], [ 18.994934926223049, 69.630505966478367 ], [ 18.99493242856984, 69.630482496200855 ], [ 18.994939385442716, 69.630452190682931 ], [ 18.994949990733243, 69.630423704735605 ], [ 18.994944680391246, 69.630397480403502 ], [ 18.994956398160856, 69.630371340038792 ], [ 18.994956235635918, 69.630345637800303 ], [ 18.994965378907295, 69.630316006816685 ], [ 18.99496748330143, 69.630290333902806 ], [ 18.994940877110366, 69.630264045217416 ], [ 18.994953503468842, 69.630236565340923 ], [ 18.994968504853894, 69.630210315264577 ], [ 18.994979998785695, 69.630184316798235 ], [ 18.994966887399645, 69.630157721929223 ], [ 18.994967162302856, 69.630136006768964 ], [ 18.994987704839581, 69.630108582550989 ], [ 18.995013137117251, 69.630089037581413 ], [ 18.995017230554293, 69.630063290552926 ], [ 18.995013645430841, 69.630038181476849 ], [ 18.995023467857823, 69.630013128499442 ], [ 18.995041488929257, 69.629988047113869 ], [ 18.995063338931029, 69.629964256707567 ], [ 18.99508237646365, 69.629938479690423 ], [ 18.995106803064552, 69.629920101190933 ], [ 18.995136514398894, 69.629898226294728 ], [ 18.995166754089979, 69.629878434347262 ], [ 18.995185629688383, 69.629856242181134 ], [ 18.995221067740538, 69.629842726280302 ], [ 18.995254330233635, 69.629827820549878 ], [ 18.995318769192554, 69.629814338824758 ], [ 18.995359205006231, 69.629793533428867 ], [ 18.995375734551562, 69.629771479046141 ], [ 18.995411669654612, 69.629747812845849 ], [ 18.995431351875666, 69.629725259109748 ], [ 18.995407123416225, 69.629706359928548 ], [ 18.9953764201525, 69.629679286966322 ], [ 18.995338563689231, 69.629657683615292 ], [ 18.995325358339041, 69.629632699214611 ], [ 18.995317924175296, 69.629604809209553 ], [ 18.995325363330462, 69.629575179166707 ], [ 18.995313503129005, 69.629550265451499 ], [ 18.995313286089509, 69.629524154805651 ], [ 18.995310842344072, 69.62949733164983 ], [ 18.995305380125682, 69.62947133210335 ], [ 18.995300213306432, 69.629445680029178 ], [ 18.995278102284495, 69.629418286736993 ], [ 18.995283688064482, 69.629397069310542 ], [ 18.995273120863615, 69.629372534578209 ], [ 18.995255423817699, 69.629348512567717 ], [ 18.995253511926979, 69.629320032909305 ], [ 18.995231510693102, 69.629294090276971 ], [ 18.995213382974875, 69.629266695425926 ], [ 18.995180562152211, 69.629241761289393 ], [ 18.995162116923094, 69.629219784892157 ], [ 18.995151974125946, 69.629202027306803 ], [ 18.995140203844208, 69.629173634053259 ], [ 18.995142589570968, 69.629153008024915 ], [ 18.995142293908515, 69.629121604166357 ], [ 18.995127083895071, 69.629092582252028 ], [ 18.995092514083382, 69.629064372046159 ], [ 18.99506538748599, 69.629038047515678 ], [ 18.995025880326953, 69.629013158893684 ], [ 18.995000006802901, 69.628989738066792 ], [ 18.995001236674781, 69.628961690567394 ], [ 18.995017759969116, 69.628932307137021 ], [ 18.995030070458629, 69.628903384302888 ], [ 18.99501486717644, 69.628879809759283 ], [ 18.994997942449583, 69.628856220281136 ], [ 18.994986847588095, 69.628835922771358 ], [ 18.994943960721731, 69.628812196148274 ], [ 18.994913999031912, 69.628796463206967 ], [ 18.994898639550943, 69.628769584350067 ], [ 18.994909839495929, 69.628741482075881 ], [ 18.994901871476934, 69.628711683299926 ], [ 18.994887338715127, 69.628685564007071 ], [ 18.994903118316245, 69.628655994446021 ], [ 18.994914778148484, 69.628633063227184 ], [ 18.994921624935721, 69.628606293850211 ], [ 18.994942440588289, 69.628579574124473 ], [ 18.994937083329429, 69.62855217025222 ], [ 18.994952791918141, 69.628531735038592 ], [ 18.994961674766614, 69.6285091275317 ], [ 18.9949969326311, 69.628489341201032 ], [ 18.994999509358273, 69.628463581148935 ], [ 18.994978329991856, 69.628438359216076 ], [ 18.994686444292284, 69.628405183457502 ], [ 18.994995290431188, 69.62835309567825 ], [ 18.995025884377768, 69.628326986049885 ], [ 18.995036780851887, 69.628304354911322 ] ] } },
{ "type": "Feature", "properties": { "id": "20260912_107", "note": "", "gps_accuracy": 3.0, "created_at": "2026-09-12T12:34:29.717Z", "photo_url": null }, "geometry": { "type": "LineString", "coordinates": [ [ 18.9995213, 69.6288918 ], [ 18.9995447, 69.628873100000021 ], [ 18.9995686, 69.628854899999979 ], [ 18.9995839, 69.6288368 ], [ 18.9996109, 69.628821 ], [ 18.9996104, 69.6287968 ], [ 18.9996119, 69.6287754 ], [ 18.9996108, 69.6287551 ], [ 18.9995814, 69.6287387 ], [ 18.9995463, 69.628723699999981 ], [ 18.999523, 69.6287045 ], [ 18.999526, 69.628684499999977 ], [ 18.9995649, 69.6285326 ], [ 18.9995549, 69.6285146 ], [ 18.9995302, 69.6284983 ], [ 18.9994765, 69.628488 ], [ 18.9994452, 69.6284705 ], [ 18.9994182, 69.6284548 ], [ 18.9993832, 69.6284382 ], [ 18.9993598, 69.6284161 ], [ 18.9993791, 69.6283939 ], [ 18.9993702, 69.628374799999989 ], [ 18.9993608, 69.6283544 ], [ 18.999361, 69.628334099999989 ], [ 18.999363, 69.628311699999983 ], [ 18.9994026, 69.6282943 ], [ 18.999399, 69.6282746 ], [ 18.9994269, 69.62825909999998 ], [ 18.9994289, 69.6282403 ], [ 18.9994065, 69.628223599999984 ], [ 18.9993854, 69.628203199999987 ], [ 18.9994151, 69.628183 ], [ 18.9994468, 69.6281661 ], [ 18.9994817, 69.6281482 ], [ 18.9995051, 69.62813180000002 ], [ 18.9995418, 69.628115899999983 ], [ 18.9995359, 69.6280957 ], [ 18.999584, 69.628084 ], [ 18.9996234, 69.6280672 ], [ 18.9996172, 69.6280492 ], [ 18.9995916, 69.628030600000017 ], [ 18.9995624, 69.6280099 ], [ 18.9995245, 69.627997 ], [ 18.999491, 69.6279815 ], [ 18.9994984, 69.6279592 ], [ 18.999515, 69.62794030000002 ], [ 18.9994908, 69.627923199999984 ], [ 18.9994868, 69.6279028 ], [ 18.9995147, 69.627882199999988 ], [ 18.9995185, 69.627860899999988 ], [ 18.9995065, 69.6278421 ], [ 18.9995109, 69.627821 ], [ 18.999517, 69.627801799999986 ], [ 18.9995648, 69.6277913 ], [ 18.9995426, 69.6277742 ], [ 18.9995221, 69.6277516 ], [ 18.9994994, 69.6277339 ], [ 18.9995184, 69.6277125 ], [ 18.999489, 69.6276973 ] ] } },
{ "type": "Feature", "properties": { "id": "20260912_105", "note": "Continues after a small section just under a meter. (Photo)", "gps_accuracy": 3.0, "created_at": "2026-09-12T12:33:10.291Z", "photo_url": "https://oehndpyzeoywfypqtsjs.supabase.co/storage/v1/object/public/observation-photos/105/1789216392274.jpg" }, "geometry": { "type": "LineString", "coordinates": [ [ 18.9963503, 69.626363 ], [ 18.9963773, 69.6263435 ], [ 18.9963732, 69.626321200000021 ], [ 18.9963294, 69.626307 ], [ 18.9962556, 69.6263044 ], [ 18.996203, 69.6262952 ], [ 18.9961606, 69.626283699999988 ], [ 18.9961139, 69.6262667 ], [ 18.9961255, 69.6262489 ], [ 18.996163, 69.6262345 ], [ 18.9961656, 69.626210299999983 ], [ 18.9961798, 69.6261917 ], [ 18.9961244, 69.626182699999987 ], [ 18.9961868, 69.626192499999988 ], [ 18.996242, 69.6261973 ], [ 18.996306, 69.6261935 ], [ 18.9963618, 69.626185300000017 ], [ 18.9964096, 69.6261765 ] ] } },
{ "type": "Feature", "properties": { "id": "20260912_103", "note": "", "gps_accuracy": 3.8210000991821298, "created_at": "2026-09-12T12:32:03.663Z", "photo_url": null }, "geometry": { "type": "LineString", "coordinates": [ [ 18.9958337, 69.6296095 ], [ 18.9958112, 69.6295815 ], [ 18.9957894, 69.6295548 ], [ 18.9957597, 69.6295369 ], [ 18.9957278, 69.629521699999984 ], [ 18.9957091, 69.6295042 ], [ 18.9956734, 69.6294799 ], [ 18.9956372, 69.629465 ], [ 18.9955979, 69.6294496 ], [ 18.9955327, 69.6294448 ], [ 18.9954646, 69.629446 ], [ 18.9953618, 69.6294313 ] ] } },
{ "type": "Feature", "properties": { "id": "20260912_100", "note": "", "gps_accuracy": 2.6830754499177298, "created_at": "2026-09-12T12:30:32.507Z", "photo_url": null }, "geometry": { "type": "LineString", "coordinates": [ [ 19.003997102772832, 69.634389478726263 ], [ 19.003967313094307, 69.63440831520343 ], [ 19.00396570332952, 69.634432674122749 ], [ 19.003958278073437, 69.634455476680301 ], [ 19.003929658504855, 69.634482161272913 ], [ 19.003876695655997, 69.634486257583092 ], [ 19.003837180346192, 69.634501685941459 ], [ 19.003796665825025, 69.634538442847941 ], [ 19.003763977320009, 69.63455672946067 ], [ 19.003699188737478, 69.634587515960007 ], [ 19.003677686739593, 69.634606421879695 ], [ 19.0036345204336, 69.634624330199074 ], [ 19.003558115770812, 69.634644894713489 ], [ 19.003531718811228, 69.634669956553751 ], [ 19.003473845936174, 69.634696840353371 ], [ 19.003448065710916, 69.63471374683219 ], [ 19.003446663871696, 69.63474692884482 ], [ 19.003366778883109, 69.634772207281102 ], [ 19.003325774534403, 69.634789827976377 ], [ 19.003265042834048, 69.634803574578783 ], [ 19.00321452801413, 69.634822297923407 ], [ 19.003142434049824, 69.634833440347322 ], [ 19.003087033796469, 69.634843011249004 ], [ 19.003034150562176, 69.634852239932357 ], [ 19.002993464884849, 69.634867739821587 ], [ 19.00293355047398, 69.634885363165495 ], [ 19.002877193982894, 69.634898904430443 ], [ 19.002851166920316, 69.63492130091899 ], [ 19.002811314688252, 69.63494275194607 ], [ 19.002759276686977, 69.634955006489434 ], [ 19.002719336911817, 69.634968780238893 ], [ 19.00267034520304, 69.634987826694356 ], [ 19.00262119762122, 69.635001861227366 ], [ 19.002545555211356, 69.635016468256808 ], [ 19.002467075162311, 69.635018517396873 ], [ 19.002408581199671, 69.63501459074925 ], [ 19.002359129944459, 69.635022294255478 ], [ 19.002300691871802, 69.635021511146093 ], [ 19.002242441464524, 69.635008419463091 ], [ 19.002175370798202, 69.635007762166893 ], [ 19.002104822744066, 69.635026863515776 ], [ 19.002034654302932, 69.635036947835673 ], [ 19.001963466293965, 69.63503264425087 ], [ 19.001896994262108, 69.635026547208099 ], [ 19.001831891236229, 69.635028252958378 ], [ 19.001762865821487, 69.635043204044493 ], [ 19.001692816005932, 69.635043636445445 ], [ 19.001635686394845, 69.635048544145519 ], [ 19.00158203819452, 69.635046855738096 ], [ 19.001507893971642, 69.635045601596246 ], [ 19.001436576138801, 69.635045352749557 ], [ 19.00136461225361, 69.635041914705369 ] ] } },
{ "type": "Feature", "properties": { "id": "20260912_99", "note": "", "gps_accuracy": 3.0, "created_at": "2026-09-12T12:30:32.078Z", "photo_url": null }, "geometry": { "type": "LineString", "coordinates": [ [ 18.9960158, 69.627052099999986 ], [ 18.9960018, 69.6270288 ], [ 18.9959909, 69.6270097 ], [ 18.9959961, 69.6269907 ], [ 18.9960071, 69.6269707 ], [ 18.9960093, 69.626952 ], [ 18.9959873, 69.626928699999979 ], [ 18.9960016, 69.6269053 ], [ 18.9960049, 69.6268862 ], [ 18.9960038, 69.6268634 ], [ 18.9960155, 69.6268411 ], [ 18.9960289, 69.626819499999982 ], [ 18.9960127, 69.6267967 ], [ 18.99599, 69.6267798 ], [ 18.9959877, 69.6267574 ], [ 18.9959877, 69.6267377 ], [ 18.9959895, 69.6267168 ], [ 18.9959532, 69.626699499999987 ], [ 18.9959871, 69.626683 ], [ 18.9959653, 69.6266666 ], [ 18.995932, 69.626648499999988 ], [ 18.9959181, 69.626627400000018 ], [ 18.9959533, 69.626611 ], [ 18.9959987, 69.6266015 ], [ 18.9960212, 69.6265824 ], [ 18.9960215, 69.626559200000017 ], [ 18.9960252, 69.626536700000017 ], [ 18.9960139, 69.6265189 ], [ 18.9960187, 69.626495 ], [ 18.9960591, 69.6264752 ], [ 18.9960945, 69.6264583 ], [ 18.9961066, 69.6264382 ], [ 18.996143, 69.6264241 ], [ 18.9961776, 69.6264103 ] ] } },
{ "type": "Feature", "properties": { "id": "20260912_97", "note": "", "gps_accuracy": 3.0250000953674299, "created_at": "2026-09-12T12:30:08.798Z", "photo_url": null }, "geometry": { "type": "LineString", "coordinates": [ [ 18.9995405, 69.6288679 ], [ 18.9995048, 69.6288882 ], [ 18.999487, 69.6289073 ], [ 18.9994518, 69.62892930000001 ], [ 18.9994227, 69.6289444 ], [ 18.9993763, 69.6289672 ], [ 18.9993438, 69.6289885 ], [ 18.9993353, 69.6290095 ], [ 18.999314, 69.629026499999981 ], [ 18.9992892, 69.629047199999988 ], [ 18.9992573, 69.629063 ], [ 18.9992113, 69.629078299999989 ] ] } },
{ "type": "Feature", "properties": { "id": "20260912_96", "note": "", "gps_accuracy": 3.4979999065399201, "created_at": "2026-09-12T12:29:41.288Z", "photo_url": null }, "geometry": { "type": "LineString", "coordinates": [ [ 18.9996937, 69.6294617 ], [ 18.9996847, 69.6294433 ], [ 18.9997027, 69.6294246 ], [ 18.9997201, 69.6294021 ], [ 18.9997215, 69.629383 ], [ 18.9997346, 69.6293656 ], [ 18.9997629, 69.62935 ], [ 18.9997579, 69.629328699999988 ], [ 18.9997507, 69.6293084 ], [ 18.9997309, 69.6292875 ], [ 18.9997338, 69.6292693 ], [ 18.9997296, 69.6292502 ], [ 18.9997074, 69.62922589999998 ], [ 18.9997049, 69.6292079 ], [ 18.9997027, 69.629189899999986 ], [ 18.9996886, 69.629165 ], [ 18.999683, 69.629144899999986 ], [ 18.9996721, 69.6291266 ], [ 18.9996615, 69.6291051 ], [ 18.9996454, 69.62908539999998 ], [ 18.9996375, 69.6290665 ], [ 18.9996249, 69.629048 ], [ 18.9996102, 69.629026899999985 ], [ 18.999613, 69.6290077 ], [ 18.9996146, 69.6289857 ], [ 18.999603, 69.6289642 ], [ 18.9996332, 69.6289406 ], [ 18.9996229, 69.628922700000018 ], [ 18.9996385, 69.6289023 ], [ 18.9996306, 69.6288772 ], [ 18.999629, 69.6288534 ] ] } },
{ "type": "Feature", "properties": { "id": "20260912_91", "note": "", "gps_accuracy": 4.5672801055973098, "created_at": "2026-09-12T12:28:18.550Z", "photo_url": null }, "geometry": { "type": "LineString", "coordinates": [ [ 19.004302157956495, 69.634128815259814 ], [ 19.004298588802936, 69.634152452424061 ], [ 19.004268438638942, 69.63417078010643 ], [ 19.004238664340019, 69.634189508337599 ], [ 19.004216688490544, 69.634212547746486 ], [ 19.004190086094408, 69.634228764257088 ], [ 19.004174834401454, 69.634256822727536 ], [ 19.004126497613399, 69.634279117406621 ], [ 19.004100956130515, 69.634294754229913 ], [ 19.004083405673175, 69.634319680835162 ], [ 19.004049153173003, 69.63434082568763 ], [ 19.004025235750074, 69.634358348244604 ], [ 19.00400544225587, 69.634380537327786 ] ] } },
{ "type": "Feature", "properties": { "id": "20260912_86", "note": "", "gps_accuracy": 3.0, "created_at": "2026-09-12T12:24:11.285Z", "photo_url": null }, "geometry": { "type": "LineString", "coordinates": [ [ 18.9958791, 69.6276461 ], [ 18.9958744, 69.627619300000021 ], [ 18.995877, 69.6275995 ], [ 18.9958958, 69.6275767 ], [ 18.9959196, 69.6275534 ], [ 18.9959181, 69.627532499999987 ], [ 18.9958713, 69.6275176 ], [ 18.9958373, 69.627499 ], [ 18.9958663, 69.6274734 ], [ 18.9959157, 69.6274577 ], [ 18.9959383, 69.6274409 ], [ 18.9959853, 69.627427200000014 ], [ 18.9960213, 69.6274046 ], [ 18.9960174, 69.62738109999998 ], [ 18.9960077, 69.6273596 ], [ 18.9960043, 69.6273384 ], [ 18.9959847, 69.627316799999988 ], [ 18.9959668, 69.6272975 ], [ 18.995978, 69.6272756 ], [ 18.995993, 69.6272535 ], [ 18.9960148, 69.6272366 ], [ 18.9960215, 69.6272158 ], [ 18.9960106, 69.6271916 ], [ 18.9960241, 69.6271725 ], [ 18.9960285, 69.6271514 ], [ 18.9960515, 69.6271306 ] ] } },
{ "type": "Feature", "properties": { "id": "20260912_81", "note": "", "gps_accuracy": 3.1040738246294901, "created_at": "2026-09-12T12:17:13.822Z", "photo_url": null }, "geometry": { "type": "LineString", "coordinates": [ [ 19.007970979454935, 69.633851498430232 ], [ 19.007965531217877, 69.633826059354121 ], [ 19.008022731357102, 69.633800464099068 ], [ 19.008082641372237, 69.633784942978238 ], [ 19.008106749977667, 69.633764511461791 ], [ 19.008112798358091, 69.633742491553676 ], [ 19.008147431885732, 69.633724425912888 ], [ 19.008186060111736, 69.633706801406746 ], [ 19.008216795267938, 69.633689192395735 ], [ 19.008256588370568, 69.63367332608918 ], [ 19.008297388834901, 69.633661619336706 ], [ 19.008319888510883, 69.633643274957137 ] ] } },
{ "type": "Feature", "properties": { "id": "20260912_80", "note": "", "gps_accuracy": 3.0, "created_at": "2026-09-12T12:16:11.194Z", "photo_url": null }, "geometry": { "type": "LineString", "coordinates": [ [ 18.9950826, 69.6299687 ], [ 18.9951281, 69.6299468 ], [ 18.995163, 69.62992939999998 ], [ 18.9951872, 69.6299123 ], [ 18.9952136, 69.629894199999981 ], [ 18.9952328, 69.62987720000001 ], [ 18.9952497, 69.6298571 ], [ 18.9952583, 69.6298391 ], [ 18.9953047, 69.6298225 ], [ 18.9953545, 69.629807 ], [ 18.9953994, 69.6297909 ], [ 18.9954407, 69.6297729 ], [ 18.995469, 69.6297512 ], [ 18.9954834, 69.629731199999981 ], [ 18.9954845, 69.6297071 ], [ 18.9954662, 69.6296886 ], [ 18.995428, 69.6296724 ], [ 18.995399, 69.6296575 ], [ 18.995368, 69.6296373 ], [ 18.9953436, 69.6296191 ], [ 18.9953323, 69.6296012 ], [ 18.9953372, 69.6295805 ], [ 18.9953501, 69.6295606 ], [ 18.9953504, 69.6295423 ], [ 18.9953349, 69.629523099999986 ], [ 18.995327, 69.6295048 ], [ 18.9953088, 69.6294859 ], [ 18.9952978, 69.6294661 ], [ 18.9953049, 69.6294472 ], [ 18.9953041, 69.6294262 ], [ 18.9953116, 69.629408 ], [ 18.9953205, 69.6293847 ], [ 18.995321, 69.629363 ], [ 18.9953026, 69.6293438 ], [ 18.9952802, 69.6293268 ], [ 18.9952651, 69.6293081 ], [ 18.9952624, 69.6292854 ], [ 18.9952594, 69.629267 ], [ 18.9952338, 69.6292504 ], [ 18.9952076, 69.6292343 ], [ 18.9951892, 69.6292152 ], [ 18.995196, 69.629194 ], [ 18.9951995, 69.6291747 ], [ 18.9951868, 69.629153499999987 ], [ 18.9951886, 69.6291299 ], [ 18.9951736, 69.629112099999986 ], [ 18.9951409, 69.629094699999982 ], [ 18.9951042, 69.629075299999982 ], [ 18.9950734, 69.6290584 ], [ 18.9950459, 69.6290383 ], [ 18.9950254, 69.6290157 ], [ 18.9950246, 69.628993299999976 ], [ 18.9950148, 69.628971 ], [ 18.9950218, 69.62895229999998 ], [ 18.9950334, 69.62893219999998 ], [ 18.9950427, 69.628903799999989 ], [ 18.9950442, 69.628879700000013 ], [ 18.9950165, 69.6288563 ], [ 18.9949944, 69.6288331 ], [ 18.9949656, 69.6288108 ], [ 18.9949545, 69.62878670000002 ], [ 18.9949502, 69.6287651 ], [ 18.9949153, 69.628749 ], [ 18.9948904, 69.6287295 ], [ 18.9948876, 69.6287095 ], [ 18.9948678, 69.6286894 ], [ 18.9948691, 69.6286693 ], [ 18.9948811, 69.6286512 ], [ 18.9948749, 69.6286295 ], [ 18.9949289, 69.628607 ], [ 18.9949603, 69.628587499999981 ], [ 18.9949738, 69.628568699999988 ], [ 18.9949754, 69.628549399999983 ], [ 18.9949657, 69.6285311 ], [ 18.9949845, 69.6285037 ], [ 18.9949982, 69.6284791 ], [ 18.9950075, 69.6284565 ] ] } },
{ "type": "Feature", "properties": { "id": "20260912_79", "note": "", "gps_accuracy": 3.15207832820365, "created_at": "2026-09-12T12:16:02.840Z", "photo_url": null }, "geometry": { "type": "LineString", "coordinates": [ [ 19.005728829970543, 69.633380597969037 ], [ 19.005799795791702, 69.633388086636288 ], [ 19.005858127217579, 69.633390878946017 ], [ 19.005910242175023, 69.633394193742959 ], [ 19.005983482587801, 69.633386324985622 ], [ 19.006074893955216, 69.633374116005427 ], [ 19.006155788003802, 69.633376951744253 ], [ 19.006202401917449, 69.633366518524937 ], [ 19.006298862289803, 69.633361033757197 ], [ 19.006368403748727, 69.633356241948675 ], [ 19.006425602213273, 69.633357041021895 ], [ 19.00649808196637, 69.633350641627729 ], [ 19.006578189837537, 69.633348322665512 ], [ 19.006616725287895, 69.63336057295075 ], [ 19.006685244145217, 69.633364746879536 ], [ 19.006769968818297, 69.633377581467045 ], [ 19.006825793742419, 69.633375477241472 ], [ 19.006892886225081, 69.63336918915283 ], [ 19.006969284306066, 69.63337930452758 ], [ 19.007049373266177, 69.633385937912919 ], [ 19.007121247721678, 69.633392763350187 ], [ 19.007171679475537, 69.633379454437204 ], [ 19.007195288055946, 69.633357271488876 ], [ 19.007221334541189, 69.633330029608118 ], [ 19.007238137876321, 69.633300584647344 ], [ 19.007253954210391, 69.63327385760185 ], [ 19.007288921272842, 69.633249436600636 ], [ 19.007354961944827, 69.633228484456794 ], [ 19.007419005784961, 69.633219308514697 ], [ 19.007491250556303, 69.633214848366606 ], [ 19.007564860541358, 69.633210653769424 ], [ 19.007636100160138, 69.633201726625757 ], [ 19.007713970330993, 69.633196488739202 ], [ 19.007802380622874, 69.633204816273945 ], [ 19.007888261434537, 69.633211042719495 ], [ 19.007977452786751, 69.633218394716863 ], [ 19.008053061332397, 69.633231273046491 ], [ 19.008122280638727, 69.633242358540997 ], [ 19.00819201501449, 69.63324417195912 ], [ 19.00825246352138, 69.633257974717296 ], [ 19.008278149656796, 69.63328102295057 ], [ 19.008331687211562, 69.633306416240941 ], [ 19.008355866971996, 69.633329414320158 ], [ 19.008382715898307, 69.633345195961581 ], [ 19.008427174623435, 69.633369156693391 ], [ 19.008474893264211, 69.633390333336621 ], [ 19.00854175535321, 69.633396797462581 ], [ 19.008550684697685, 69.63342904061912 ], [ 19.008565365520006, 69.633458300633137 ], [ 19.008598908275424, 69.633488323778209 ], [ 19.008623011914572, 69.633516483443245 ], [ 19.00864009389085, 69.633534457468272 ], [ 19.008641281099447, 69.633566103482252 ], [ 19.008619054880629, 69.633598355670983 ], [ 19.008607797018314, 69.633627832182327 ], [ 19.008556550789493, 69.633650842208681 ], [ 19.008506259029332, 69.633670839141629 ], [ 19.008458310519831, 69.63368897147565 ], [ 19.008513882332082, 69.633674132816935 ], [ 19.008468469344795, 69.633685155423194 ], [ 19.008436729762334, 69.633705379144118 ], [ 19.008402637557595, 69.633728522167232 ], [ 19.008365256244019, 69.633750693988077 ], [ 19.008303078269787, 69.633770549044186 ], [ 19.00827867871212, 69.633792767665142 ], [ 19.008221056284281, 69.633801391601338 ], [ 19.008158168939843, 69.633811029197062 ], [ 19.008093316372008, 69.633815984045697 ], [ 19.008049879278179, 69.633830660236015 ], [ 19.008029199291265, 69.633847378330699 ], [ 19.007981839551135, 69.633870052972313 ], [ 19.007967189545024, 69.63389939292351 ], [ 19.007967739142224, 69.633917455639931 ], [ 19.007983740862667, 69.633947842573221 ], [ 19.008001796501407, 69.633973674093468 ], [ 19.008000553686045, 69.634000046333128 ], [ 19.007983939889979, 69.634033553904658 ], [ 19.007953842962085, 69.634058089061043 ], [ 19.007948567603147, 69.63408247141605 ], [ 19.007952682037853, 69.634109734954436 ], [ 19.007967616872055, 69.634129814191297 ], [ 19.007984639666255, 69.634156350390853 ] ] } },
{ "type": "Feature", "properties": { "id": "20260912_78", "note": "", "gps_accuracy": 2.87041923839111, "created_at": "2026-09-12T12:15:16.680Z", "photo_url": null }, "geometry": { "type": "LineString", "coordinates": [ [ 18.995943439000978, 69.628060905996122 ], [ 18.995990757082183, 69.627983295227153 ], [ 18.996038231063782, 69.628008155449095 ], [ 18.995923490261919, 69.627996469606089 ], [ 18.996074772926328, 69.62791755675444 ], [ 18.996081667712417, 69.62789826198518 ], [ 18.996064234631856, 69.627875788286957 ], [ 18.996052294270225, 69.627855930967428 ], [ 18.996033859094464, 69.627838637073538 ], [ 18.996041885485678, 69.627819099979732 ], [ 18.996026039941416, 69.62779283874427 ], [ 18.996019179126957, 69.627773318754507 ] ] } },
{ "type": "Feature", "properties": { "id": "20260912_75", "note": "", "gps_accuracy": 3.1731316609682798, "created_at": "2026-09-12T12:12:05.753Z", "photo_url": null }, "geometry": { "type": "LineString", "coordinates": [ [ 19.004213377367176, 69.633296739562198 ], [ 19.004258044547015, 69.633325715227826 ], [ 19.004330069917291, 69.633342174249947 ], [ 19.004381688626786, 69.633347804513093 ], [ 19.004430111759302, 69.633357651390256 ], [ 19.004497420815607, 69.633344699280855 ], [ 19.004553535263813, 69.633342343836176 ], [ 19.004602031119425, 69.633334967188219 ], [ 19.004666941084082, 69.63332842105136 ], [ 19.004728371434762, 69.633321653871334 ], [ 19.004780844511785, 69.633321092660452 ], [ 19.004866887468474, 69.633320505908657 ], [ 19.00492158365504, 69.633300843316789 ], [ 19.00500508515189, 69.633298927453438 ], [ 19.005072059812257, 69.633315659660127 ], [ 19.005123200419565, 69.633318666758925 ], [ 19.00519095124805, 69.633317140961651 ], [ 19.005249902020186, 69.633336061297669 ], [ 19.005318632238779, 69.633338709982098 ], [ 19.005368429863651, 69.633351271015925 ], [ 19.005394659153485, 69.633370847915842 ], [ 19.005458235101806, 69.633365522132962 ], [ 19.005524413699167, 69.633360594553764 ], [ 19.005583135552669, 69.633366909499671 ], [ 19.005628051399903, 69.63337990644321 ] ] } },
{ "type": "Feature", "properties": { "id": "20260912_74", "note": "", "gps_accuracy": 3.53553390593274, "created_at": "2026-09-12T12:11:32.345Z", "photo_url": null }, "geometry": { "type": "LineString", "coordinates": [ [ 18.994307639094998, 69.632425736700768 ], [ 18.994299524549017, 69.632396030995622 ], [ 18.994173810724469, 69.632372807462943 ], [ 18.994138553548346, 69.632352179127153 ], [ 18.994138250710879, 69.632332371552778 ], [ 18.99415290972593, 69.632306378927566 ], [ 18.994173525691625, 69.632285777315943 ], [ 18.994183194296046, 69.632266141507046 ], [ 18.994187019196126, 69.632247653578133 ], [ 18.994198931817639, 69.632225580013795 ], [ 18.994197473057117, 69.632202010003169 ], [ 18.993906931786022, 69.631922147468515 ], [ 18.993938561104944, 69.63186576602601 ], [ 18.994014104845927, 69.631765075092787 ], [ 18.994024163129733, 69.631744413701469 ], [ 18.994014730806139, 69.63172223255944 ], [ 18.994010152567967, 69.631703231589498 ], [ 18.994018556795695, 69.631680221654761 ], [ 18.994007422276095, 69.631658423486613 ], [ 18.994000704928556, 69.631639374904466 ], [ 18.993977895024226, 69.631582810608307 ], [ 18.993967920559456, 69.631564831426019 ], [ 18.993960628303693, 69.631545594958226 ], [ 18.993927217865608, 69.631522317902039 ], [ 18.993891171705258, 69.631500575692499 ], [ 18.993856810988948, 69.631481301062948 ], [ 18.993826407214595, 69.631459795173924 ], [ 18.993809069649728, 69.631434630400278 ], [ 18.993823391338285, 69.631413446515225 ], [ 18.993816462264316, 69.631388316505024 ], [ 18.993818760533557, 69.63136163295944 ], [ 18.993825726942031, 69.631332470012538 ], [ 18.993831056273212, 69.631313483097813 ], [ 18.993831691703878, 69.63129114062265 ], [ 18.993830536705666, 69.631264700989917 ], [ 18.993815752823668, 69.631240611579841 ], [ 18.993849964863461, 69.631104497828105 ], [ 18.993792152049949, 69.631041591120535 ], [ 18.993834564479993, 69.631030066003675 ], [ 18.993879994395183, 69.631005590846414 ], [ 18.993915701302694, 69.630989497592324 ], [ 18.993962556141422, 69.630967872282142 ], [ 18.994002233498914, 69.630949885632845 ], [ 18.994035143870548, 69.630932119141889 ], [ 18.994040524863511, 69.630906366900604 ], [ 18.994052164946574, 69.630879265256567 ], [ 18.994056064798521, 69.630853666039201 ], [ 18.994084110804586, 69.6308233577914 ], [ 18.994114071830673, 69.630805591361536 ], [ 18.994151589526361, 69.630782537188679 ], [ 18.994198709453833, 69.630772924872645 ], [ 18.994242275722105, 69.630757989025525 ], [ 18.99425381577699, 69.630736970687991 ], [ 18.994306571850778, 69.630703605190476 ], [ 18.994349510253645, 69.630678916097295 ], [ 18.994388708520894, 69.630652440911462 ], [ 18.99440237321328, 69.630624849519137 ], [ 18.994402158014466, 69.630597912411275 ], [ 18.99440718865511, 69.63057670005054 ], [ 18.994411594979962, 69.630553488952742 ], [ 18.994432592648874, 69.630533336697439 ], [ 18.994451997181066, 69.630511770623386 ], [ 18.994485590938957, 69.630490384746409 ], [ 18.994501375663798, 69.630472712020293 ], [ 18.994519908638829, 69.63044766380132 ], [ 18.994545988446973, 69.630426018954509 ], [ 18.994563602024567, 69.630406063333979 ], [ 18.994584818940556, 69.630377956123823 ], [ 18.994620153912372, 69.630358064848537 ], [ 18.994628358272877, 69.630335463352964 ], [ 18.994648907289349, 69.630313377310529 ], [ 18.994669295407977, 69.630293118183928 ], [ 18.994687992016022, 69.630271006340905 ], [ 18.994713300114469, 69.630248627334538 ], [ 18.994727986829847, 69.630224640081707 ], [ 18.994751191126703, 69.630199930905803 ], [ 18.994776513331004, 69.63018149146734 ], [ 18.994804086393067, 69.630163883160137 ], [ 18.99482692048586, 69.630141256944597 ], [ 18.994863819845097, 69.630122512855266 ], [ 18.994883894938038, 69.630071092461819 ], [ 18.994899652916001, 69.63004477328586 ], [ 18.994940556603478, 69.63002302224713 ], [ 18.994972324016498, 69.630008270097548 ], [ 18.995023118349717, 69.629988488806063 ], [ 18.995062513294624, 69.62996828841942 ], [ 18.995082811567375, 69.629949233056465 ], [ 18.995096557050299, 69.629931042704484 ], [ 18.995124189038521, 69.629909715680512 ], [ 18.995150814407737, 69.629888174278065 ], [ 18.995174494526566, 69.629869407046684 ], [ 18.995204384128694, 69.6298493833864 ], [ 18.995332998231184, 69.629817102553858 ], [ 18.995400303992437, 69.629759118025774 ], [ 18.99543173612933, 69.629740635929281 ], [ 18.995444225165059, 69.629722572927932 ], [ 18.995476770930413, 69.629695857995614 ], [ 18.995454863727741, 69.629672172046369 ], [ 18.99541957347688, 69.629653991016937 ], [ 18.995372684675083, 69.629632214289273 ], [ 18.995348868225147, 69.62961181335254 ], [ 18.995338082537071, 69.629593804378658 ], [ 18.995186565461562, 69.62940221658873 ], [ 18.995215483027504, 69.629386668158332 ], [ 18.995232749748038, 69.629364959029132 ], [ 18.995238365623162, 69.629345135828132 ], [ 18.995242891850875, 69.629323803884574 ], [ 18.995241718384431, 69.629303058674211 ], [ 18.995230318996118, 69.629285121401423 ], [ 18.995219198827684, 69.629266180640144 ], [ 18.995210548298257, 69.629246220214682 ], [ 18.995180286888814, 69.629217681930228 ], [ 18.995165264472778, 69.629193145018021 ], [ 18.995152770562733, 69.629169193497972 ], [ 18.995151948201467, 69.62914440623814 ], [ 18.995149944167597, 69.629118572872386 ], [ 18.995142929943235, 69.629096897094996 ], [ 18.995136683256931, 69.6290755619778 ], [ 18.995113829761994, 69.62905831680078 ], [ 18.995100279797096, 69.629037159788496 ], [ 18.995084716993286, 69.62901203862026 ], [ 18.995063938218166, 69.628977379826466 ], [ 18.995067123341368, 69.628954287683243 ], [ 18.995051952096631, 69.62893262046353 ], [ 18.995050024258898, 69.628913761181408 ], [ 18.995057567971756, 69.628895069537307 ], [ 18.995058154704974, 69.628875539702946 ], [ 18.995050169162965, 69.628853824722015 ], [ 18.995032890095494, 69.62883648313634 ], [ 18.994992609066337, 69.62881148188022 ], [ 18.994939972330805, 69.628786675758889 ], [ 18.994912483365717, 69.628766020786514 ], [ 18.994903985751257, 69.628743790881245 ], [ 18.994903257134364, 69.628700274107629 ], [ 18.994903676229523, 69.628678397340337 ], [ 18.994909543561743, 69.628650234145695 ], [ 18.994919769483612, 69.628629363206798 ], [ 18.994932007062246, 69.62859981699809 ], [ 18.994941813888953, 69.628580496711294 ], [ 18.994946698792226, 69.628556797604745 ], [ 18.994989407943844, 69.628534701944105 ], [ 18.995009302741501, 69.628513147184862 ], [ 18.995012243557476, 69.628492338243092 ], [ 18.995005418562048, 69.628472680928411 ], [ 18.995057427208572, 69.628456039707103 ], [ 18.995028585062474, 69.628428936832336 ], [ 18.995052347819943, 69.628410924628938 ], [ 18.99509228374858, 69.6283892937969 ], [ 18.99511139212613, 69.62836986767212 ], [ 18.995111723848414, 69.628349852164888 ], [ 18.99517071568426, 69.628356081291145 ], [ 18.995134054240676, 69.628342725540548 ], [ 18.995095666395329, 69.628330486864911 ], [ 18.995079756356223, 69.628310827259597 ], [ 18.995088517434365, 69.628291510172218 ], [ 18.995124834222096, 69.628270382154042 ], [ 18.995948899555014, 69.628032906977111 ], [ 18.995940601470874, 69.628051095706994 ] ] } },
{ "type": "Feature", "properties": { "id": "20260912_73", "note": "", "gps_accuracy": 3.0, "created_at": "2026-09-12T12:11:07.711Z", "photo_url": null }, "geometry": { "type": "LineString", "coordinates": [ [ 18.9938303, 69.631283499999981 ], [ 18.9938519, 69.6312655 ], [ 18.9938464, 69.63124 ], [ 18.9938303, 69.631211199999981 ], [ 18.9938359, 69.6311921 ], [ 18.9938448, 69.631173 ], [ 18.9938341, 69.6311491 ], [ 18.9938204, 69.6311311 ], [ 18.9938246, 69.6311119 ], [ 18.9938453, 69.6310922 ], [ 18.9938725, 69.631074 ], [ 18.9938936, 69.6310493 ], [ 18.9939166, 69.631031299999975 ], [ 18.9939516, 69.631009 ], [ 18.9939853, 69.6309896 ], [ 18.9940055, 69.630970299999987 ], [ 18.9940289, 69.630942 ], [ 18.9940376, 69.6309212 ], [ 18.9940342, 69.6308989 ], [ 18.9940358, 69.630880199999979 ], [ 18.9940631, 69.6308622 ], [ 18.9940895, 69.6308443 ], [ 18.9941164, 69.630827899999986 ], [ 18.9941638, 69.6308105 ], [ 18.9941665, 69.630792099999979 ], [ 18.9941918, 69.6307752 ], [ 18.9942374, 69.6307651 ], [ 18.9942676, 69.630745499999989 ], [ 18.9942896, 69.6307288 ], [ 18.9942845, 69.630701 ], [ 18.9942889, 69.630672499999989 ], [ 18.9943276, 69.6306442 ], [ 18.9943469, 69.630624199999986 ], [ 18.9943642, 69.6306033 ], [ 18.9943707, 69.6305835 ], [ 18.9943648, 69.6305572 ], [ 18.9943796, 69.6305353 ], [ 18.9944035, 69.6305188 ], [ 18.9944325, 69.6304988 ], [ 18.9944593, 69.630482599999979 ], [ 18.9944815, 69.630464099999983 ], [ 18.994511, 69.6304436 ], [ 18.994534, 69.630415299999981 ], [ 18.9945708, 69.6303927 ], [ 18.9946035, 69.6303759 ], [ 18.9946144, 69.6303514 ], [ 18.9946261, 69.6303218 ], [ 18.9946366, 69.6302963 ], [ 18.9946581, 69.6302736 ], [ 18.9946863, 69.6302493 ], [ 18.9947065, 69.6302287 ], [ 18.9947349, 69.630206 ], [ 18.9947645, 69.6301885 ], [ 18.9947867, 69.6301711 ], [ 18.9948065, 69.630152899999985 ], [ 18.9948423, 69.6301329 ], [ 18.9948647, 69.6301143 ], [ 18.9948794, 69.630094499999984 ], [ 18.9949029, 69.630076 ], [ 18.9949255, 69.63005050000001 ], [ 18.9949461, 69.6300315 ], [ 18.9949604, 69.630011199999984 ] ] } },
{ "type": "Feature", "properties": { "id": "20260912_71", "note": "", "gps_accuracy": 3.0, "created_at": "2026-09-12T12:10:57.594Z", "photo_url": null }, "geometry": { "type": "LineString", "coordinates": [ [ 18.9941273, 69.632301700000014 ], [ 18.9941461, 69.632284599999977 ], [ 18.9941564, 69.632265 ], [ 18.9941227, 69.6322809 ], [ 18.9941673, 69.6322095 ], [ 18.9941795, 69.632184099999989 ], [ 18.9941536, 69.6321681 ], [ 18.9941423, 69.6321504 ], [ 18.9941208, 69.6321266 ], [ 18.9941044, 69.6321072 ], [ 18.9940885, 69.6320899 ], [ 18.9940603, 69.6320679 ], [ 18.9940344, 69.63204 ], [ 18.9940123, 69.6320128 ], [ 18.9939944, 69.6319838 ], [ 18.9939863, 69.631957199999988 ], [ 18.9939901, 69.6319292 ], [ 18.9940005, 69.6319087 ], [ 18.9940137, 69.631888 ], [ 18.9940004, 69.631867 ], [ 18.9939687, 69.6318498 ], [ 18.9939751, 69.6318293 ], [ 18.9939768, 69.63181 ], [ 18.9939629, 69.6317882 ], [ 18.9939767, 69.6317659 ], [ 18.9939824, 69.6317433 ], [ 18.9939932, 69.631724399999982 ], [ 18.9940135, 69.631705499999981 ], [ 18.9940231, 69.6316815 ], [ 18.9940239, 69.6316557 ], [ 18.9940387, 69.631638 ], [ 18.9940249, 69.6316161 ], [ 18.9940152, 69.6315982 ], [ 18.9940111, 69.6315798 ], [ 18.9939932, 69.6315567 ], [ 18.9939587, 69.6315386 ], [ 18.9939329, 69.6315189 ], [ 18.9938982, 69.631498299999976 ], [ 18.9938603, 69.631479199999987 ], [ 18.9938315, 69.6314572 ], [ 18.9938333, 69.631435599999989 ], [ 18.9938294, 69.6314105 ], [ 18.9938172, 69.63138739999998 ], [ 18.9938111, 69.6313645 ], [ 18.9938015, 69.6313374 ], [ 18.9937967, 69.6313125 ], [ 18.9938141, 69.631294 ], [ 18.9938218, 69.631275099999982 ], [ 18.9938181, 69.631256600000015 ], [ 18.9937979, 69.631239399999984 ], [ 18.9937848, 69.6312155 ], [ 18.9937809, 69.631192700000014 ], [ 18.9937945, 69.631172799999987 ], [ 18.993809, 69.6311517 ], [ 18.9938172, 69.6311261 ] ] } },
{ "type": "Feature", "properties": { "id": "20260912_70", "note": "", "gps_accuracy": 3.0, "created_at": "2026-09-12T12:10:54.706Z", "photo_url": null }, "geometry": { "type": "LineString", "coordinates": [ [ 18.9948875, 69.6321345 ], [ 18.9948758, 69.632109 ], [ 18.9948519, 69.632089500000021 ], [ 18.9947934, 69.632072399999984 ], [ 18.9947489, 69.6320555 ], [ 18.9947221, 69.632037299999965 ], [ 18.9947212, 69.6320141 ], [ 18.9947284, 69.6319889 ], [ 18.9947348, 69.6319695 ], [ 18.9947189, 69.6319512 ], [ 18.9947078, 69.6319313 ], [ 18.9947014, 69.6319126 ], [ 18.9947413, 69.6318967 ], [ 18.9947385, 69.631873799999966 ], [ 18.9946903, 69.631845799999979 ], [ 18.9946683, 69.6318265 ], [ 18.9946423, 69.6318104 ], [ 18.9946239, 69.6317927 ], [ 18.9946306, 69.6317708 ], [ 18.9946254, 69.6317514 ], [ 18.9946219, 69.6317321 ], [ 18.9946253, 69.6317066 ], [ 18.9946333, 69.631687400000018 ], [ 18.9946206, 69.6316661 ], [ 18.9946394, 69.6316451 ], [ 18.9946699, 69.6316285 ], [ 18.9946977, 69.6316079 ], [ 18.9947135, 69.6315873 ], [ 18.9947391, 69.6315667 ], [ 18.9947552, 69.6315421 ], [ 18.9947568, 69.6315234 ], [ 18.9947599, 69.6315045 ], [ 18.9947696, 69.631481 ], [ 18.9947823, 69.631456 ], [ 18.9947834, 69.631435599999989 ], [ 18.9947905, 69.631414599999985 ], [ 18.9948043, 69.631386 ], [ 18.994785, 69.6313665 ], [ 18.9947831, 69.6313473 ], [ 18.9947802, 69.6313293 ], [ 18.9947902, 69.631311599999989 ], [ 18.9948101, 69.6312939 ], [ 18.9948318, 69.6312761 ], [ 18.9948305, 69.6312531 ], [ 18.9948338, 69.631230799999983 ], [ 18.9948456, 69.631204 ], [ 18.9948404, 69.6311858 ], [ 18.9948436, 69.6311606 ], [ 18.9948456, 69.6311426 ], [ 18.9948402, 69.6311214 ], [ 18.9948519, 69.631100299999986 ], [ 18.9948577, 69.6310818 ], [ 18.9948878, 69.6310574 ], [ 18.9949026, 69.631039799999982 ], [ 18.994908, 69.6310217 ], [ 18.9949133, 69.6309989 ], [ 18.9949083, 69.6309787 ], [ 18.9949037, 69.630953500000018 ], [ 18.9949056, 69.630928299999979 ], [ 18.9949087, 69.6309081 ], [ 18.9949116, 69.6308879 ], [ 18.9949334, 69.6308636 ], [ 18.9949317, 69.6308363 ], [ 18.9949206, 69.6308089 ], [ 18.9949108, 69.630790399999981 ], [ 18.9949362, 69.630762300000015 ], [ 18.994938, 69.6307442 ], [ 18.9949277, 69.6307249 ], [ 18.9949255, 69.6307067 ], [ 18.9949277, 69.6306873 ], [ 18.994941, 69.6306641 ], [ 18.9949496, 69.630645 ], [ 18.994947, 69.6306247 ], [ 18.9949507, 69.6306024 ], [ 18.9949535, 69.630583 ], [ 18.9949604, 69.6305587 ], [ 18.9949629, 69.630538299999984 ], [ 18.9949743, 69.6305146 ], [ 18.9949732, 69.6304915 ], [ 18.9949648, 69.6304732 ], [ 18.9949639, 69.6304542 ], [ 18.9949565, 69.6304263 ], [ 18.9949587, 69.6304041 ], [ 18.9949641, 69.6303845 ], [ 18.9949678, 69.6303591 ], [ 18.9949699, 69.630338 ], [ 18.9949805, 69.6303193 ], [ 18.9949796, 69.630299399999984 ], [ 18.9949814, 69.630281100000019 ], [ 18.9949698, 69.630263299999982 ], [ 18.9949755, 69.630243 ], [ 18.994976, 69.6302227 ], [ 18.9949828, 69.6302017 ], [ 18.9949895, 69.6301834 ], [ 18.9949899, 69.630162799999979 ], [ 18.9949879, 69.6301423 ], [ 18.994991, 69.6301237 ], [ 18.9949969, 69.630098599999982 ], [ 18.9950037, 69.6300805 ], [ 18.9949722, 69.6300603 ], [ 18.9949056, 69.630049099999979 ], [ 18.9949158, 69.6300224 ], [ 18.994936, 69.630004 ], [ 18.994981, 69.629990399999983 ], [ 18.9950275, 69.6299768 ], [ 18.9950748, 69.6299651 ] ] } },
{ "type": "Feature", "properties": { "id": "20260912_67", "note": "", "gps_accuracy": 3.4326147529056299, "created_at": "2026-09-12T12:08:51.089Z", "photo_url": null }, "geometry": { "type": "LineString", "coordinates": [ [ 19.001097299209142, 69.633133693990047 ], [ 19.001151674087428, 69.633120544952547 ], [ 19.001207205729919, 69.633115832680645 ], [ 19.001258694458027, 69.633125480828141 ], [ 19.001318200610999, 69.633125988508496 ], [ 19.001401705199278, 69.633131727758126 ], [ 19.001471247811313, 69.633130072446292 ], [ 19.001533760450179, 69.633125965273848 ], [ 19.001596212358184, 69.63312595455497 ], [ 19.001664395301166, 69.633118113533143 ], [ 19.001720421154118, 69.633115509134285 ], [ 19.001803569310962, 69.633105630528377 ], [ 19.001866852983042, 69.63308976159918 ], [ 19.001938275183363, 69.633078035640835 ], [ 19.00198829492561, 69.633069321155347 ], [ 19.002064377517083, 69.633051985729892 ], [ 19.002146533861598, 69.633040223458934 ], [ 19.002245863998809, 69.633035141574013 ], [ 19.002329271880008, 69.633024470722191 ], [ 19.002405730514152, 69.633014759770163 ], [ 19.002486951985802, 69.633006693850902 ], [ 19.002565276902772, 69.633001159278521 ], [ 19.002627267424945, 69.63300919071915 ], [ 19.00267667996664, 69.633025715161665 ], [ 19.002695624001646, 69.633043437782646 ], [ 19.002762236373272, 69.633050246474752 ], [ 19.002817646489692, 69.633048382571261 ], [ 19.002882257328856, 69.633048056879375 ], [ 19.002930647315242, 69.633034997243669 ], [ 19.003018453535621, 69.633040456084686 ], [ 19.003074314053848, 69.633041666091373 ], [ 19.003136163840942, 69.633038649624268 ], [ 19.003197236984025, 69.633033851852773 ], [ 19.003248724074503, 69.633026567663279 ] ] } },
{ "type": "Feature", "properties": { "id": "20260912_66", "note": "", "gps_accuracy": 3.0, "created_at": "2026-09-12T12:07:16.010Z", "photo_url": null }, "geometry": { "type": "LineString", "coordinates": [ [ 18.9941068, 69.6323516 ], [ 18.9941238, 69.6323315 ], [ 18.9941442, 69.632314600000015 ], [ 18.9941628, 69.6322951 ], [ 18.9941809, 69.6322724 ], [ 18.9941933, 69.6322516 ], [ 18.9942006, 69.63222989999997 ], [ 18.9941909, 69.632212100000018 ], [ 18.9941915, 69.632189699999984 ], [ 18.9941838, 69.632170200000019 ], [ 18.9941719, 69.632149799999979 ], [ 18.9941623, 69.6321298 ], [ 18.9941517, 69.6321077 ], [ 18.9941283, 69.6320868 ], [ 18.9940884, 69.6320647 ], [ 18.9940632, 69.63204 ], [ 18.9940421, 69.6320214 ], [ 18.994018, 69.631997699999985 ], [ 18.9940157, 69.631976399999985 ], [ 18.9940206, 69.6319582 ], [ 18.9940366, 69.6319395 ], [ 18.9940408, 69.6319198 ], [ 18.994055, 69.6319009 ], [ 18.9940303, 69.631883 ], [ 18.9940333, 69.631861 ], [ 18.9940433, 69.6318393 ], [ 18.9940578, 69.6318218 ], [ 18.9940565, 69.6317979 ], [ 18.994049, 69.6317761 ], [ 18.9940293, 69.6317585 ], [ 18.9940405, 69.63174 ], [ 18.9940395, 69.63171890000001 ], [ 18.9940352, 69.6316985 ], [ 18.9940197, 69.631677399999987 ], [ 18.9940085, 69.6316586 ], [ 18.9940032, 69.631638 ], [ 18.9940221, 69.6316183 ], [ 18.9940262, 69.6315986 ], [ 18.994005, 69.6315755 ], [ 18.9939766, 69.6315524 ], [ 18.9939491, 69.6315367 ], [ 18.993908, 69.631521600000013 ], [ 18.9938774, 69.6315014 ], [ 18.9938564, 69.6314835 ], [ 18.9938366, 69.6314614 ], [ 18.9938208, 69.6314387 ], [ 18.9938121, 69.6314206 ], [ 18.9938123, 69.6313961 ], [ 18.9937954, 69.631375 ], [ 18.9937765, 69.6313533 ], [ 18.9937769, 69.6313312 ], [ 18.9937943, 69.631311599999989 ], [ 18.9938228, 69.631292 ] ] } },
{ "type": "Feature", "properties": { "id": "20260912_65", "note": "", "gps_accuracy": 2.9729157087802101, "created_at": "2026-09-12T12:06:20.344Z", "photo_url": null }, "geometry": { "type": "LineString", "coordinates": [ [ 18.997499674366857, 69.635060862298744 ], [ 18.997518397147005, 69.635032313799059 ], [ 18.997552920891302, 69.635006694029812 ], [ 18.997576268152319, 69.634983208219012 ], [ 18.997604365832679, 69.634957778002814 ], [ 18.997615686512237, 69.634931481768319 ], [ 18.997637893127322, 69.634902292421884 ], [ 18.99766215726267, 69.634884608683322 ], [ 18.99767718869321, 69.634853036774302 ], [ 18.997691141919606, 69.6348206161706 ], [ 18.997707141399069, 69.634790216019013 ], [ 18.997704884913016, 69.634761456341394 ], [ 18.997726109692724, 69.63472951939724 ], [ 18.997755579900257, 69.634698430780958 ], [ 18.997777817470112, 69.634668164879727 ], [ 18.997823502275942, 69.634642729666339 ], [ 18.997875338373142, 69.634619402516947 ], [ 18.997925779489371, 69.634594830037983 ], [ 18.997990555441877, 69.634568207172336 ], [ 18.998053243148618, 69.634551494427086 ], [ 18.998123977742818, 69.634535971860714 ], [ 18.998197786316542, 69.634526291854129 ], [ 18.998246318811372, 69.634516007398886 ], [ 18.998312483966576, 69.634501294594571 ], [ 18.99837173377535, 69.634488175040502 ], [ 18.998419247782657, 69.634478940530087 ], [ 18.998476540361033, 69.634463493575225 ], [ 18.998527064785268, 69.634451103676099 ], [ 18.998584065559577, 69.634435095953918 ], [ 18.998645211482319, 69.634417305590702 ], [ 18.998701807799879, 69.634398620413407 ], [ 18.998769585441277, 69.63438035656516 ], [ 18.99882544102482, 69.634362573728339 ], [ 18.998880122939667, 69.63434302373372 ], [ 18.998926222056589, 69.634323887435897 ], [ 18.998954428551126, 69.634308347553244 ], [ 18.998997419722222, 69.634288467282474 ], [ 18.999024841075595, 69.634271693691431 ], [ 18.999059672329597, 69.634250694221578 ], [ 18.999086806617857, 69.634234824989846 ], [ 18.999110213217293, 69.634213513214135 ], [ 18.999133330982229, 69.63418872449364 ], [ 18.999152939422189, 69.634163555354661 ], [ 18.999150321083579, 69.634139454701526 ], [ 18.999151471125334, 69.634113265253177 ], [ 18.999151252949964, 69.634087658800425 ], [ 18.99913901765553, 69.634061817183351 ], [ 18.999122968479284, 69.634030731406853 ], [ 18.999106815310359, 69.634003684975696 ], [ 18.999089674919805, 69.633978831541739 ], [ 18.999075809037492, 69.633952381315623 ], [ 18.999061014399814, 69.633925302794509 ], [ 18.999047257913563, 69.633895938553067 ], [ 18.999032043999676, 69.633866184396027 ], [ 18.999029612136138, 69.633834622700391 ], [ 18.999032303351353, 69.633802677228559 ], [ 18.999021956630102, 69.633774877113225 ], [ 18.99901760937361, 69.633745363652068 ], [ 18.99901954628745, 69.633718523663461 ], [ 18.999013190421437, 69.633695662537306 ], [ 18.999000253510872, 69.633671255885318 ], [ 18.998984119342254, 69.633648650168567 ], [ 18.998948701188777, 69.633624039833165 ], [ 18.998936800240806, 69.633597506112906 ], [ 18.998935595316475, 69.633571383441961 ], [ 18.99893385127702, 69.633543869934741 ], [ 18.998947459622226, 69.633521687172291 ], [ 18.998969354963489, 69.633499790488898 ], [ 18.999006626396834, 69.633476121436985 ], [ 18.999049243593948, 69.633458606651274 ], [ 18.999081128240462, 69.633440516433481 ], [ 18.999128872491504, 69.633422794785417 ], [ 18.999193414108237, 69.63340606784179 ], [ 18.999262253126776, 69.633393755332477 ], [ 18.999323174133064, 69.633381856906567 ], [ 18.999388619744767, 69.633367007486854 ], [ 18.999452418546468, 69.633353539458767 ], [ 18.999508707761152, 69.63333930687719 ], [ 18.999576816360573, 69.633321157104106 ], [ 18.999632221711757, 69.633304367006659 ], [ 18.999660330409895, 69.633284219953907 ], [ 18.999699772584151, 69.633260068813314 ], [ 18.999733871851113, 69.633236691670021 ], [ 18.999773290780535, 69.633209989364019 ], [ 18.999803244930824, 69.633182498543775 ], [ 18.999826005259354, 69.633154434320687 ], [ 18.999849053399224, 69.633131343424935 ], [ 18.999873562004939, 69.633107987295233 ], [ 18.999884147710603, 69.633082920006686 ], [ 18.999912897520371, 69.633055991244149 ], [ 18.999938797386324, 69.633038799559543 ], [ 18.99998015938711, 69.633010811481753 ], [ 19.000023091272173, 69.632986108480921 ], [ 19.000056324369105, 69.632959014979832 ], [ 19.000080998065091, 69.632935775537234 ], [ 19.00010826728132, 69.632912035106997 ], [ 19.000144424743507, 69.632886957779405 ], [ 19.000186110648837, 69.632861166243828 ], [ 19.000247154313641, 69.632840303660217 ], [ 19.000292584225338, 69.632814381076869 ], [ 19.000325977626272, 69.632793532227311 ], [ 19.000365050151267, 69.632767506354767 ], [ 19.000400633775648, 69.632743832997406 ], [ 19.000425081154336, 69.632727438640188 ], [ 19.00047977586236, 69.632703272659427 ], [ 19.000511893780121, 69.63268038532793 ], [ 19.000542834125483, 69.632657553926663 ], [ 19.000564178726879, 69.63263700746549 ], [ 19.000565707422087, 69.632612827413425 ], [ 19.000601553793274, 69.632589421751334 ], [ 19.000618521562497, 69.63256907137054 ], [ 19.000645525502495, 69.632544896116926 ], [ 19.000678632795552, 69.632525729007568 ], [ 19.000725937053307, 69.632509150500624 ], [ 19.000762716408868, 69.632488894097918 ], [ 19.000807853262398, 69.632467950182956 ], [ 19.000839087930192, 69.632445554431769 ], [ 19.000857353875713, 69.632421287830439 ], [ 19.000898195233017, 69.632396270579648 ], [ 19.00091852981684, 69.63236874213429 ], [ 19.000934806650712, 69.632344606816901 ] ] } },
{ "type": "Feature", "properties": { "id": "20260912_63", "note": "", "gps_accuracy": 3.0, "created_at": "2026-09-12T12:06:03.909Z", "photo_url": null }, "geometry": { "type": "LineString", "coordinates": [ [ 18.9953132, 69.633568499999981 ], [ 18.9952823, 69.6335426 ], [ 18.9952568, 69.633525 ], [ 18.9952491, 69.6335036 ], [ 18.9952504, 69.6334771 ], [ 18.9952347, 69.6334598 ], [ 18.9952121, 69.6334383 ], [ 18.9951992, 69.633419700000019 ], [ 18.9951817, 69.6334004 ], [ 18.9951765, 69.6333805 ], [ 18.9951445, 69.6333577 ], [ 18.9951239, 69.6333407 ], [ 18.9951094, 69.6333205 ], [ 18.9951034, 69.633300399999982 ], [ 18.9950985, 69.633274499999985 ], [ 18.9951135, 69.633255 ], [ 18.9950973, 69.6332365 ], [ 18.9949457, 69.632829 ], [ 18.9949515, 69.6328029 ], [ 18.9949469, 69.6327817 ], [ 18.9949494, 69.6327636 ], [ 18.9949496, 69.6327432 ], [ 18.994956, 69.6327231 ], [ 18.99498, 69.6327047 ], [ 18.9949894, 69.6326831 ], [ 18.9949876, 69.6326593 ], [ 18.9949803, 69.6326395 ], [ 18.9949832, 69.6326188 ], [ 18.9949849, 69.6325986 ], [ 18.994982, 69.632578699999982 ], [ 18.9949818, 69.632560500000011 ], [ 18.9949894, 69.632539099999988 ], [ 18.9949974, 69.6325167 ], [ 18.9949961, 69.6324929 ], [ 18.9949976, 69.6324655 ], [ 18.9950215, 69.632449199999982 ], [ 18.9950392, 69.632431900000014 ], [ 18.9950553, 69.6324121 ], [ 18.9950564, 69.632387399999985 ], [ 18.9950755, 69.6323656 ], [ 18.9950982, 69.632349 ], [ 18.9951273, 69.6323271 ], [ 18.9951487, 69.632307 ], [ 18.9951643, 69.6322828 ], [ 18.9951661, 69.632259100000013 ], [ 18.9951532, 69.6322403 ], [ 18.9951152, 69.6322197 ], [ 18.9950634, 69.632205 ], [ 18.9950241, 69.6321924 ], [ 18.9949781, 69.632172 ], [ 18.9949542, 69.6321553 ], [ 18.9949249, 69.632140199999981 ] ] } },
{ "type": "Feature", "properties": { "id": "20260912_58", "note": "", "gps_accuracy": 3.0, "created_at": "2026-09-12T12:02:26.407Z", "photo_url": null }, "geometry": { "type": "LineString", "coordinates": [ [ 18.9958708, 69.6343257 ], [ 18.9958448, 69.634342 ], [ 18.9958213, 69.634359599999982 ], [ 18.9957876, 69.634380300000018 ], [ 18.9957544, 69.6343992 ], [ 18.9957438, 69.634421799999984 ], [ 18.9957539, 69.6344411 ], [ 18.9957751, 69.6344681 ], [ 18.9957714, 69.6344905 ], [ 18.9957798, 69.6345088 ], [ 18.9957904, 69.6345283 ], [ 18.9958109, 69.6345503 ], [ 18.9958305, 69.6345781 ], [ 18.9958382, 69.6345968 ], [ 18.9958449, 69.6346158 ], [ 18.9958881, 69.6346341 ], [ 18.9959547, 69.6346275 ] ] } },
{ "type": "Feature", "properties": { "id": "20260912_55", "note": "", "gps_accuracy": 2.8471651494154, "created_at": "2026-09-12T12:00:14.503Z", "photo_url": null }, "geometry": { "type": "LineString", "coordinates": [ [ 18.996930188204601, 69.635364708677827 ], [ 18.9969779996566, 69.635349273754059 ], [ 18.997020812497301, 69.635335461690389 ], [ 18.997066978206988, 69.63531879217345 ], [ 18.997121246495876, 69.635303420982922 ], [ 18.997177810465079, 69.635286409368149 ], [ 18.997213807207444, 69.635270110062365 ], [ 18.99725956692296, 69.635247370176089 ], [ 18.99729129098537, 69.635222550508402 ], [ 18.997328765259301, 69.635198439766228 ], [ 18.997366169424435, 69.635176793056814 ], [ 18.997387723052174, 69.635150611242452 ], [ 18.997394166041968, 69.635120948464134 ], [ 18.997417438978879, 69.63509393345808 ], [ 18.997438912701419, 69.63507751268196 ], [ 18.997456811574757, 69.635052565282123 ], [ 18.997482939022216, 69.635032213209428 ] ] } },
{ "type": "Feature", "properties": { "id": "20260912_54", "note": "", "gps_accuracy": 5.22399997711182, "created_at": "2026-09-12T11:59:46.929Z", "photo_url": null }, "geometry": { "type": "LineString", "coordinates": [ [ 18.9943917, 69.633119500000021 ], [ 18.9944118, 69.633137199999979 ], [ 18.9944301, 69.6331616 ], [ 18.9944506, 69.633188499999989 ], [ 18.9944625, 69.6332084 ], [ 18.9944739, 69.6332274 ], [ 18.9944914, 69.6332491 ] ] } },
{ "type": "Feature", "properties": { "id": "20260912_53", "note": "", "gps_accuracy": 3.0, "created_at": "2026-09-12T11:59:46.466Z", "photo_url": null }, "geometry": { "type": "LineString", "coordinates": [ [ 18.9941409, 69.6334569 ], [ 18.9941805, 69.6334731 ], [ 18.9941995, 69.6334953 ], [ 18.9942072, 69.6335135 ], [ 18.9942553, 69.6335362 ], [ 18.994296, 69.6335584 ], [ 18.9943373, 69.6335807 ], [ 18.9943691, 69.633598699999965 ], [ 18.9943896, 69.6336162 ], [ 18.9944248, 69.6336367 ], [ 18.9944395, 69.6336577 ], [ 18.9944452, 69.633678 ], [ 18.9944544, 69.6336969 ], [ 18.994492, 69.6337223 ], [ 18.9945263, 69.6337402 ], [ 18.9945623, 69.6337612 ], [ 18.9945924, 69.6337808 ], [ 18.9946255, 69.6338058 ], [ 18.9946519, 69.633825799999983 ], [ 18.9946725, 69.633843499999983 ], [ 18.9946933, 69.6338616 ], [ 18.9947276, 69.633881 ], [ 18.994744, 69.6339017 ], [ 18.9947754, 69.6339222 ], [ 18.9947955, 69.633941399999983 ], [ 18.9948248, 69.633959 ], [ 18.9948826, 69.6339819 ], [ 18.9949219, 69.6340041 ], [ 18.9949195, 69.6340222 ], [ 18.9949125, 69.6340409 ], [ 18.9948897, 69.6340607 ], [ 18.9948653, 69.6340849 ], [ 18.9948703, 69.634105 ], [ 18.9948757, 69.6341239 ], [ 18.9948818, 69.634146799999968 ], [ 18.9948802, 69.634170499999982 ], [ 18.9948579, 69.6341925 ], [ 18.994842, 69.634212299999987 ], [ 18.9948043, 69.6342313 ], [ 18.9947505, 69.6342454 ], [ 18.9947155, 69.6342591 ], [ 18.9946852, 69.634280099999984 ], [ 18.9946762, 69.6342989 ], [ 18.994664, 69.634321899999989 ], [ 18.9946544, 69.6343443 ], [ 18.9946582, 69.634363100000016 ], [ 18.9946766, 69.6343816 ], [ 18.994693, 69.6344001 ], [ 18.994717, 69.634417899999988 ], [ 18.9947518, 69.634432 ], [ 18.9947904, 69.6344457 ], [ 18.9947998, 69.634465 ], [ 18.9948028, 69.634486600000017 ], [ 18.9948008, 69.634509499999979 ], [ 18.9947951, 69.6345313 ], [ 18.9947795, 69.634558799999979 ], [ 18.994771, 69.6345816 ], [ 18.9947796, 69.6346037 ], [ 18.9947975, 69.634620899999987 ], [ 18.9948243, 69.634640799999985 ], [ 18.9948675, 69.6346583 ], [ 18.994886, 69.6346828 ], [ 18.9948996, 69.6347072 ], [ 18.9949157, 69.6347305 ], [ 18.9949267, 69.6347501 ], [ 18.9949465, 69.6347673 ], [ 18.9949757, 69.6347823 ], [ 18.9950082, 69.6347996 ], [ 18.9950334, 69.6348169 ], [ 18.9950565, 69.6348333 ], [ 18.9950772, 69.634852399999986 ], [ 18.9950851, 69.6348759 ], [ 18.9950798, 69.6348996 ], [ 18.9950884, 69.634919 ] ] } },
{ "type": "Feature", "properties": { "id": "20260912_52", "note": "", "gps_accuracy": 2.7230753322808399, "created_at": "2026-09-12T11:59:07.374Z", "photo_url": null }, "geometry": { "type": "LineString", "coordinates": [ [ 18.996847462847818, 69.635424697938205 ], [ 18.996777000318492, 69.635418348542061 ], [ 18.996709761403491, 69.635427197972334 ], [ 18.996652601610354, 69.6354431701957 ], [ 18.99659830782802, 69.635462256384344 ], [ 18.996568023981325, 69.635477568956745 ], [ 18.996500178326734, 69.635492768676386 ] ] } },
{ "type": "Feature", "properties": { "id": "20260912_50", "note": "", "gps_accuracy": 3.01300001144409, "created_at": "2026-09-12T11:58:15.105Z", "photo_url": null }, "geometry": { "type": "LineString", "coordinates": [ [ 18.9941222, 69.633461400000016 ], [ 18.9941204, 69.63344 ], [ 18.9941395, 69.633417399999985 ], [ 18.9941169, 69.633391 ], [ 18.9941002, 69.6333688 ], [ 18.9940841, 69.6333446 ], [ 18.9940609, 69.6333248 ], [ 18.9940529, 69.6333058 ], [ 18.9940562, 69.633285499999985 ], [ 18.9940719, 69.6332679 ], [ 18.9941078, 69.633248099999989 ], [ 18.9941393, 69.6332331 ], [ 18.9941996, 69.6332229 ], [ 18.9942211, 69.6332033 ], [ 18.9942579, 69.6331905 ], [ 18.9942932, 69.6331769 ], [ 18.9943344, 69.633155299999984 ], [ 18.9943616, 69.6331336 ], [ 18.9943485, 69.6331129 ], [ 18.9943714, 69.6330908 ], [ 18.9943818, 69.6330641 ], [ 18.9943778, 69.633043199999989 ], [ 18.9943724, 69.6330247 ] ] } },
{ "type": "Feature", "properties": { "id": "20260912_49", "note": "", "gps_accuracy": 2.5569999217987101, "created_at": "2026-09-12T11:58:11.251Z", "photo_url": null }, "geometry": { "type": "LineString", "coordinates": [ [ 18.994166, 69.6324581 ], [ 18.9941998, 69.6324724 ], [ 18.9942405, 69.632491 ], [ 18.9942793, 69.632508 ], [ 18.9943282, 69.63252150000001 ], [ 18.9943603, 69.632537899999988 ], [ 18.9943643, 69.6325605 ], [ 18.9943876, 69.6325817 ], [ 18.9944058, 69.6325993 ], [ 18.9944207, 69.6326169 ], [ 18.9944396, 69.632639 ], [ 18.9944594, 69.6326592 ], [ 18.9944699, 69.6326774 ], [ 18.9944802, 69.632696499999966 ], [ 18.9944682, 69.6327188 ], [ 18.9944465, 69.6327458 ], [ 18.9944262, 69.6327662 ], [ 18.9944368, 69.632791 ], [ 18.994443, 69.6328122 ], [ 18.9944458, 69.632835 ], [ 18.9944411, 69.6328542 ], [ 18.9944428, 69.632875 ], [ 18.9944475, 69.6328995 ], [ 18.9944459, 69.6329184 ], [ 18.9944471, 69.6329381 ], [ 18.9944378, 69.6329574 ], [ 18.9944432, 69.6329788 ], [ 18.9944514, 69.6330022 ] ] } },
{ "type": "Feature", "properties": { "id": "20260912_47", "note": "", "gps_accuracy": 2.76818347654604, "created_at": "2026-09-12T11:57:00.701Z", "photo_url": null }, "geometry": { "type": "LineString", "coordinates": [ [ 18.996131698368355, 69.63551167574218 ], [ 18.997128130355264, 69.635447199889953 ], [ 18.997174512519013, 69.635438688930918 ], [ 18.99711243077763, 69.635440079169427 ], [ 18.997174086962023, 69.635431434867598 ], [ 18.997240328126043, 69.635424497040205 ], [ 18.997172522604057, 69.635437696716906 ], [ 18.997113114201088, 69.635449205118192 ], [ 18.997123930001479, 69.635477112731095 ], [ 18.997172444260254, 69.63549986464777 ], [ 18.997223445731926, 69.635515826688135 ], [ 18.997258281791222, 69.635533118412297 ], [ 18.997302254965248, 69.635561884772329 ], [ 18.9973166272861, 69.635584762563425 ], [ 18.997336897350632, 69.635601917800614 ], [ 18.99736936803043, 69.635632317173773 ], [ 18.997400181730818, 69.635654772746093 ], [ 18.997442676365246, 69.635676495114467 ], [ 18.997502369308993, 69.635690202593665 ], [ 18.997566847016973, 69.635711727189872 ], [ 18.997611799926858, 69.635728591684824 ], [ 18.997649514744573, 69.635753955926418 ], [ 18.997667752507809, 69.635783078748801 ], [ 18.997690919390315, 69.63580278162469 ], [ 18.997711083457698, 69.635820915847901 ], [ 18.997730580436535, 69.635840289261708 ], [ 18.997777529504873, 69.635860283704133 ], [ 18.997813920806848, 69.635875179351018 ], [ 18.997829433309381, 69.635900251097524 ], [ 18.997831092239615, 69.635924074086503 ] ] } },
{ "type": "Feature", "properties": { "id": "20260912_44", "note": "", "gps_accuracy": 3.0, "created_at": "2026-09-12T11:56:00.533Z", "photo_url": null }, "geometry": { "type": "LineString", "coordinates": [ [ 18.9936169, 69.6349288 ], [ 18.9935544, 69.634942399999986 ], [ 18.9935269, 69.634924 ], [ 18.9935278, 69.634896499999982 ], [ 18.9935521, 69.6348721 ], [ 18.9935766, 69.6348538 ], [ 18.9935906, 69.6348346 ], [ 18.9936053, 69.6348117 ], [ 18.9936232, 69.634793 ], [ 18.9936422, 69.6347752 ], [ 18.9936769, 69.634760499999985 ], [ 18.9937197, 69.6347439 ], [ 18.9937645, 69.6347297 ], [ 18.9938033, 69.6347132 ], [ 18.9938359, 69.6346987 ], [ 18.9938681, 69.6347178 ], [ 18.9939079, 69.63469790000002 ], [ 18.9939235, 69.6346726 ], [ 18.9938913, 69.6346585 ], [ 18.9938555, 69.6346418 ], [ 18.993841, 69.634619 ], [ 18.9938739, 69.634594300000018 ], [ 18.9938583, 69.634572699999978 ], [ 18.9938461, 69.63455519999998 ], [ 18.9938362, 69.6345303 ], [ 18.9938209, 69.6345108 ], [ 18.9938568, 69.634494299999986 ], [ 18.9938835, 69.634476699999979 ], [ 18.9938883, 69.634456499999985 ], [ 18.9939254, 69.6344346 ], [ 18.9939691, 69.634413199999983 ], [ 18.9940071, 69.634388699999988 ], [ 18.9940439, 69.6343687 ], [ 18.9940735, 69.634350699999985 ], [ 18.9941083, 69.6343316 ], [ 18.9941045, 69.6343088 ], [ 18.994128, 69.6342888 ], [ 18.9941598, 69.6342706 ], [ 18.9941874, 69.634250499999979 ], [ 18.9941935, 69.6342247 ], [ 18.9942062, 69.6342025 ], [ 18.9942026, 69.6341767 ], [ 18.9942031, 69.634157299999984 ], [ 18.9942316, 69.634139299999987 ], [ 18.9942523, 69.634119399999989 ], [ 18.9942579, 69.634096299999982 ], [ 18.9942522, 69.6340775 ], [ 18.9942543, 69.634057799999979 ], [ 18.9942474, 69.6340367 ], [ 18.9942534, 69.6340162 ], [ 18.9942533, 69.6339944 ], [ 18.9942483, 69.6339705 ], [ 18.9942561, 69.633946 ], [ 18.9942498, 69.6339243 ], [ 18.9942308, 69.6339045 ], [ 18.9942163, 69.6338801 ], [ 18.9942184, 69.633861700000011 ], [ 18.9942193, 69.63384 ], [ 18.9942185, 69.633819100000011 ], [ 18.9942074, 69.633798699999986 ], [ 18.994199, 69.6337791 ], [ 18.9941831, 69.633755 ], [ 18.9941721, 69.6337371 ], [ 18.9941434, 69.6337177 ], [ 18.9941264, 69.633693899999983 ], [ 18.9941133, 69.6336646 ], [ 18.9941002, 69.633646 ], [ 18.9940946, 69.6336274 ], [ 18.9940869, 69.6336041 ], [ 18.9940667, 69.6335863 ], [ 18.9940578, 69.63356469999998 ], [ 18.9940664, 69.6335447 ], [ 18.9940901, 69.6335286 ], [ 18.9941221, 69.6335113 ], [ 18.9941521, 69.6334945 ], [ 18.9941773, 69.633471 ], [ 18.9941887, 69.6334524 ] ] } },
{ "type": "Feature", "properties": { "id": "20260912_43", "note": "", "gps_accuracy": 3.0, "created_at": "2026-09-12T11:55:49.023Z", "photo_url": null }, "geometry": { "type": "LineString", "coordinates": [ [ 18.9952827, 69.6335696 ], [ 18.9952331, 69.6335578 ], [ 18.9951901, 69.633544299999983 ], [ 18.9951244, 69.6335291 ], [ 18.9950671, 69.633519899999982 ], [ 18.9950154, 69.6335145 ], [ 18.9949629, 69.6335082 ], [ 18.9948976, 69.633500499999982 ], [ 18.9948323, 69.6334958 ], [ 18.9947617, 69.63349 ], [ 18.9947116, 69.633479199999982 ], [ 18.994656, 69.633474899999982 ], [ 18.9946004, 69.6334699 ], [ 18.9945406, 69.633464599999982 ], [ 18.9944859, 69.6334628 ], [ 18.9944344, 69.6334581 ], [ 18.9943764, 69.6334607 ], [ 18.9943107, 69.6334613 ], [ 18.9942506, 69.633459699999989 ], [ 18.994198, 69.6334589 ] ] } },
{ "type": "Feature", "properties": { "id": "20260912_41", "note": "", "gps_accuracy": 3.0, "created_at": "2026-09-12T11:54:59.912Z", "photo_url": null }, "geometry": { "type": "LineString", "coordinates": [ [ 18.9961326, 69.6350558 ], [ 18.9961543, 69.6350378 ], [ 18.9961496, 69.6350162 ], [ 18.9961279, 69.6349854 ], [ 18.9961099, 69.6349677 ], [ 18.9960968, 69.634942399999986 ], [ 18.9960841, 69.6349156 ], [ 18.9960826, 69.6348964 ], [ 18.9960782, 69.634874199999985 ], [ 18.9960711, 69.634849599999981 ], [ 18.9960861, 69.6348204 ], [ 18.996091, 69.6347918 ], [ 18.9960919, 69.634772700000013 ], [ 18.9960987, 69.6347546 ], [ 18.9960939, 69.6347293 ], [ 18.9960945, 69.6347091 ], [ 18.9960885, 69.634689199999983 ], [ 18.9960896, 69.6346613 ], [ 18.9960781, 69.634638800000019 ], [ 18.9960625, 69.6346169 ], [ 18.9960447, 69.6345924 ], [ 18.9960394, 69.634572899999981 ], [ 18.9960439, 69.6345538 ], [ 18.9960286, 69.6345302 ], [ 18.9960078, 69.634513199999986 ], [ 18.9960067, 69.634488599999983 ], [ 18.9960084, 69.634469800000019 ], [ 18.9959969, 69.6344466 ], [ 18.9960018, 69.634428199999988 ], [ 18.9960029, 69.6344083 ], [ 18.9959856, 69.6343885 ], [ 18.9959602, 69.634372099999979 ], [ 18.9959345, 69.6343543 ], [ 18.9959241, 69.6343324 ], [ 18.9959065, 69.6343102 ], [ 18.9958808, 69.63429050000002 ], [ 18.9958858, 69.6342693 ], [ 18.9959011, 69.6342509 ], [ 18.9959003, 69.6342321 ], [ 18.9958713, 69.63420739999998 ], [ 18.995834, 69.6341832 ], [ 18.9957853, 69.634165200000012 ], [ 18.9957602, 69.6341468 ], [ 18.9957472, 69.6341243 ], [ 18.9957374, 69.6341005 ], [ 18.9957166, 69.6340807 ], [ 18.9956827, 69.634062899999989 ], [ 18.9956594, 69.6340389 ], [ 18.9956237, 69.6340243 ], [ 18.9955939, 69.6340041 ], [ 18.9955929, 69.6339846 ], [ 18.995583, 69.6339654 ], [ 18.9955672, 69.6339438 ], [ 18.99555, 69.6339238 ], [ 18.9955533, 69.6338976 ], [ 18.9955506, 69.6338746 ], [ 18.995536, 69.633854299999982 ], [ 18.9955134, 69.6338302 ], [ 18.9955017, 69.6338069 ], [ 18.9954667, 69.6337835 ], [ 18.9954273, 69.6337621 ], [ 18.9953964, 69.633747600000021 ], [ 18.9953598, 69.6337305 ], [ 18.9953411, 69.6337111 ], [ 18.9953499, 69.6336892 ], [ 18.9953543, 69.63366689999998 ], [ 18.9953425, 69.633646199999987 ], [ 18.9953265, 69.633623499999985 ] ] } },
{ "type": "Feature", "properties": { "id": "20260912_37", "note": "", "gps_accuracy": 5.4931292019511799, "created_at": "2026-09-12T11:53:26.194Z", "photo_url": null }, "geometry": { "type": "LineString", "coordinates": [ [ 18.996132713385393, 69.635096855716668 ], [ 18.99611779333674, 69.635114453759755 ], [ 18.996075701159349, 69.635127479351212 ], [ 18.996041071755247, 69.635144076398149 ], [ 18.996018200876168, 69.635168292813674 ], [ 18.996019605144348, 69.635193545476398 ], [ 18.996025805100775, 69.635222899485214 ], [ 18.996023130375292, 69.635248680012467 ], [ 18.996016090786132, 69.635268681014097 ], [ 18.996015120439949, 69.635298212276652 ], [ 18.99599601529161, 69.635324391333015 ], [ 18.995966743310557, 69.635349977497654 ], [ 18.995946280678936, 69.635376969808561 ], [ 18.995968014707756, 69.635393301021978 ], [ 18.995961376722637, 69.635413858814005 ], [ 18.995948344744541, 69.635432170675173 ], [ 18.99594655204022, 69.635452970994706 ], [ 18.995921002905835, 69.63547177861156 ] ] } },
{ "type": "Feature", "properties": { "id": "20260912_33", "note": "", "gps_accuracy": 3.4089999198913601, "created_at": "2026-09-12T11:51:09.933Z", "photo_url": null }, "geometry": { "type": "LineString", "coordinates": [ [ 18.9904103, 69.6336717 ], [ 18.9904169, 69.6336905 ], [ 18.9904179, 69.6337135 ], [ 18.9904255, 69.6337389 ], [ 18.9904415, 69.6337563 ], [ 18.9904603, 69.6337791 ], [ 18.9904742, 69.633799 ], [ 18.9904901, 69.633822199999983 ], [ 18.9905203, 69.6338382 ], [ 18.9905476, 69.6338558 ], [ 18.990569, 69.6338756 ], [ 18.9905928, 69.6338984 ], [ 18.9906076, 69.633917299999979 ], [ 18.9906233, 69.6339395 ], [ 18.9906342, 69.633957900000013 ], [ 18.9906622, 69.633978299999981 ], [ 18.9908349, 69.6341463 ], [ 18.9908723, 69.6341662 ], [ 18.990869, 69.6341851 ], [ 18.9909021, 69.6342079 ], [ 18.9909324, 69.6342244 ], [ 18.9909778, 69.6342505 ], [ 18.9910351, 69.6342636 ], [ 18.9910892, 69.6342716 ], [ 18.9911394, 69.6342796 ], [ 18.9911823, 69.63429 ], [ 18.9912308, 69.6342998 ], [ 18.9913109, 69.634307099999987 ], [ 18.9913719, 69.634319099999985 ], [ 18.9914245, 69.6343308 ], [ 18.991485, 69.634346 ], [ 18.9915322, 69.634356899999986 ], [ 18.9915939, 69.634369 ], [ 18.9916435, 69.634377799999982 ], [ 18.9916942, 69.6343884 ], [ 18.9917372, 69.6344037 ], [ 18.9918029, 69.634417299999981 ], [ 18.9918655, 69.6344289 ], [ 18.9919227, 69.6344415 ], [ 18.9919814, 69.6344509 ], [ 18.9920418, 69.634465 ], [ 18.99209, 69.6344798 ], [ 18.9921419, 69.634495199999989 ], [ 18.9921979, 69.6345154 ], [ 18.9922657, 69.6345301 ], [ 18.9923274, 69.6345484 ], [ 18.9923662, 69.6345614 ], [ 18.9924043, 69.6345737 ], [ 18.9924416, 69.6345908 ], [ 18.9924764, 69.63460569999998 ], [ 18.9925147, 69.634619699999988 ], [ 18.99256, 69.6346342 ], [ 18.9926048, 69.6346477 ], [ 18.9926548, 69.6346697 ], [ 18.9926913, 69.6346875 ], [ 18.9927302, 69.634703 ], [ 18.9927738, 69.6347167 ], [ 18.9928117, 69.6347325 ], [ 18.9928457, 69.6347477 ], [ 18.9928839, 69.634765099999981 ], [ 18.9929268, 69.6347845 ], [ 18.9929705, 69.634798 ], [ 18.9930173, 69.6348179 ], [ 18.9930659, 69.6348294 ], [ 18.9931195, 69.634844799999982 ], [ 18.9931609, 69.6348581 ], [ 18.9932038, 69.634870299999989 ], [ 18.9932489, 69.6348823 ], [ 18.9933035, 69.6348956 ], [ 18.9933552, 69.6349059 ], [ 18.9934031, 69.634916299999986 ], [ 18.9934597, 69.634929200000016 ], [ 18.9935264, 69.6349325 ] ] } },
{ "type": "Feature", "properties": { "id": "20260912_31", "note": "", "gps_accuracy": 3.0, "created_at": "2026-09-12T11:50:48.159Z", "photo_url": null }, "geometry": { "type": "LineString", "coordinates": [ [ 18.9927923, 69.6332668 ], [ 18.9928374, 69.6332544 ], [ 18.9928833, 69.6332391 ], [ 18.9929158, 69.6332246 ], [ 18.9929504, 69.633202899999986 ], [ 18.9929981, 69.6331843 ], [ 18.9930326, 69.6331707 ], [ 18.9930714, 69.633154499999975 ], [ 18.9931246, 69.6331353 ], [ 18.9931535, 69.6331156 ], [ 18.9931834, 69.6330955 ], [ 18.9932057, 69.633073 ], [ 18.9932054, 69.633052299999989 ], [ 18.9932359, 69.6330358 ], [ 18.9932786, 69.6330198 ], [ 18.9933199, 69.6330035 ], [ 18.9933334, 69.6329859 ], [ 18.9933643, 69.63297009999998 ], [ 18.9934183, 69.632967899999983 ], [ 18.9934684, 69.6329538 ], [ 18.9935098, 69.6329325 ], [ 18.9935474, 69.6329135 ], [ 18.9935768, 69.632898699999984 ], [ 18.9936057, 69.6328822 ], [ 18.9936421, 69.632864700000013 ], [ 18.993675, 69.632846 ], [ 18.9936961, 69.6328276 ], [ 18.9937303, 69.6328111 ], [ 18.9937446, 69.6327911 ], [ 18.9937103, 69.6327764 ], [ 18.993762, 69.6327611 ], [ 18.9937811, 69.6327382 ], [ 18.9937897, 69.6327169 ], [ 18.9937977, 69.6326955 ], [ 18.9938158, 69.6326749 ], [ 18.9938397, 69.6326537 ], [ 18.9938619, 69.6326355 ], [ 18.993904, 69.6326159 ], [ 18.9939293, 69.6325989 ], [ 18.9939625, 69.63258 ], [ 18.9939773, 69.6325586 ], [ 18.9940082, 69.632536 ], [ 18.9940424, 69.6325192 ], [ 18.9940821, 69.632503199999988 ], [ 18.9941102, 69.6324871 ], [ 18.9941049, 69.632467799999986 ], [ 18.9941085, 69.6324456 ], [ 18.9940859, 69.6324206 ] ] } },
{ "type": "Feature", "properties": { "id": "20260912_28", "note": "", "gps_accuracy": 3.53553390593274, "created_at": "2026-09-12T11:49:34.325Z", "photo_url": null }, "geometry": { "type": "LineString", "coordinates": [ [ 18.993884939718058, 69.634664584947586 ], [ 18.993871578100691, 69.634690440712973 ], [ 18.993895493212399, 69.634707957190273 ] ] } },
{ "type": "Feature", "properties": { "id": "20260912_27", "note": "", "gps_accuracy": 3.0, "created_at": "2026-09-12T11:48:06.909Z", "photo_url": null }, "geometry": { "type": "LineString", "coordinates": [ [ 18.9917054, 69.633476 ], [ 18.991769, 69.6334772 ], [ 18.991813, 69.633488 ], [ 18.9918513, 69.6335006 ], [ 18.9919007, 69.6335091 ], [ 18.9919609, 69.633510799999982 ], [ 18.9920149, 69.633510900000019 ], [ 18.9920787, 69.633512499999981 ], [ 18.9921421, 69.6335186 ], [ 18.9921982, 69.6335246 ], [ 18.9922741, 69.6335266 ], [ 18.9923399, 69.6335238 ], [ 18.9923923, 69.6335201 ], [ 18.992457, 69.63350939999998 ], [ 18.9925018, 69.6334928 ], [ 18.9925372, 69.6334773 ], [ 18.9925512, 69.633458299999987 ], [ 18.9925341, 69.6334385 ], [ 18.9925566, 69.6334182 ], [ 18.9925914, 69.6333872 ], [ 18.992615, 69.6333682 ], [ 18.9926483, 69.6333501 ], [ 18.9926868, 69.633330699999988 ], [ 18.9927279, 69.63331119999998 ], [ 18.9927592, 69.633293899999984 ] ] } },
{ "type": "Feature", "properties": { "id": "20260912_24", "note": "", "gps_accuracy": 4.7486515301917596, "created_at": "2026-09-12T11:46:25.964Z", "photo_url": null }, "geometry": { "type": "LineString", "coordinates": [ [ 18.990939706581635, 69.634238742356771 ], [ 18.990999763131931, 69.634239568219357 ], [ 18.991058481282714, 69.634252064893474 ], [ 18.991110957799521, 69.634264459179875 ], [ 18.991172846164101, 69.634278472683008 ], [ 18.991224041853467, 69.63428725352307 ], [ 18.991288162175149, 69.634297825486442 ], [ 18.991362387989223, 69.634315460545366 ], [ 18.99142087918564, 69.634326634337953 ], [ 18.991513633043947, 69.634339969643932 ], [ 18.991568250849689, 69.634354057074759 ], [ 18.991625673844638, 69.634362522504205 ], [ 18.99169428442417, 69.63438084665772 ], [ 18.991803461703462, 69.634397453693325 ], [ 18.99185073563735, 69.634408392076963 ], [ 18.991915192472739, 69.63442876010167 ], [ 18.991971267404956, 69.63444535626995 ], [ 18.992023821937842, 69.634460778971786 ], [ 18.992088781687421, 69.634477207502002 ], [ 18.992146700638337, 69.634492839751388 ], [ 18.992201211755528, 69.63450589975416 ], [ 18.992256899934581, 69.634521185169319 ], [ 18.992307150737034, 69.634530833466769 ], [ 18.992372250393338, 69.634548367361148 ], [ 18.9924249545934, 69.634566845590712 ], [ 18.99247841868576, 69.634585400441466 ], [ 18.992540398630307, 69.634608510015184 ], [ 18.992589265125797, 69.634628961858922 ], [ 18.992632851022289, 69.634646773403162 ], [ 18.992680963146494, 69.634666051780457 ], [ 18.992736116069363, 69.634687383724028 ], [ 18.992774756642984, 69.63470087858812 ], [ 18.992838331294369, 69.634697897928504 ], [ 18.992906534057465, 69.634691705830505 ], [ 18.992971182677216, 69.63468508947426 ], [ 18.993029756482326, 69.634680300673722 ], [ 18.993080401697608, 69.634672732504683 ], [ 18.993153582177275, 69.634666224985978 ], [ 18.993219811847975, 69.634649940143575 ], [ 18.993291965135469, 69.634645478306055 ], [ 18.993354473521791, 69.634635519046583 ], [ 18.993430550263351, 69.634640987698575 ], [ 18.993508658955886, 69.634638304104328 ], [ 18.993849735724734, 69.634679965739721 ], [ 18.993845209497021, 69.634661064548069 ] ] } },
{ "type": "Feature", "properties": { "id": "20260912_22", "note": "", "gps_accuracy": 3.0009999275207502, "created_at": "2026-09-12T11:46:18.393Z", "photo_url": null }, "geometry": { "type": "LineString", "coordinates": [ [ 18.9909774, 69.6342129 ], [ 18.9910081, 69.6341959 ], [ 18.9910385, 69.634179 ], [ 18.9910598, 69.6341504 ], [ 18.991084, 69.6341332 ], [ 18.991109, 69.634114699999984 ], [ 18.9911106, 69.634093199999981 ], [ 18.9911218, 69.6340737 ], [ 18.9911537, 69.634058 ], [ 18.991185, 69.6340425 ], [ 18.9912009, 69.6340237 ], [ 18.9912374, 69.6340027 ], [ 18.9912688, 69.633986 ], [ 18.9912993, 69.63396659999998 ], [ 18.9913301, 69.633948 ], [ 18.9913554, 69.633925 ], [ 18.9913862, 69.633908300000016 ], [ 18.9914342, 69.6338914 ], [ 18.9914636, 69.6338759 ], [ 18.9914897, 69.6338596 ], [ 18.9915213, 69.6338436 ], [ 18.9915678, 69.6338267 ], [ 18.9916061, 69.6338101 ], [ 18.9916554, 69.633798399999989 ], [ 18.9916945, 69.6337749 ], [ 18.9917259, 69.6337558 ], [ 18.9917273, 69.6337378 ], [ 18.991767, 69.6337244 ], [ 18.9917947, 69.633693 ], [ 18.9918166, 69.6336742 ], [ 18.9919158, 69.6336258 ], [ 18.9919596, 69.6336086 ], [ 18.9919967, 69.633595199999988 ], [ 18.9920526, 69.633582899999979 ], [ 18.9921119, 69.6335717 ] ] } },
{ "type": "Feature", "properties": { "id": "20260912_21", "note": "", "gps_accuracy": 3.0, "created_at": "2026-09-12T11:45:50.034Z", "photo_url": null }, "geometry": { "type": "LineString", "coordinates": [ [ 18.9904435, 69.63366120000002 ], [ 18.9904482, 69.633639699999989 ], [ 18.99044, 69.6336208 ], [ 18.9904589, 69.633599 ], [ 18.9904729, 69.6335807 ], [ 18.9904882, 69.633558099999988 ], [ 18.9905008, 69.6335365 ], [ 18.9904753, 69.633514 ], [ 18.9904419, 69.6334969 ], [ 18.9904124, 69.6334799 ], [ 18.9903771, 69.6334566 ], [ 18.9903544, 69.6334361 ], [ 18.9903266, 69.633418699999979 ], [ 18.9902937, 69.6333987 ], [ 18.9902837, 69.633375599999979 ], [ 18.9902686, 69.633356799999987 ], [ 18.9902564, 69.6333371 ], [ 18.9902457, 69.633307800000011 ], [ 18.990331, 69.6332989 ], [ 18.9903416, 69.6332807 ], [ 18.990337, 69.6332613 ], [ 18.9903127, 69.633245100000011 ], [ 18.9902719, 69.633228099999982 ], [ 18.9902731, 69.6332049 ], [ 18.990272, 69.6331798 ], [ 18.9902718, 69.6331609 ], [ 18.9902637, 69.6331343 ], [ 18.9902474, 69.633112299999979 ], [ 18.9902297, 69.6330892 ], [ 18.9901962, 69.6330651 ], [ 18.9901962, 69.6330448 ], [ 18.9902003, 69.6330253 ], [ 18.9901925, 69.63300719999998 ], [ 18.9901673, 69.632984599999986 ], [ 18.9901567, 69.6329651 ], [ 18.9901472, 69.632943 ], [ 18.9901387, 69.6329217 ], [ 18.9901323, 69.6329001 ], [ 18.990125, 69.6328801 ], [ 18.9901111, 69.6328595 ], [ 18.9900936, 69.6328393 ], [ 18.9900544, 69.632822100000013 ], [ 18.9900022, 69.6328063 ], [ 18.9899781, 69.6327843 ], [ 18.9899775, 69.6327561 ], [ 18.9899694, 69.632734500000012 ], [ 18.9899477, 69.6327138 ], [ 18.9899173, 69.6326913 ], [ 18.9898974, 69.6326731 ], [ 18.9898753, 69.6326528 ], [ 18.9898571, 69.6326343 ], [ 18.9898274, 69.6326185 ], [ 18.9897728, 69.6325914 ], [ 18.9897555, 69.632571899999988 ], [ 18.9897563, 69.6325512 ], [ 18.9897541, 69.632529500000018 ], [ 18.9897496, 69.632511 ], [ 18.9897495, 69.632488599999988 ], [ 18.9897209, 69.6324707 ], [ 18.9896774, 69.6324576 ], [ 18.9896427, 69.6324379 ] ] } },
{ "type": "Feature", "properties": { "id": "20260912_16", "note": "", "gps_accuracy": 3.3162310231708698, "created_at": "2026-09-12T11:42:54.697Z", "photo_url": null }, "geometry": { "type": "LineString", "coordinates": [ [ 18.99031793700437, 69.633726691892193 ], [ 18.990303676068827, 69.633749197640981 ], [ 18.990313671178903, 69.633773551124065 ], [ 18.990323868724548, 69.633791364345726 ], [ 18.99032446495233, 69.633816014182813 ], [ 18.990341050662362, 69.633838028743341 ], [ 18.990366246081528, 69.633854001100687 ], [ 18.990385106521721, 69.633872608381211 ], [ 18.990393479666373, 69.633897284337266 ], [ 18.990398874057075, 69.633920783156086 ], [ 18.990386476719006, 69.633941509568814 ], [ 18.990365874231635, 69.633968149385538 ], [ 18.990370756182259, 69.63399323915344 ], [ 18.990343708014517, 69.634011097336725 ], [ 18.990330747290372, 69.634066466652257 ], [ 18.990375436860131, 69.634090047394494 ], [ 18.990354482102198, 69.63411133742855 ], [ 18.990335958096189, 69.634137279418866 ], [ 18.990338307357085, 69.63415675734278 ], [ 18.990352425009984, 69.634176085669978 ], [ 18.99036273976656, 69.634201488340338 ], [ 18.990369209805127, 69.634225756861341 ], [ 18.990367044961403, 69.634245543155856 ], [ 18.990355384573313, 69.634275774352673 ], [ 18.990346602341965, 69.63429623044037 ], [ 18.990347028692209, 69.634319868172241 ], [ 18.990372483936213, 69.634344739435292 ], [ 18.990369832359338, 69.634366254331937 ], [ 18.990362837511235, 69.634396429813108 ], [ 18.990343287496248, 69.634415468638352 ], [ 18.990377588827609, 69.634444801848872 ], [ 18.990409378878628, 69.634464881521055 ], [ 18.990444517431982, 69.634478187963509 ], [ 18.990473506189467, 69.634494489437444 ], [ 18.990487375835251, 69.63451961448672 ], [ 18.990455245723716, 69.634499928244324 ] ] } },
{ "type": "Feature", "properties": { "id": "20260912_12", "note": "", "gps_accuracy": 3.06200003623962, "created_at": "2026-09-12T11:39:15.500Z", "photo_url": null }, "geometry": { "type": "LineString", "coordinates": [ [ 18.990928, 69.63369010000001 ], [ 18.9908674, 69.633677899999981 ], [ 18.9908186, 69.6336703 ], [ 18.9907607, 69.633663899999988 ], [ 18.9906911, 69.63366120000002 ] ] } },
{ "type": "Feature", "properties": { "id": "20260912_9", "note": "", "gps_accuracy": 2.9212444192245002, "created_at": "2026-09-12T11:37:44.904Z", "photo_url": null }, "geometry": { "type": "LineString", "coordinates": [ [ 18.990831976040546, 69.634756546526191 ], [ 18.990804948561117, 69.634740284415486 ], [ 18.990766484736184, 69.63472469511575 ], [ 18.990725985063392, 69.634712341177917 ], [ 18.990679565629186, 69.634701738760441 ], [ 18.99062917070426, 69.634681789504484 ], [ 18.99057974955474, 69.634666770713565 ], [ 18.990534407785312, 69.63464534705713 ], [ 18.990474049192922, 69.634627764224021 ], [ 18.990437849500573, 69.634614608219565 ], [ 18.990395589352097, 69.634602812893647 ], [ 18.990347696358455, 69.634592321435363 ], [ 18.990324250080949, 69.634575040525931 ], [ 18.990291131626464, 69.634559216854527 ], [ 18.990241863287569, 69.634546147755458 ], [ 18.990206098034729, 69.634526764876441 ], [ 18.990172056714659, 69.634512014899514 ], [ 18.990111356515929, 69.634493011063554 ], [ 18.990064438371778, 69.634473806629217 ], [ 18.990034925155079, 69.634454968934989 ], [ 18.989999252756672, 69.634436404278432 ], [ 18.989980511458587, 69.634419503487749 ], [ 18.989954176485458, 69.634396289095861 ], [ 18.989923248304784, 69.634375145930775 ], [ 18.989885949874594, 69.634360743631149 ], [ 18.989860864960239, 69.634342913466341 ], [ 18.989829467931546, 69.63432548622724 ], [ 18.989794112664825, 69.634308751182061 ], [ 18.989770996444829, 69.634288179487044 ], [ 18.989752839050322, 69.634266656680239 ], [ 18.989721016080168, 69.634250355337272 ], [ 18.989655012282533, 69.634176045721048 ], [ 18.989621317031784, 69.634145787050613 ], [ 18.989589717256827, 69.634122066264609 ], [ 18.989537162723941, 69.634116827575141 ], [ 18.989539509656829, 69.63413627359067 ], [ 18.989492048821837, 69.634114969067284 ], [ 18.989476650117709, 69.634097051430999 ], [ 18.98946735224726, 69.634077261160186 ], [ 18.989438363599973, 69.634056079495664 ], [ 18.989400651603244, 69.634033469528475 ], [ 18.989371882257554, 69.634015336473894 ], [ 18.989316478771503, 69.63399781676533 ], [ 18.989286466471579, 69.633981480148563 ], [ 18.98925778250506, 69.633961448715738 ], [ 18.989225717973266, 69.633938747927019 ], [ 18.989195004259781, 69.633917698969398 ], [ 18.989178547439789, 69.63389949774708 ], [ 18.989171054868542, 69.633879714347927 ] ] } },
{ "type": "Feature", "properties": { "id": "20260912_8", "note": "", "gps_accuracy": 3.3040806610476299, "created_at": "2026-09-12T11:35:45.251Z", "photo_url": null }, "geometry": { "type": "LineString", "coordinates": [ [ 18.992604351279347, 69.634653298546311 ], [ 18.992570958757661, 69.634635837975878 ], [ 18.992592659642881, 69.634653500902303 ], [ 18.99257576270961, 69.634635265436316 ], [ 18.992599298400052, 69.634654842630198 ], [ 18.992528271367863, 69.634663925079323 ], [ 18.992483918513045, 69.634682232661291 ], [ 18.992412420252673, 69.634682242051753 ], [ 18.992366199833846, 69.634668571139585 ], [ 18.992314156400866, 69.634658181141788 ], [ 18.992251571234934, 69.634659319561734 ], [ 18.992189060064501, 69.63466284233219 ], [ 18.992127771749779, 69.634656479254332 ], [ 18.992054274820841, 69.634659091762984 ], [ 18.992003399851363, 69.634655497880331 ], [ 18.991918122444478, 69.634656367437017 ], [ 18.99186338892893, 69.634651763940184 ], [ 18.991788195609558, 69.634650670311444 ], [ 18.991723744610191, 69.634648490436135 ], [ 18.991646675469681, 69.634646532124208 ], [ 18.991578328379148, 69.634642378247904 ], [ 18.991516535467536, 69.634643841252725 ], [ 18.991463968152733, 69.634643350007281 ], [ 18.991393166200041, 69.63463951606667 ], [ 18.991336236220398, 69.634633651086119 ] ] } },
{ "type": "Feature", "properties": { "id": "20260912_6", "note": "", "gps_accuracy": 2.4152555910530098, "created_at": "2026-09-12T11:34:25.442Z", "photo_url": null }, "geometry": { "type": "LineString", "coordinates": [ [ 18.992605777475049, 69.634666680423379 ], [ 18.992615887283065, 69.634696316965403 ], [ 18.992601881066047, 69.634677448923171 ], [ 18.992574593010126, 69.634694372851399 ], [ 18.992520428078006, 69.634698472211213 ], [ 18.992469784962012, 69.634708975362713 ], [ 18.992411674608064, 69.634725280892823 ], [ 18.992362822390323, 69.634750339628326 ], [ 18.992289606766882, 69.634751026889532 ], [ 18.99218231146153, 69.634763317091426 ], [ 18.992127240627696, 69.634782425519845 ], [ 18.992094605873866, 69.634804061973924 ], [ 18.992012563013962, 69.634805442521838 ], [ 18.991958433588607, 69.634825003141543 ], [ 18.991884865998109, 69.634839785030621 ], [ 18.99184347457167, 69.634862075396953 ], [ 18.991785485416845, 69.634867247259137 ], [ 18.991725578415913, 69.634879039822366 ], [ 18.991711365601923, 69.63490099028806 ], [ 18.991656486585548, 69.6349064979172 ], [ 18.991602250258946, 69.634913881731279 ], [ 18.991554376439328, 69.634920874364781 ], [ 18.991502974078749, 69.634930995657271 ], [ 18.991431494698546, 69.634939696095131 ], [ 18.991365158931121, 69.634941004724013 ], [ 18.991294346458659, 69.634933767151011 ], [ 18.991247948640687, 69.634924383817577 ], [ 18.991205874426726, 69.63491378132467 ], [ 18.991152970993276, 69.634902373521996 ], [ 18.991110528133028, 69.634879143147529 ], [ 18.9910854772567, 69.634862450647717 ], [ 18.991052046120469, 69.634838727986661 ], [ 18.991002321817174, 69.634827467196999 ], [ 18.9909513888486, 69.634820222008315 ] ] } },
{ "type": "Feature", "properties": { "id": "20260912_2", "note": "Test", "gps_accuracy": 4.1750001907348597, "created_at": "2026-09-12T10:38:46.490Z", "photo_url": null }, "geometry": { "type": "LineString", "coordinates": [ [ 18.9219008, 69.6619942 ], [ 18.9218312, 69.661987699999983 ], [ 18.9217827, 69.661973499999988 ] ] } }
]
}
