{
"type": "FeatureCollection",
"name": "track_trails",
"crs": { "type": "name", "properties": { "name": "urn:ogc:def:crs:OGC:1.3:CRS84" } },
"features": [
{ "type": "Feature", "properties": { "id": 203, "group_name": "Group 1", "observation_type": "Track faint trails", "measurement": "", "note": "", "wet_trail_condition": "", "erosion_feature": "", "gps_accuracy": 3.0, "created_at": "2026-09-12T14:29:58.332948+00:00", "photo_url": null }, "geometry": { "type": "LineString", "coordinates": [ [ 18.9965746, 69.634165 ], [ 18.9965194, 69.6341668 ], [ 18.9964553, 69.6341637 ], [ 18.9963782, 69.634162 ], [ 18.996308, 69.6341561 ], [ 18.99625, 69.6341483 ], [ 18.9962001, 69.6341402 ], [ 18.9961447, 69.6341377 ], [ 18.9960792, 69.6341384 ], [ 18.9960146, 69.6341414 ], [ 18.995946, 69.6341469 ], [ 18.9958892, 69.634149 ], [ 18.995827, 69.6341442 ], [ 18.9957673, 69.6341433 ] ] } },
{ "type": "Feature", "properties": { "id": 202, "group_name": "Group 1", "observation_type": "Track faint trails", "measurement": "", "note": "", "wet_trail_condition": "", "erosion_feature": "", "gps_accuracy": 3.0, "created_at": "2026-09-12T14:29:35.099891+00:00", "photo_url": null }, "geometry": { "type": "LineString", "coordinates": [ [ 18.9945746, 69.634502 ], [ 18.9945374, 69.6345251 ], [ 18.9945047, 69.6345464 ], [ 18.9944931, 69.6345675 ], [ 18.9944898, 69.634588 ], [ 18.9944768, 69.6346089 ] ] } },
{ "type": "Feature", "properties": { "id": 201, "group_name": "Group 1", "observation_type": "Track faint trails", "measurement": "", "note": "", "wet_trail_condition": "", "erosion_feature": "", "gps_accuracy": 3.2479999065399201, "created_at": "2026-09-12T14:28:34.695042+00:00", "photo_url": null }, "geometry": { "type": "LineString", "coordinates": [ [ 18.9940064, 69.6344338 ], [ 18.9940729, 69.6344114 ], [ 18.9941157, 69.6344012 ], [ 18.994168, 69.6343828 ], [ 18.9942065, 69.6343658 ], [ 18.9942493, 69.6343539 ], [ 18.9943013, 69.634359 ], [ 18.9943704, 69.6343547 ], [ 18.994435, 69.6343465 ], [ 18.9945093, 69.6343449 ], [ 18.9945715, 69.6343373 ], [ 18.9946276, 69.63433 ], [ 18.9946623, 69.6343115 ], [ 18.9947119, 69.6342955 ] ] } },
{ "type": "Feature", "properties": { "id": 200, "group_name": "Group 1", "observation_type": "Track faint trails", "measurement": "", "note": "", "wet_trail_condition": "", "erosion_feature": "", "gps_accuracy": 3.1159999370575, "created_at": "2026-09-12T14:27:46.757373+00:00", "photo_url": null }, "geometry": { "type": "LineString", "coordinates": [ [ 18.994251, 69.6343986 ], [ 18.9941985, 69.6344022 ], [ 18.9941473, 69.6344056 ], [ 18.9940968, 69.634415 ], [ 18.9940361, 69.6344308 ], [ 18.9939969, 69.6344431 ] ] } },
{ "type": "Feature", "properties": { "id": 199, "group_name": "Group 1", "observation_type": "Track >1 m wide sections", "measurement": "", "note": "", "wet_trail_condition": "", "erosion_feature": "", "gps_accuracy": 3.1140000820159899, "created_at": "2026-09-12T14:27:26.30959+00:00", "photo_url": null }, "geometry": { "type": "LineString", "coordinates": [ [ 18.9942625, 69.6342608 ], [ 18.9942902, 69.6342762 ], [ 18.9942925, 69.6342955 ], [ 18.9942938, 69.63432 ], [ 18.9942861, 69.6343429 ], [ 18.9942687, 69.6343621 ], [ 18.9942405, 69.634386 ] ] } },
{ "type": "Feature", "properties": { "id": 198, "group_name": "Group 1", "observation_type": "Track and measure width", "measurement": "< 50 cm", "note": "Really faint", "wet_trail_condition": "", "erosion_feature": "", "gps_accuracy": 3.0, "created_at": "2026-09-12T14:27:05.559379+00:00", "photo_url": "https://oehndpyzeoywfypqtsjs.supabase.co/storage/v1/object/public/observation-photos/198/1789223227610.jpg" }, "geometry": { "type": "LineString", "coordinates": [ [ 18.9973365, 69.6337083 ], [ 18.9973959, 69.6337038 ], [ 18.9974579, 69.6337046 ], [ 18.9975078, 69.633693 ], [ 18.9975604, 69.6336806 ], [ 18.997621, 69.6336798 ], [ 18.9976832, 69.6336741 ], [ 18.9977378, 69.6336678 ], [ 18.9978039, 69.633666 ], [ 18.9978603, 69.63366 ], [ 18.9979102, 69.6336714 ], [ 18.9979666, 69.6336683 ], [ 18.9980364, 69.6336665 ], [ 18.9980959, 69.6336661 ], [ 18.9981472, 69.6336723 ], [ 18.9982043, 69.6336732 ], [ 18.998266, 69.6336563 ], [ 18.9983283, 69.6336409 ], [ 18.9983738, 69.6336306 ], [ 18.9984251, 69.6336221 ], [ 18.9984922, 69.6336156 ], [ 18.9985463, 69.633624 ], [ 18.9986081, 69.6336328 ], [ 18.998685, 69.6336383 ], [ 18.9987465, 69.6336376 ], [ 18.9988068, 69.6336384 ], [ 18.9988729, 69.6336455 ], [ 18.998939, 69.6336504 ] ] } },
{ "type": "Feature", "properties": { "id": 197, "group_name": "Group 1", "observation_type": "Track faint trails", "measurement": "", "note": "", "wet_trail_condition": "", "erosion_feature": "", "gps_accuracy": 3.0, "created_at": "2026-09-12T14:25:14.224423+00:00", "photo_url": null }, "geometry": { "type": "LineString", "coordinates": [ [ 18.9940542, 69.6335494 ], [ 18.9940381, 69.633527 ], [ 18.9940061, 69.6335044 ], [ 18.9939538, 69.6334848 ], [ 18.9939173, 69.6334679 ], [ 18.9938833, 69.6334508 ], [ 18.993831, 69.6334341 ], [ 18.9937767, 69.6334256 ] ] } },
{ "type": "Feature", "properties": { "id": 196, "group_name": "Group 1", "observation_type": "Track faint trails", "measurement": "", "note": "", "wet_trail_condition": "", "erosion_feature": "", "gps_accuracy": 3.01300001144409, "created_at": "2026-09-12T14:24:21.157346+00:00", "photo_url": null }, "geometry": { "type": "LineString", "coordinates": [ [ 18.9934764, 69.6329181 ], [ 18.9934715, 69.6329406 ], [ 18.9935084, 69.6329572 ], [ 18.9935423, 69.6329716 ], [ 18.9935751, 69.6329869 ], [ 18.9936021, 69.6330098 ], [ 18.9936421, 69.6330295 ], [ 18.9936739, 69.6330448 ], [ 18.9937168, 69.6330639 ], [ 18.9937542, 69.6330787 ], [ 18.9937942, 69.6330977 ], [ 18.9938356, 69.6331188 ], [ 18.9938817, 69.6331439 ], [ 18.9939007, 69.6331632 ], [ 18.9939289, 69.6331852 ], [ 18.9939444, 69.6332071 ], [ 18.9939674, 69.6332239 ], [ 18.9939673, 69.6332439 ], [ 18.9939959, 69.6332621 ], [ 18.9939981, 69.633287 ], [ 18.993993, 69.6333087 ] ] } },
{ "type": "Feature", "properties": { "id": 195, "group_name": "Group 1", "observation_type": "Track faint trails", "measurement": "", "note": "", "wet_trail_condition": "", "erosion_feature": "", "gps_accuracy": 3.0, "created_at": "2026-09-12T14:23:09.808527+00:00", "photo_url": null }, "geometry": { "type": "LineString", "coordinates": [ [ 18.9989607, 69.6328536 ], [ 18.998904, 69.6328593 ], [ 18.9988343, 69.6328612 ], [ 18.9987637, 69.6328505 ], [ 18.9987027, 69.6328413 ], [ 18.9986384, 69.6328373 ], [ 18.9985742, 69.6328384 ], [ 18.9985161, 69.6328446 ], [ 18.998469, 69.6328539 ] ] } },
{ "type": "Feature", "properties": { "id": 194, "group_name": "Group 1", "observation_type": "Track faint trails", "measurement": "", "note": "", "wet_trail_condition": "", "erosion_feature": "", "gps_accuracy": 3.0, "created_at": "2026-09-12T14:22:51.158282+00:00", "photo_url": null }, "geometry": { "type": "LineString", "coordinates": [ [ 18.9930274, 69.6324371 ], [ 18.9930915, 69.6324412 ], [ 18.9931409, 69.6324488 ], [ 18.9932018, 69.6324573 ], [ 18.9932538, 69.6324699 ], [ 18.9933165, 69.6324821 ], [ 18.9933775, 69.632486 ], [ 18.9934337, 69.6324914 ], [ 18.9934616, 69.6325131 ], [ 18.9934732, 69.6325337 ], [ 18.9934879, 69.632555 ], [ 18.9934974, 69.6325757 ], [ 18.9935081, 69.6325964 ] ] } },
{ "type": "Feature", "properties": { "id": 193, "group_name": "Group 1", "observation_type": "Track faint trails", "measurement": "", "note": "", "wet_trail_condition": "", "erosion_feature": "", "gps_accuracy": 3.0139999389648402, "created_at": "2026-09-12T14:21:01.746985+00:00", "photo_url": null }, "geometry": { "type": "LineString", "coordinates": [ [ 18.9923075, 69.6324001 ], [ 18.99235, 69.6324117 ], [ 18.992417, 69.632419 ], [ 18.9924665, 69.6324255 ], [ 18.9925328, 69.6324231 ], [ 18.9925888, 69.632416 ], [ 18.9926582, 69.6324169 ], [ 18.9927083, 69.6324258 ] ] } },
{ "type": "Feature", "properties": { "id": 192, "group_name": "Group 1", "observation_type": "Track faint trails", "measurement": "", "note": "", "wet_trail_condition": "", "erosion_feature": "", "gps_accuracy": 3.0, "created_at": "2026-09-12T14:20:50.211983+00:00", "photo_url": null }, "geometry": { "type": "LineString", "coordinates": [ [ 18.9993072, 69.6329409 ], [ 18.9993636, 69.6329364 ], [ 18.999417, 69.6329424 ], [ 18.9994761, 69.6329343 ], [ 18.9995295, 69.6329267 ], [ 18.9995815, 69.6329278 ], [ 18.9996373, 69.6329287 ], [ 18.9996928, 69.6329298 ], [ 18.9997497, 69.6329337 ], [ 18.9998008, 69.6329438 ], [ 18.9998456, 69.632958 ], [ 18.9998961, 69.6329766 ], [ 18.9999346, 69.63299 ], [ 18.999974, 69.6330039 ] ] } },
{ "type": "Feature", "properties": { "id": 191, "group_name": "Group 1", "observation_type": "Track faint trails", "measurement": "", "note": "", "wet_trail_condition": "", "erosion_feature": "", "gps_accuracy": 3.0, "created_at": "2026-09-12T14:19:49.536137+00:00", "photo_url": null }, "geometry": { "type": "LineString", "coordinates": [ [ 18.9926639, 69.6323233 ], [ 18.9926342, 69.6323408 ], [ 18.9926196, 69.6323661 ], [ 18.9926091, 69.6323855 ] ] } },
{ "type": "Feature", "properties": { "id": 190, "group_name": "Group 1", "observation_type": "Track >1 m wide sections", "measurement": "", "note": "", "wet_trail_condition": "", "erosion_feature": "", "gps_accuracy": 3.0, "created_at": "2026-09-12T14:17:05.126082+00:00", "photo_url": null }, "geometry": { "type": "LineString", "coordinates": [ [ 19.0016873, 69.6319622 ], [ 19.0016815, 69.6319827 ], [ 19.0016611, 69.6319999 ], [ 19.0016092, 69.6320121 ], [ 19.0015644, 69.6320234 ], [ 19.0015115, 69.6320343 ], [ 19.001458, 69.6320475 ], [ 19.0013941, 69.6320504 ], [ 19.0013401, 69.6320537 ], [ 19.0012856, 69.6320565 ], [ 19.0012196, 69.6320666 ], [ 19.0011676, 69.6320829 ], [ 19.0011242, 69.6321027 ], [ 19.001087, 69.6321204 ], [ 19.0010715, 69.6321412 ], [ 19.0010235, 69.6321588 ] ] } },
{ "type": "Feature", "properties": { "id": 188, "group_name": "Group 1", "observation_type": "Track faint trails", "measurement": "", "note": "", "wet_trail_condition": "", "erosion_feature": "", "gps_accuracy": 3.0139999389648402, "created_at": "2026-09-12T14:16:11.341333+00:00", "photo_url": null }, "geometry": { "type": "LineString", "coordinates": [ [ 18.9916575, 69.6311027 ], [ 18.9916791, 69.6311201 ], [ 18.9917203, 69.6311327 ], [ 18.9917612, 69.6311447 ], [ 18.9917913, 69.6311623 ], [ 18.9918416, 69.6311763 ], [ 18.9918818, 69.6311956 ], [ 18.9918954, 69.6312156 ], [ 18.9918587, 69.6312297 ], [ 18.9918244, 69.6312496 ], [ 18.9917969, 69.6312654 ], [ 18.9917664, 69.6312805 ], [ 18.9917453, 69.6312974 ], [ 18.9917181, 69.6313156 ], [ 18.9916926, 69.6313327 ], [ 18.9917001, 69.6313567 ], [ 18.9916872, 69.631386 ], [ 18.9916681, 69.6314039 ], [ 18.9916465, 69.6314235 ], [ 18.9916252, 69.63144 ], [ 18.9915858, 69.631456 ], [ 18.9915494, 69.6314762 ], [ 18.9915192, 69.6314964 ] ] } },
{ "type": "Feature", "properties": { "id": 187, "group_name": "Group 1", "observation_type": "Track >1 m wide sections", "measurement": "", "note": "", "wet_trail_condition": "", "erosion_feature": "", "gps_accuracy": 3.0559999942779501, "created_at": "2026-09-12T14:15:49.969313+00:00", "photo_url": null }, "geometry": { "type": "LineString", "coordinates": [ [ 19.0047657, 69.630919 ], [ 19.0047239, 69.6309389 ], [ 19.004698, 69.6309573 ], [ 19.0046647, 69.6309775 ], [ 19.0046334, 69.630995 ], [ 19.0045875, 69.6310099 ], [ 19.0045254, 69.6310259 ], [ 19.004484, 69.6310392 ], [ 19.0044481, 69.6310528 ], [ 19.0044099, 69.6310694 ], [ 19.0043606, 69.6310817 ], [ 19.0043135, 69.631095 ], [ 19.0042879, 69.6311145 ], [ 19.0042521, 69.6311347 ], [ 19.004214, 69.6311519 ], [ 19.0041626, 69.631165 ], [ 19.0041082, 69.631184 ], [ 19.0040612, 69.6311985 ], [ 19.0040134, 69.6312092 ], [ 19.0040016, 69.631228 ], [ 19.0039702, 69.6312443 ], [ 19.0039359, 69.6312578 ], [ 19.003899, 69.6312757 ], [ 19.0038576, 69.6312932 ], [ 19.0037981, 69.6313044 ], [ 19.0037344, 69.6313131 ], [ 19.0036617, 69.6313145 ], [ 19.0036097, 69.6313214 ], [ 19.003571, 69.6313335 ], [ 19.0035181, 69.6313525 ], [ 19.0034699, 69.6313719 ], [ 19.0034359, 69.6313863 ], [ 19.0034049, 69.6314016 ], [ 19.0033982, 69.6314218 ], [ 19.0033685, 69.6314451 ], [ 19.0033391, 69.6314661 ], [ 19.0032994, 69.6314801 ], [ 19.0032459, 69.6314956 ], [ 19.0032142, 69.6315101 ], [ 19.0031819, 69.6315302 ], [ 19.0031436, 69.6315448 ], [ 19.0031113, 69.631567 ], [ 19.0030987, 69.6315872 ], [ 19.0030846, 69.631608 ], [ 19.003052, 69.6316281 ], [ 19.0030073, 69.6316454 ], [ 19.0029743, 69.6316593 ], [ 19.0029353, 69.6316718 ], [ 19.0028953, 69.6316879 ], [ 19.002842, 69.6317111 ], [ 19.0028072, 69.6317277 ], [ 19.0027679, 69.6317465 ], [ 19.0027424, 69.6317629 ], [ 19.0027152, 69.6317782 ], [ 19.0026715, 69.6317937 ], [ 19.0026204, 69.6318118 ], [ 19.0025675, 69.6318156 ], [ 19.0024956, 69.6318215 ], [ 19.002429, 69.6318306 ], [ 19.0023624, 69.6318408 ], [ 19.0023178, 69.6318509 ], [ 19.0022706, 69.6318584 ], [ 19.0022181, 69.6318668 ], [ 19.0021569, 69.6318686 ], [ 19.0021051, 69.6318713 ], [ 19.0020377, 69.6318809 ], [ 19.001975, 69.6318914 ] ] } },
{ "type": "Feature", "properties": { "id": 184, "group_name": "Group 1", "observation_type": "Track >1 m wide sections", "measurement": "", "note": "Mountainbike trail", "wet_trail_condition": "", "erosion_feature": "", "gps_accuracy": 3.0, "created_at": "2026-09-12T14:12:58.702757+00:00", "photo_url": null }, "geometry": { "type": "LineString", "coordinates": [ [ 19.0054511, 69.6298994 ], [ 19.0054601, 69.6299178 ], [ 19.0054653, 69.6299387 ], [ 19.0054614, 69.629973 ], [ 19.0054771, 69.629995 ], [ 19.0054801, 69.6300151 ], [ 19.0054589, 69.6300417 ], [ 19.0054684, 69.6300659 ], [ 19.0054623, 69.630088 ], [ 19.0054644, 69.6301072 ], [ 19.0054811, 69.6301284 ], [ 19.0055003, 69.630147 ], [ 19.0055064, 69.6301687 ], [ 19.0054903, 69.6301914 ], [ 19.0055053, 69.6302125 ], [ 19.0055025, 69.6302307 ], [ 19.0055052, 69.6302498 ], [ 19.005512, 69.6302731 ], [ 19.0055353, 69.6302944 ], [ 19.0055188, 69.6303185 ], [ 19.0054856, 69.6303399 ], [ 19.0054661, 69.6303587 ], [ 19.0054588, 69.6303775 ], [ 19.0054337, 69.630394 ], [ 19.0053883, 69.6304094 ], [ 19.0053351, 69.6304227 ], [ 19.0052738, 69.6304394 ], [ 19.005255, 69.6304573 ], [ 19.0052249, 69.6304875 ], [ 19.0052035, 69.6305059 ], [ 19.0051954, 69.6305249 ], [ 19.0051929, 69.6305481 ], [ 19.0051843, 69.6305682 ], [ 19.0051684, 69.6305866 ], [ 19.0051347, 69.6306076 ], [ 19.0051028, 69.6306315 ], [ 19.0050877, 69.630654 ], [ 19.0050418, 69.6306718 ], [ 19.0050326, 69.630694 ], [ 19.0050084, 69.6307291 ], [ 19.0049772, 69.6307514 ], [ 19.0049498, 69.6307742 ], [ 19.0049143, 69.6307974 ], [ 19.0048841, 69.6308152 ], [ 19.0048551, 69.6308435 ], [ 19.0048183, 69.6308645 ], [ 19.0047803, 69.6308818 ] ] } },
{ "type": "Feature", "properties": { "id": 183, "group_name": "Group 1", "observation_type": "Track >1 m wide sections", "measurement": "", "note": "", "wet_trail_condition": "", "erosion_feature": "", "gps_accuracy": 3.0, "created_at": "2026-09-12T14:11:54.932951+00:00", "photo_url": null }, "geometry": { "type": "LineString", "coordinates": [ [ 18.9894732, 69.6289673 ], [ 18.9894212, 69.6289665 ], [ 18.9894752, 69.6289889 ], [ 18.9894927, 69.6290104 ], [ 18.9894943, 69.6290299 ], [ 18.9894749, 69.6290468 ], [ 18.9895006, 69.6290668 ], [ 18.9895401, 69.6290848 ], [ 18.9895643, 69.6291116 ], [ 18.9895903, 69.6291288 ], [ 18.9896148, 69.6291478 ], [ 18.9896569, 69.629166 ], [ 18.9896729, 69.6291893 ], [ 18.9896948, 69.629215 ], [ 18.9897337, 69.6292274 ], [ 18.9898028, 69.6292488 ], [ 18.989837, 69.6292667 ], [ 18.9898775, 69.6292812 ], [ 18.9899172, 69.6293003 ], [ 18.9899599, 69.629315 ], [ 18.9900159, 69.6293334 ], [ 18.9900521, 69.6293512 ], [ 18.9900818, 69.6293701 ], [ 18.9901144, 69.6293858 ], [ 18.9901629, 69.6294109 ], [ 18.9901852, 69.6294292 ] ] } },
{ "type": "Feature", "properties": { "id": 182, "group_name": "Group 1", "observation_type": "Track >1 m wide sections", "measurement": "", "note": "", "wet_trail_condition": "", "erosion_feature": "", "gps_accuracy": 3.0, "created_at": "2026-09-12T14:10:36.947103+00:00", "photo_url": null }, "geometry": { "type": "LineString", "coordinates": [ [ 18.987193, 69.6281698 ], [ 18.9872531, 69.6281823 ], [ 18.9873026, 69.6282044 ], [ 18.9873422, 69.6282208 ], [ 18.9873823, 69.6282349 ], [ 18.9874429, 69.6282465 ], [ 18.9874961, 69.6282576 ], [ 18.9875349, 69.6282719 ], [ 18.9875661, 69.6282929 ], [ 18.9875924, 69.6283095 ], [ 18.9876241, 69.6283266 ], [ 18.9876609, 69.6283413 ], [ 18.9877125, 69.628354 ], [ 18.9877631, 69.628367 ], [ 18.9878102, 69.6283815 ], [ 18.9878385, 69.6283994 ], [ 18.9878749, 69.6284179 ], [ 18.9879116, 69.6284347 ], [ 18.987945, 69.6284573 ], [ 18.987988, 69.6284723 ], [ 18.9880184, 69.6284906 ], [ 18.9880414, 69.6285085 ], [ 18.9880704, 69.6285259 ], [ 18.9881085, 69.6285409 ], [ 18.9881599, 69.6285581 ], [ 18.9882037, 69.628576 ], [ 18.9882531, 69.6285902 ], [ 18.9883118, 69.6286046 ], [ 18.9883921, 69.6286149 ], [ 18.9884488, 69.6286247 ], [ 18.988495, 69.6286364 ], [ 18.988512, 69.6286614 ], [ 18.9885274, 69.6286796 ], [ 18.9885457, 69.6287005 ], [ 18.9885927, 69.6287186 ], [ 18.9886367, 69.6287341 ], [ 18.9887079, 69.6287388 ], [ 18.9887154, 69.62876 ], [ 18.9887767, 69.6287733 ], [ 18.9888379, 69.6287851 ], [ 18.9888941, 69.6287973 ], [ 18.9889366, 69.62881 ], [ 18.9889843, 69.6288252 ], [ 18.9890341, 69.6288412 ], [ 18.989056, 69.6288586 ], [ 18.989095, 69.6288791 ], [ 18.9891279, 69.6288933 ], [ 18.9891674, 69.6289075 ], [ 18.9892229, 69.6289194 ], [ 18.9892723, 69.6289369 ], [ 18.9893085, 69.6289536 ], [ 18.9893754, 69.6289619 ], [ 18.9894284, 69.6289654 ] ] } },
{ "type": "Feature", "properties": { "id": 181, "group_name": "Group 1", "observation_type": "Track >1 m wide sections", "measurement": "", "note": "", "wet_trail_condition": "", "erosion_feature": "", "gps_accuracy": 3.0, "created_at": "2026-09-12T14:07:53.870932+00:00", "photo_url": null }, "geometry": { "type": "LineString", "coordinates": [ [ 18.9856514, 69.6276417 ], [ 18.9856872, 69.6276559 ], [ 18.9857206, 69.6276716 ], [ 18.9857572, 69.6276883 ], [ 18.9857996, 69.6277069 ], [ 18.9858343, 69.6277249 ], [ 18.9858702, 69.6277439 ], [ 18.9859172, 69.6277644 ], [ 18.9859434, 69.6277831 ], [ 18.9859739, 69.6277982 ], [ 18.9860129, 69.6278103 ], [ 18.9860555, 69.6278225 ], [ 18.9861123, 69.627832 ], [ 18.9861642, 69.6278381 ], [ 18.9862207, 69.6278455 ], [ 18.986269, 69.6278534 ], [ 18.9863302, 69.6278616 ], [ 18.9863862, 69.6278659 ], [ 18.9864479, 69.627879 ], [ 18.9864706, 69.6279005 ], [ 18.9865199, 69.6279105 ], [ 18.9865662, 69.6279191 ], [ 18.9866042, 69.6279357 ], [ 18.9866236, 69.6279576 ], [ 18.9866466, 69.6279756 ], [ 18.9866837, 69.6279936 ], [ 18.9867291, 69.6280124 ], [ 18.9867868, 69.6280252 ], [ 18.986835, 69.6280359 ], [ 18.9868949, 69.6280393 ], [ 18.9869508, 69.6280524 ], [ 18.9869959, 69.6280643 ], [ 18.9870402, 69.6280764 ], [ 18.9870805, 69.6280922 ], [ 18.9871031, 69.6281102 ], [ 18.9871426, 69.6281252 ], [ 18.9871732, 69.6281448 ], [ 18.9872113, 69.6281597 ], [ 18.9872545, 69.6281727 ] ] } },
{ "type": "Feature", "properties": { "id": 180, "group_name": "Group 1", "observation_type": "Track faint trails", "measurement": "", "note": "", "wet_trail_condition": "", "erosion_feature": "", "gps_accuracy": 48.0, "created_at": "2026-09-12T14:07:46.094184+00:00", "photo_url": null }, "geometry": { "type": "LineString", "coordinates": [ [ 18.985077354451665, 69.626540175066211 ], [ 18.985139108783713, 69.626536280908212 ], [ 18.985143732080264, 69.626557395469831 ], [ 18.985129111601864, 69.626577790959871 ], [ 18.985105158745018, 69.626601690605597 ], [ 18.985119904125639, 69.626621762440493 ], [ 18.985105988396196, 69.626644269103878 ], [ 18.985149152020618, 69.626660325488118 ], [ 18.985166121707927, 69.626685850948178 ], [ 18.985191098967, 69.626710772556123 ], [ 18.985205060864867, 69.626733913471611 ], [ 18.985196801024905, 69.62676015352983 ], [ 18.98520080337325, 69.626787729567823 ], [ 18.985213783405513, 69.626813387425187 ], [ 18.985349436246839, 69.627266332532059 ], [ 18.985432056724672, 69.627250945552959 ], [ 18.985405822998111, 69.627234801373902 ], [ 18.985270217054488, 69.627189557185588 ], [ 18.985223678391232, 69.627153524568911 ], [ 18.985232480737466, 69.627174533742973 ], [ 18.985291246357288, 69.627186270720827 ], [ 18.985461648458276, 69.627172757700478 ], [ 18.985431516456753, 69.627191771286746 ], [ 18.985402527390519, 69.627212905527799 ], [ 18.985349643578616, 69.627217750301455 ], [ 18.985315668874883, 69.627235543002058 ], [ 18.985286735098768, 69.627255727312331 ], [ 18.985279777835093, 69.627274733931387 ], [ 18.985290342931339, 69.627298979067163 ], [ 18.985253610928265, 69.627323725358423 ], [ 18.985250728089227, 69.627350353853956 ], [ 18.98529358957617, 69.627379607461336 ], [ 18.985314324934102, 69.62739975609432 ], [ 18.985358545386667, 69.627415435777337 ], [ 18.985359812770458, 69.627435551565782 ], [ 18.985364595153872, 69.627464740672508 ], [ 18.985390912455465, 69.627485511154589 ], [ 18.985340750579876, 69.627554306327625 ], [ 18.985553356311886, 69.627754658121177 ], [ 18.985287412334117, 69.627748048145008 ], [ 18.985237089960389, 69.627720196617048 ], [ 18.98522538853635, 69.627773900196757 ], [ 18.985157602751613, 69.627774199026931 ], [ 18.985135738637233, 69.627756747133944 ], [ 18.985164457610605, 69.627737954830579 ], [ 18.985139393112689, 69.627765478963482 ], [ 18.985120530731788, 69.627794860372788 ], [ 18.985129085395418, 69.627817708148527 ], [ 18.985106015545668, 69.627837882842158 ], [ 18.985075718023438, 69.627867298930894 ], [ 18.985035399147961, 69.627898373719646 ], [ 18.985061384093324, 69.627841274554157 ], [ 18.985191614603274, 69.627874856690724 ], [ 18.985186585327266, 69.627856369052822 ], [ 18.985259633459233, 69.627834867806726 ], [ 18.985197390622737, 69.627837642708926 ], [ 18.985227713214364, 69.627816082590471 ], [ 18.985263150387738, 69.62783916871993 ], [ 18.985274358130059, 69.627861759499112 ], [ 18.985309831951803, 69.627881081638904 ], [ 18.985333217812059, 69.627900862743459 ], [ 18.985366762094049, 69.627917509841438 ], [ 18.985411895032509, 69.627938872204965 ], [ 18.985474583351415, 69.627955472779377 ], [ 18.985796048378891, 69.62846404581704 ], [ 18.985704271089535, 69.628548108394284 ], [ 18.986187943945154, 69.628138293194382 ] ] } },
{ "type": "Feature", "properties": { "id": 179, "group_name": "Group 1", "observation_type": "Track faint trails", "measurement": "", "note": "", "wet_trail_condition": "", "erosion_feature": "", "gps_accuracy": 3.0, "created_at": "2026-09-12T14:05:59.968411+00:00", "photo_url": null }, "geometry": { "type": "LineString", "coordinates": [ [ 18.9853909, 69.6272616 ], [ 18.9854529, 69.6272812 ], [ 18.9854479, 69.6272995 ], [ 18.9854413, 69.6273226 ], [ 18.9854431, 69.6273423 ], [ 18.985455, 69.6273653 ], [ 18.9854893, 69.6273863 ], [ 18.9855088, 69.6274056 ], [ 18.9855172, 69.6274273 ], [ 18.9855357, 69.6274453 ], [ 18.9855625, 69.6274621 ], [ 18.9855825, 69.6274844 ], [ 18.9855879, 69.6275024 ], [ 18.9855935, 69.6275223 ], [ 18.9855967, 69.6275453 ], [ 18.9855846, 69.6275693 ] ] } },
{ "type": "Feature", "properties": { "id": 177, "group_name": "Group 1", "observation_type": "Track faint trails", "measurement": "", "note": "It looks like a wet trail", "wet_trail_condition": "", "erosion_feature": "", "gps_accuracy": 3.0, "created_at": "2026-09-12T14:04:30.320093+00:00", "photo_url": "https://oehndpyzeoywfypqtsjs.supabase.co/storage/v1/object/public/observation-photos/177/1789221868907.jpg" }, "geometry": { "type": "LineString", "coordinates": [ [ 18.9929018, 69.6266108 ], [ 18.9928641, 69.6266332 ], [ 18.9928359, 69.6266494 ], [ 18.9928002, 69.6266642 ], [ 18.9927573, 69.6266754 ], [ 18.9927186, 69.6266973 ], [ 18.9926565, 69.6267048 ], [ 18.9926012, 69.6267214 ], [ 18.9925554, 69.6267348 ], [ 18.9925178, 69.6267498 ], [ 18.9924624, 69.6267561 ], [ 18.9924079, 69.6267576 ], [ 18.9923719, 69.6267709 ], [ 18.9922341, 69.626964 ], [ 18.9921659, 69.6269574 ], [ 18.9921048, 69.6269592 ], [ 18.9920263, 69.6269527 ], [ 18.9919683, 69.6269495 ], [ 18.9919074, 69.626954 ], [ 18.9918301, 69.6269494 ], [ 18.9917758, 69.62695 ], [ 18.9917176, 69.6269563 ], [ 18.9916744, 69.6269671 ], [ 18.9916331, 69.626979 ], [ 18.991617, 69.6270015 ], [ 18.9916259, 69.6270199 ], [ 18.9916237, 69.6270395 ], [ 18.9916252, 69.6270654 ], [ 18.9916361, 69.6270851 ], [ 18.9916457, 69.6271029 ], [ 18.9916579, 69.627121 ], [ 18.9916592, 69.6271443 ], [ 18.9916145, 69.6271603 ], [ 18.9916375, 69.6271781 ], [ 18.9916678, 69.627193 ], [ 18.9916682, 69.6272132 ], [ 18.9916703, 69.6272315 ], [ 18.9916698, 69.6272513 ], [ 18.991654, 69.6272693 ], [ 18.9915987, 69.6272817 ], [ 18.9915455, 69.6272968 ], [ 18.9915205, 69.6273139 ], [ 18.9914953, 69.6273336 ], [ 18.9914196, 69.6273357 ], [ 18.9913562, 69.627341 ], [ 18.9913191, 69.6273549 ], [ 18.9912745, 69.6273713 ], [ 18.9912996, 69.6273903 ], [ 18.991271, 69.6274087 ], [ 18.9912373, 69.6274241 ], [ 18.9911841, 69.6274359 ], [ 18.9911767, 69.6274545 ], [ 18.9911581, 69.6274744 ], [ 18.9911231, 69.6274946 ], [ 18.991127, 69.6275155 ], [ 18.9911294, 69.6275362 ], [ 18.9910997, 69.627507 ], [ 18.991007, 69.6275911 ], [ 18.9910702, 69.6275974 ], [ 18.9911219, 69.627603 ], [ 18.9910871, 69.6276326 ], [ 18.9910509, 69.6276475 ], [ 18.9910372, 69.627673 ], [ 18.9910295, 69.6276924 ], [ 18.9909779, 69.6277098 ], [ 18.9909384, 69.6277233 ], [ 18.9909111, 69.6277396 ], [ 18.9908898, 69.6277562 ], [ 18.9908966, 69.62778 ], [ 18.9908761, 69.6277968 ], [ 18.99084, 69.62781 ], [ 18.9908007, 69.6278234 ], [ 18.990741, 69.6278364 ], [ 18.9906915, 69.6278444 ], [ 18.9906441, 69.627855 ], [ 18.9906239, 69.6278741 ], [ 18.9906022, 69.6278928 ], [ 18.9905811, 69.6279102 ], [ 18.9905759, 69.6279292 ], [ 18.9905416, 69.627945 ] ] } },
{ "type": "Feature", "properties": { "id": 176, "group_name": "Group 1", "observation_type": "Track >1 m wide sections", "measurement": "", "note": "", "wet_trail_condition": "", "erosion_feature": "", "gps_accuracy": 12.0018124105213, "created_at": "2026-09-12T14:03:15.079469+00:00", "photo_url": null }, "geometry": { "type": "LineString", "coordinates": [ [ 18.985151257158236, 69.626251592277626 ], [ 18.985306886710603, 69.626320241170134 ], [ 18.98526784357934, 69.626343377563245 ], [ 18.985119613849559, 69.626240023070366 ], [ 18.985263320272839, 69.626224068584563 ], [ 18.98517294192288, 69.626232939687682 ], [ 18.985227801816123, 69.626226862766032 ], [ 18.985323485330632, 69.626237012226369 ], [ 18.985237952984079, 69.626259664347785 ], [ 18.985110722904775, 69.626264448234238 ], [ 18.985066675983063, 69.626299334885942 ], [ 18.984994269634281, 69.626316498410176 ], [ 18.984940445796219, 69.626307603194434 ], [ 18.984886338722646, 69.626339853128542 ], [ 18.984906775337869, 69.626364744158593 ], [ 18.98491805419301, 69.626392013651525 ], [ 18.984924606370051, 69.626423281642872 ], [ 18.985151441628382, 69.626566667909799 ], [ 18.98519763940936, 69.626588481624722 ], [ 18.985270574880357, 69.626622920333787 ], [ 18.985057514722065, 69.626557016918085 ], [ 18.985080244061528, 69.626513889423322 ], [ 18.985117207437, 69.626414281359004 ], [ 18.985115433301917, 69.626395540725213 ], [ 18.985189466116221, 69.626453552011483 ], [ 18.985270003141295, 69.626475063043202 ], [ 18.98527107178867, 69.626502424929114 ], [ 18.985130151091518, 69.626487969477637 ], [ 18.985089720560758, 69.626509281964346 ] ] } },
{ "type": "Feature", "properties": { "id": 175, "group_name": "Group 1", "observation_type": "Track >1 m wide sections", "measurement": "", "note": "", "wet_trail_condition": "", "erosion_feature": "", "gps_accuracy": 3.0, "created_at": "2026-09-12T14:02:58.15101+00:00", "photo_url": null }, "geometry": { "type": "LineString", "coordinates": [ [ 19.0003122, 69.6283226 ], [ 19.0002703, 69.6283356 ], [ 19.0002269, 69.6283505 ], [ 19.0001821, 69.6283663 ], [ 19.0001329, 69.6283816 ], [ 19.0000862, 69.6283947 ], [ 19.0000336, 69.6284092 ], [ 18.999965, 69.62843 ], [ 18.999918, 69.6284464 ], [ 18.9998724, 69.6284664 ], [ 18.9998334, 69.6284785 ], [ 18.9997863, 69.6284928 ], [ 18.999751, 69.6285101 ], [ 18.9996976, 69.6285333 ], [ 18.9996579, 69.628548 ] ] } },
{ "type": "Feature", "properties": { "id": 174, "group_name": "Group 1", "observation_type": "Track faint trails", "measurement": "", "note": "", "wet_trail_condition": "", "erosion_feature": "", "gps_accuracy": 3.0, "created_at": "2026-09-12T14:02:19.54105+00:00", "photo_url": null }, "geometry": { "type": "LineString", "coordinates": [ [ 19.0011675, 69.6279422 ], [ 19.0012258, 69.6279506 ], [ 19.0012591, 69.6279682 ], [ 19.0012565, 69.6279893 ], [ 19.0012214, 69.6280038 ], [ 19.0011741, 69.6280167 ], [ 19.0011151, 69.6280255 ], [ 19.0010545, 69.6280251 ], [ 19.001004, 69.6280293 ], [ 19.0009802, 69.6280496 ], [ 19.0009812, 69.6280693 ], [ 19.001035, 69.6280832 ], [ 19.0010888, 69.628094 ], [ 19.001127, 69.62811 ], [ 19.0011298, 69.6281281 ], [ 19.0011108, 69.628146 ], [ 19.0011171, 69.6281692 ], [ 19.0010763, 69.6281858 ], [ 19.0010205, 69.6281967 ], [ 19.0009871, 69.6282123 ], [ 19.00095, 69.6282267 ], [ 19.0008975, 69.6282332 ], [ 19.0008762, 69.6282506 ], [ 19.0008884, 69.6282708 ], [ 19.0008992, 69.6282893 ], [ 19.0008959, 69.628308 ], [ 19.0008443, 69.6283172 ], [ 19.0007868, 69.6283203 ], [ 19.0007249, 69.628318 ], [ 19.000655, 69.6283183 ], [ 19.0005985, 69.6283175 ], [ 19.000539, 69.6283154 ], [ 19.0004492, 69.6283157 ], [ 19.0003718, 69.6283209 ], [ 19.000314, 69.6283246 ] ] } },
{ "type": "Feature", "properties": { "id": 173, "group_name": "Group 1", "observation_type": "Track faint trails", "measurement": "", "note": "", "wet_trail_condition": "", "erosion_feature": "", "gps_accuracy": 3.0, "created_at": "2026-09-12T14:01:43.461014+00:00", "photo_url": null }, "geometry": { "type": "LineString", "coordinates": [ [ 18.990055, 69.6251869 ], [ 18.9900872, 69.6252038 ], [ 18.9900986, 69.6252281 ], [ 18.9900935, 69.6252464 ], [ 18.9901179, 69.6252661 ], [ 18.990173, 69.6252822 ], [ 18.9902143, 69.6253018 ], [ 18.9902441, 69.6253216 ], [ 18.9902625, 69.6253436 ], [ 18.9902495, 69.6253686 ], [ 18.9902413, 69.6253897 ], [ 18.9902545, 69.6254152 ], [ 18.9902572, 69.6254388 ], [ 18.9902429, 69.6254597 ], [ 18.9902378, 69.6254877 ], [ 18.990219, 69.6255068 ], [ 18.990192, 69.6255261 ], [ 18.9901883, 69.6255477 ], [ 18.990206, 69.6255706 ], [ 18.9902005, 69.6255963 ], [ 18.9902027, 69.6256178 ], [ 18.9901964, 69.6256457 ], [ 18.9901967, 69.6256676 ], [ 18.9902081, 69.6256859 ], [ 18.9902068, 69.6257057 ], [ 18.9902082, 69.6257264 ], [ 18.9902272, 69.6257454 ], [ 18.9902304, 69.6257639 ], [ 18.9902407, 69.6257913 ], [ 18.9902284, 69.625813 ] ] } },
{ "type": "Feature", "properties": { "id": 172, "group_name": "Group 1", "observation_type": "Track faint trails", "measurement": "", "note": "", "wet_trail_condition": "", "erosion_feature": "", "gps_accuracy": 4.1674344167346602, "created_at": "2026-09-12T14:01:22.63427+00:00", "photo_url": null }, "geometry": { "type": "LineString", "coordinates": [ [ 18.990148220087896, 69.625268094212558 ], [ 18.990100918582126, 69.625283313745683 ], [ 18.990032315953844, 69.625292237960366 ], [ 18.989964075282217, 69.625294465562149 ], [ 18.989902206719727, 69.625294212342155 ], [ 18.989847644183918, 69.625295279822367 ], [ 18.989791683136321, 69.625295445369417 ], [ 18.989730500235893, 69.625292331406953 ] ] } },
{ "type": "Feature", "properties": { "id": 171, "group_name": "Group 1", "observation_type": "Track >1 m wide sections", "measurement": "", "note": "", "wet_trail_condition": "", "erosion_feature": "", "gps_accuracy": 3.0, "created_at": "2026-09-12T14:00:48.880628+00:00", "photo_url": null }, "geometry": { "type": "LineString", "coordinates": [ [ 18.9876427, 69.6258631 ], [ 18.9876837, 69.6258495 ], [ 18.9876289, 69.6258349 ], [ 18.987566, 69.6258259 ], [ 18.9875037, 69.6258231 ], [ 18.98744, 69.6258204 ], [ 18.987377, 69.6258233 ], [ 18.987316, 69.6258264 ], [ 18.9872627, 69.6258236 ], [ 18.9872097, 69.6258297 ], [ 18.9871494, 69.6258376 ], [ 18.9870818, 69.625845 ], [ 18.9870086, 69.6258538 ], [ 18.9869646, 69.6258671 ], [ 18.9869033, 69.6258746 ], [ 18.9868494, 69.6258865 ], [ 18.986797, 69.6258987 ], [ 18.9867533, 69.6259125 ], [ 18.986708, 69.6259248 ], [ 18.9866437, 69.625928 ], [ 18.9866073, 69.625946 ], [ 18.9865506, 69.6259594 ], [ 18.9864826, 69.6259702 ], [ 18.9864363, 69.6259812 ], [ 18.9863834, 69.6259896 ], [ 18.98632, 69.6259932 ], [ 18.986265, 69.6260013 ], [ 18.9862295, 69.6260162 ], [ 18.9861832, 69.62603 ], [ 18.9861397, 69.6260437 ], [ 18.9860754, 69.6260537 ], [ 18.9860204, 69.6260585 ], [ 18.9859519, 69.6260545 ], [ 18.9858767, 69.6260435 ], [ 18.9858213, 69.6260321 ], [ 18.9857515, 69.6260319 ], [ 18.9856925, 69.6260428 ], [ 18.9856396, 69.6260472 ], [ 18.9855878, 69.626049 ], [ 18.9855343, 69.6260574 ], [ 18.9854698, 69.6260759 ], [ 18.9854381, 69.6260958 ], [ 18.9854081, 69.6261123 ], [ 18.9853769, 69.6261303 ], [ 18.9853653, 69.626152 ], [ 18.9853413, 69.6261735 ] ] } },
{ "type": "Feature", "properties": { "id": 170, "group_name": "Group 1", "observation_type": "Track faint trails", "measurement": "", "note": "", "wet_trail_condition": "", "erosion_feature": "", "gps_accuracy": 3.0, "created_at": "2026-09-12T14:00:30.604483+00:00", "photo_url": null }, "geometry": { "type": "LineString", "coordinates": [ [ 18.9934721, 69.6264448 ], [ 18.9935099, 69.62643 ], [ 18.9935651, 69.6264331 ], [ 18.9936394, 69.6264425 ], [ 18.993685, 69.6264546 ], [ 18.9937333, 69.6264678 ], [ 18.9937807, 69.626478 ], [ 18.9938359, 69.626485 ], [ 18.9938881, 69.6264935 ], [ 18.9939349, 69.6265106 ], [ 18.9939768, 69.6265228 ], [ 18.9940342, 69.6265356 ], [ 18.9940949, 69.6265496 ], [ 18.9941349, 69.6265613 ], [ 18.994169, 69.6265841 ], [ 18.9941821, 69.6266036 ], [ 18.994215, 69.626619 ], [ 18.9942756, 69.6266307 ], [ 18.9943365, 69.6266396 ], [ 18.9943907, 69.6266407 ], [ 18.9944073, 69.62667 ], [ 18.9944014, 69.6266882 ], [ 18.9944091, 69.6267063 ], [ 18.9944257, 69.6267284 ], [ 18.9944531, 69.6267439 ], [ 18.994509, 69.6267587 ], [ 18.9945592, 69.6267704 ], [ 18.9945929, 69.6267924 ], [ 18.9946092, 69.6268125 ], [ 18.9946515, 69.6268312 ], [ 18.9946813, 69.6268501 ], [ 18.9947253, 69.6268639 ], [ 18.9947618, 69.6268782 ], [ 18.9948024, 69.6268918 ], [ 18.9948448, 69.6269059 ], [ 18.9948824, 69.6269244 ] ] } },
{ "type": "Feature", "properties": { "id": 169, "group_name": "Group 1", "observation_type": "Track and measure width", "measurement": "< 50 cm", "note": "", "wet_trail_condition": "", "erosion_feature": "", "gps_accuracy": 2.56341282241823, "created_at": "2026-09-12T13:59:49.028592+00:00", "photo_url": null }, "geometry": { "type": "LineString", "coordinates": [ [ 18.994331997261611, 69.626657502080107 ], [ 18.994364449941173, 69.626673326722965 ], [ 18.994383563112333, 69.62669463932238 ], [ 18.994403166971509, 69.626717407875958 ], [ 18.994421100279162, 69.626734950671064 ], [ 18.99445693451143, 69.626750708212995 ], [ 18.994496470669624, 69.626762737057078 ], [ 18.994541339016294, 69.626774541803201 ], [ 18.994573026562435, 69.62679405847841 ], [ 18.994598735634835, 69.626815986728005 ], [ 18.994641301036783, 69.626829868450983 ], [ 18.994686527500981, 69.626840082253921 ], [ 18.994718060633595, 69.62685509205069 ], [ 18.994763723908193, 69.626873677488973 ], [ 18.994796013574195, 69.626891668508662 ], [ 18.994866564422615, 69.626902413617699 ], [ 18.994918576300098, 69.626925067015947 ], [ 18.994940334580871, 69.626941776558695 ], [ 18.994943028815442, 69.62696866619892 ], [ 18.994947584730234, 69.626988498456896 ], [ 18.994950910367642, 69.62700925944408 ], [ 18.994969225447807, 69.627027650456625 ], [ 18.994971082641072, 69.627055433804131 ], [ 18.994988285502806, 69.627072461674587 ], [ 18.995006388156057, 69.627091275555117 ] ] } },
{ "type": "Feature", "properties": { "id": 168, "group_name": "Group 1", "observation_type": "Track faint trails", "measurement": "", "note": "", "wet_trail_condition": "", "erosion_feature": "", "gps_accuracy": 3.0, "created_at": "2026-09-12T13:58:58.581096+00:00", "photo_url": null }, "geometry": { "type": "LineString", "coordinates": [ [ 18.9914433, 69.624547 ], [ 18.9913852, 69.6245443 ], [ 18.9913734, 69.6245639 ], [ 18.9913249, 69.6245722 ], [ 18.9912731, 69.6245704 ], [ 18.9912182, 69.6245717 ], [ 18.991163, 69.62458 ], [ 18.9911201, 69.6245959 ], [ 18.9910732, 69.6246113 ], [ 18.9910414, 69.6246284 ], [ 18.9909855, 69.6246394 ], [ 18.9909506, 69.6246551 ], [ 18.990933, 69.624677 ], [ 18.9907112, 69.6249237 ], [ 18.9906922, 69.6249413 ], [ 18.9906799, 69.624959 ], [ 18.9906634, 69.6249811 ], [ 18.9906818, 69.6249987 ], [ 18.9906739, 69.6250202 ], [ 18.9906851, 69.6250424 ], [ 18.9906627, 69.6250657 ], [ 18.9906666, 69.6250855 ], [ 18.9906683, 69.6251043 ], [ 18.9906947, 69.625124 ], [ 18.9907112, 69.6251457 ], [ 18.9907251, 69.6251736 ] ] } },
{ "type": "Feature", "properties": { "id": 167, "group_name": "Group 1", "observation_type": "Track >1 m wide sections", "measurement": "", "note": "", "wet_trail_condition": "", "erosion_feature": "", "gps_accuracy": 3.0, "created_at": "2026-09-12T13:57:55.337192+00:00", "photo_url": null }, "geometry": { "type": "LineString", "coordinates": [ [ 18.9898527, 69.6252349 ], [ 18.9897954, 69.6252362 ], [ 18.9897347, 69.6252492 ], [ 18.9897047, 69.6252718 ], [ 18.9896703, 69.6252905 ], [ 18.9896343, 69.6253121 ], [ 18.9895956, 69.6253312 ], [ 18.9895704, 69.6253515 ], [ 18.989545, 69.6253677 ], [ 18.9895075, 69.6253842 ], [ 18.9894895, 69.6254032 ], [ 18.9894532, 69.6254202 ], [ 18.9893952, 69.6254299 ], [ 18.9893346, 69.6254344 ], [ 18.9892733, 69.6254362 ], [ 18.9892034, 69.6254365 ], [ 18.9891429, 69.6254398 ], [ 18.9890918, 69.6254559 ], [ 18.9890333, 69.6254613 ], [ 18.9889803, 69.6254677 ], [ 18.9889292, 69.6254744 ], [ 18.988861, 69.6254913 ], [ 18.9888047, 69.6255042 ], [ 18.9887567, 69.6255134 ], [ 18.9887129, 69.625525 ], [ 18.9886617, 69.625539 ], [ 18.988589, 69.6255507 ], [ 18.9885344, 69.6255585 ], [ 18.9884852, 69.6255704 ], [ 18.9884388, 69.6255813 ], [ 18.9883958, 69.6255956 ], [ 18.9883637, 69.6256117 ], [ 18.9883326, 69.6256359 ], [ 18.9882914, 69.6256509 ], [ 18.9882551, 69.6256667 ], [ 18.9882171, 69.6256879 ], [ 18.9881852, 69.6257059 ], [ 18.9881604, 69.6257263 ], [ 18.9881328, 69.6257463 ] ] } },
{ "type": "Feature", "properties": { "id": 166, "group_name": "Group 1", "observation_type": "Track faint trails", "measurement": "", "note": "", "wet_trail_condition": "", "erosion_feature": "", "gps_accuracy": 2.6863651522280798, "created_at": "2026-09-12T13:57:42.126638+00:00", "photo_url": null }, "geometry": { "type": "LineString", "coordinates": [ [ 18.993404824304388, 69.625818156702096 ], [ 18.993450027668423, 69.625837650976848 ], [ 18.993496189336142, 69.62584995071964 ], [ 18.993539451782414, 69.625868395170002 ], [ 18.993569474437493, 69.625884147815086 ], [ 18.993607012587042, 69.625898977984306 ], [ 18.993646533077815, 69.625914148934328 ], [ 18.99370538488099, 69.625918097740126 ], [ 18.993759970602728, 69.625923541759661 ], [ 18.993885467036932, 69.62592013798438 ], [ 18.993920730444597, 69.625949794491405 ], [ 18.993948642182158, 69.625967689854676 ], [ 18.994021648558782, 69.625993254659349 ], [ 18.994051571953104, 69.626009473641986 ], [ 18.994049727934406, 69.626030721766526 ], [ 18.994040424021886, 69.626049413410598 ], [ 18.994046938287998, 69.626070872084114 ], [ 18.994105873970199, 69.626076729310682 ], [ 18.994170645080715, 69.626076938874263 ], [ 18.994196389316304, 69.626095911874131 ], [ 18.994230647450085, 69.626112522278234 ], [ 18.994235955456851, 69.626135787977347 ], [ 18.994231024359205, 69.626209602684355 ], [ 18.994282912480639, 69.62620095821994 ], [ 18.994291310869549, 69.626227630423969 ], [ 18.994284238605626, 69.626249705698129 ], [ 18.994247243615913, 69.626275430731241 ], [ 18.994219112361069, 69.626290653496781 ], [ 18.994235663051246, 69.626312765250134 ], [ 18.99425655745776, 69.62633570641745 ], [ 18.994290706944675, 69.626358144212048 ], [ 18.994278215585076, 69.626376172089834 ], [ 18.994277254075307, 69.626394564281455 ], [ 18.994305562965312, 69.626414593736556 ], [ 18.994309422616823, 69.626436420088837 ], [ 18.994280392252943, 69.626453488024609 ], [ 18.994264396856043, 69.62647603748897 ], [ 18.99431899680296, 69.626494039187008 ], [ 18.994293244753205, 69.626511753923722 ], [ 18.994284384789701, 69.62653665492185 ], [ 18.99430188217363, 69.626565468018228 ], [ 18.9943172288983, 69.626584904791301 ], [ 18.9943357432056, 69.626604253764484 ], [ 18.99433905984473, 69.626632314961057 ], [ 18.994335557182438, 69.626662692158931 ], [ 18.994295147251577, 69.626676122256171 ] ] } },
{ "type": "Feature", "properties": { "id": 165, "group_name": "Group 1", "observation_type": "Track >1 m wide sections", "measurement": "", "note": "", "wet_trail_condition": "", "erosion_feature": "", "gps_accuracy": 8.0012082736808807, "created_at": "2026-09-12T13:57:35.806073+00:00", "photo_url": null }, "geometry": { "type": "LineString", "coordinates": [ [ 18.989951140483814, 69.625191458989619 ], [ 18.989836724795907, 69.625184750143077 ], [ 18.989798727190063, 69.625144874115236 ], [ 18.989905497898899, 69.625166163410171 ], [ 18.989893660083776, 69.62514416383992 ], [ 18.989941529148044, 69.625126188543007 ], [ 18.989885195760586, 69.625097633984822 ], [ 18.989812548628148, 69.6251315160698 ], [ 18.9897810740793, 69.625163701627102 ], [ 18.989768572574544, 69.625183585765967 ], [ 18.989724323149485, 69.625195028926967 ], [ 18.98967215837968, 69.625208443553149 ], [ 18.989637378385105, 69.625223176457737 ], [ 18.98962019187007, 69.625245665372404 ], [ 18.989553606152658, 69.625255430579074 ], [ 18.989486117542057, 69.62525444980416 ], [ 18.989429347002908, 69.625248768387095 ], [ 18.98938101685194, 69.625262769737986 ], [ 18.989338307960569, 69.625273216445194 ], [ 18.989284092316861, 69.625281455312773 ], [ 18.989218124725301, 69.625297368799309 ], [ 18.989158811165247, 69.625315788530855 ], [ 18.98910849896312, 69.625333422565973 ], [ 18.989060147383778, 69.625341537923575 ], [ 18.988997694648752, 69.625356733206303 ], [ 18.988936183568917, 69.625356256553573 ], [ 18.988854809247798, 69.625364850040143 ], [ 18.988333448317615, 69.6256190590627 ], [ 18.98831716156544, 69.625659171192083 ], [ 18.988721970229125, 69.625403673690073 ], [ 18.988253896059241, 69.625684286488791 ], [ 18.988297852614831, 69.6256688722858 ], [ 18.988315689576222, 69.625649416644819 ], [ 18.988299974356693, 69.625621584174894 ], [ 18.98829408511293, 69.625641604348758 ], [ 18.988337098910915, 69.625621614366892 ], [ 18.988306720079631, 69.625574247702616 ], [ 18.988359494151808, 69.62559458833978 ] ] } },
{ "type": "Feature", "properties": { "id": 164, "group_name": "Group 1", "observation_type": "Track faint trails", "measurement": "", "note": "", "wet_trail_condition": "", "erosion_feature": "", "gps_accuracy": 3.0, "created_at": "2026-09-12T13:56:23.311458+00:00", "photo_url": null }, "geometry": { "type": "LineString", "coordinates": [ [ 18.9930791, 69.6259244 ], [ 18.9930298, 69.6259311 ], [ 18.9929755, 69.6259332 ], [ 18.9929281, 69.6259467 ], [ 18.9928794, 69.6259566 ], [ 18.9928791, 69.625978 ], [ 18.9929109, 69.6259983 ], [ 18.9929371, 69.6260199 ], [ 18.9929813, 69.6260407 ], [ 18.9930192, 69.6260532 ], [ 18.9930532, 69.6260676 ], [ 18.9930495, 69.6260876 ], [ 18.9930264, 69.6261055 ], [ 18.9930574, 69.6261307 ], [ 18.9930894, 69.6261474 ], [ 18.9931036, 69.6261654 ], [ 18.9931425, 69.6261849 ], [ 18.9931388, 69.6262065 ], [ 18.9931036, 69.6262278 ], [ 18.9931223, 69.6262488 ], [ 18.9931627, 69.6262623 ], [ 18.9932225, 69.6262762 ], [ 18.9932747, 69.6262874 ], [ 18.9933275, 69.6263007 ] ] } },
{ "type": "Feature", "properties": { "id": 163, "group_name": "Group 1", "observation_type": "Track and measure width", "measurement": "50–100 cm", "note": "", "wet_trail_condition": "", "erosion_feature": "", "gps_accuracy": 3.53553390593274, "created_at": "2026-09-12T13:54:57.52143+00:00", "photo_url": null }, "geometry": { "type": "LineString", "coordinates": [ [ 18.993771828938566, 69.625793983200026 ], [ 18.99374150089346, 69.625809610877866 ], [ 18.993686889128252, 69.625814897867187 ], [ 18.993626237742351, 69.625814465905023 ], [ 18.993516192997255, 69.625821455913737 ], [ 18.993454420490441, 69.625816421747601 ], [ 18.993398370238946, 69.625812666555518 ], [ 18.993339613097714, 69.625821760920459 ] ] } },
{ "type": "Feature", "properties": { "id": 162, "group_name": "Group 1", "observation_type": "Track faint trails", "measurement": "", "note": "", "wet_trail_condition": "", "erosion_feature": "", "gps_accuracy": 3.0, "created_at": "2026-09-12T13:54:06.834705+00:00", "photo_url": null }, "geometry": { "type": "LineString", "coordinates": [ [ 18.9934113, 69.6249426 ], [ 18.9934529, 69.6249574 ], [ 18.9934081, 69.6249444 ], [ 18.9933658, 69.6249301 ], [ 18.9932946, 69.6249092 ], [ 18.9932615, 69.6248942 ], [ 18.9932225, 69.6248798 ], [ 18.9931914, 69.6248637 ], [ 18.993128, 69.6248558 ], [ 18.9930848, 69.6248368 ], [ 18.9930545, 69.6248218 ] ] } },
{ "type": "Feature", "properties": { "id": 161, "group_name": "Group 1", "observation_type": "Track >1 m wide sections", "measurement": "", "note": "", "wet_trail_condition": "", "erosion_feature": "", "gps_accuracy": 8.0012082736808807, "created_at": "2026-09-12T13:54:03.123748+00:00", "photo_url": null }, "geometry": { "type": "LineString", "coordinates": [ [ 18.993316665279799, 69.624908727781758 ], [ 18.993263549463105, 69.624903747235351 ], [ 18.993257505821354, 69.62488573587656 ], [ 18.993177367456791, 69.624881165933147 ], [ 18.993109186942025, 69.624873471979257 ], [ 18.993067045522995, 69.624860192063394 ], [ 18.99300778285086, 69.624865571139395 ], [ 18.993052956790315, 69.624876362215787 ], [ 18.992895287570384, 69.624952346153876 ], [ 18.99263799490452, 69.624955686295507 ], [ 18.992600646392155, 69.624902209017733 ], [ 18.992519164187726, 69.624938799315103 ], [ 18.992469904884942, 69.624932613638151 ], [ 18.992408936572421, 69.62491948974251 ], [ 18.992395658762803, 69.624894694523363 ], [ 18.992256182297083, 69.624935206777522 ], [ 18.992201735193444, 69.624925522623073 ], [ 18.992136563978313, 69.624942461166086 ], [ 18.992094655982406, 69.624959521329586 ], [ 18.992046084414341, 69.624972988679971 ], [ 18.991993691729693, 69.624979288043633 ], [ 18.991942241038831, 69.624983081713353 ], [ 18.991919911615504, 69.625006147788284 ], [ 18.991891157892272, 69.62502134576529 ], [ 18.991656324434111, 69.625026072636715 ], [ 18.991599121403418, 69.625029389023496 ], [ 18.9915378366398, 69.625032717685983 ], [ 18.991480290736131, 69.625027117225159 ], [ 18.991415646558753, 69.625023765988757 ], [ 18.991335854573606, 69.625030579941523 ], [ 18.991286182686896, 69.62504409368303 ], [ 18.991227582744486, 69.625041076214117 ], [ 18.991163903789715, 69.625041625492543 ], [ 18.991116254971494, 69.625053471996637 ], [ 18.991078852213274, 69.625067383434796 ] ] } },
{ "type": "Feature", "properties": { "id": 160, "group_name": "Group 1", "observation_type": "Track >1 m wide sections", "measurement": "", "note": "", "wet_trail_condition": "", "erosion_feature": "", "gps_accuracy": 2.72430474363376, "created_at": "2026-09-12T13:53:55.701773+00:00", "photo_url": null }, "geometry": { "type": "LineString", "coordinates": [ [ 18.993991014513139, 69.625376714411772 ], [ 18.994002325503285, 69.625397435987452 ], [ 18.993992076636331, 69.62541966982846 ], [ 18.993999464227993, 69.625437757284203 ], [ 18.993987143199718, 69.625459661622671 ], [ 18.994024894168842, 69.625489004873387 ], [ 18.994085019345, 69.625497515980143 ], [ 18.994104870822401, 69.625518765629209 ], [ 18.994115111663426, 69.625541090853559 ], [ 18.994074036215341, 69.625565625081151 ], [ 18.994094555520078, 69.625591448093772 ], [ 18.994121166729776, 69.625610055297429 ], [ 18.994166846651236, 69.625626527731725 ], [ 18.994174946264387, 69.625644472819474 ], [ 18.99418592258117, 69.625665058198706 ], [ 18.994192494495532, 69.625690063421558 ], [ 18.994182992206305, 69.625708354487088 ], [ 18.994174980180986, 69.625728526315129 ], [ 18.994147032029669, 69.625746932569768 ], [ 18.994107790105847, 69.625761383105626 ], [ 18.994055132835872, 69.625771094558544 ] ] } },
{ "type": "Feature", "properties": { "id": 159, "group_name": "Group 1", "observation_type": "Track >1 m wide sections", "measurement": "", "note": "", "wet_trail_condition": "", "erosion_feature": "", "gps_accuracy": 3.55025160049192, "created_at": "2026-09-12T13:53:16.574496+00:00", "photo_url": null }, "geometry": { "type": "LineString", "coordinates": [ [ 19.003526628847915, 69.607369356805521 ], [ 19.003538190916657, 69.607347208531849 ], [ 19.003540493921129, 69.607327895673521 ], [ 19.003518780819448, 69.607306062014871 ], [ 19.003516856774731, 69.607283535784603 ], [ 19.003545472298399, 69.607267263517613 ], [ 19.003606085407068, 69.607266356161418 ], [ 19.003663183069445, 69.607260365238659 ], [ 19.003624895783215, 69.607245373429166 ], [ 19.003596704505888, 69.60722784242374 ], [ 19.003593139184776, 69.607205072828364 ], [ 19.003623353285963, 69.607180850158812 ], [ 19.003601030376974, 69.607164490285726 ], [ 19.003585211003294, 69.607143026238958 ], [ 19.003593052185906, 69.60711600156408 ], [ 19.003557673338531, 69.607095715936893 ], [ 19.003575745935979, 69.607072764062607 ], [ 19.003602622812139, 69.607050129893793 ], [ 19.003619763130825, 69.607030824278539 ], [ 19.003619715516795, 69.607012023875896 ], [ 19.003636718178484, 69.606986611142489 ], [ 19.00365117835192, 69.606966756467187 ], [ 19.003667517027495, 69.606944194601098 ], [ 19.003679009795032, 69.606926007538036 ], [ 19.003695230560417, 69.606904014603245 ], [ 19.003739730898062, 69.606884980408253 ], [ 19.00378072210388, 69.606871539575465 ], [ 19.003800964171766, 69.606846661781816 ], [ 19.003802727802164, 69.606826153098353 ], [ 19.003782678437165, 69.606807108051456 ], [ 19.003780937104114, 69.606787082255735 ], [ 19.003765940803518, 69.606768724233461 ], [ 19.003762102633846, 69.606750091350492 ], [ 19.003759751967401, 69.606730426268697 ], [ 19.003750130904344, 69.606711440593244 ], [ 19.003763352871424, 69.606689048553434 ], [ 19.003777821726757, 69.606663995005292 ], [ 19.003787248124389, 69.606638412365342 ], [ 19.003804779096004, 69.60662072873275 ], [ 19.003826210685311, 69.606602668111989 ], [ 19.003834243857966, 69.606582869481144 ], [ 19.003817087920449, 69.606564384453478 ], [ 19.003786344398105, 69.606548050990838 ], [ 19.003769909213496, 69.60652738852967 ], [ 19.003735397072351, 69.606508186799545 ], [ 19.003701242583816, 69.606488483095831 ], [ 19.003668254440854, 69.606473522847892 ], [ 19.00363765472682, 69.606458955387495 ], [ 19.003601775290758, 69.606440459369324 ], [ 19.003613512873564, 69.606420073030918 ], [ 19.003650106253279, 69.606404382511144 ], [ 19.003680836159678, 69.606384428396225 ], [ 19.003694213302001, 69.606366652326898 ], [ 19.003707165727214, 69.606348780894507 ], [ 19.003732304163666, 69.606322621777608 ], [ 19.003747971127563, 69.60630320530575 ], [ 19.003756658997272, 69.606285062282765 ], [ 19.00374261514408, 69.606259319265746 ], [ 19.003756594843409, 69.606239287812571 ], [ 19.003793812445995, 69.606225791572584 ], [ 19.003830772028198, 69.606209912473801 ], [ 19.003875708167943, 69.606192885139322 ], [ 19.003872509859622, 69.606174454331068 ], [ 19.003896317446358, 69.60615391229382 ], [ 19.003912309225836, 69.60613532642941 ], [ 19.003928913472759, 69.60611297376137 ], [ 19.003958409348556, 69.606088966423712 ], [ 19.003982395889221, 69.606067485587573 ], [ 19.003994674977811, 69.606038783663465 ], [ 19.003992095506977, 69.606018983307251 ], [ 19.003998536972073, 69.605989582624247 ], [ 19.004009957265069, 69.605964562672369 ], [ 19.004029348016967, 69.605939577318523 ], [ 19.004067024228696, 69.605916976892843 ], [ 19.004102823509292, 69.605893025450172 ], [ 19.004133795334663, 69.605865072871453 ], [ 19.004157536002452, 69.605842918112756 ], [ 19.004187270607925, 69.60582234112745 ], [ 19.004228803988671, 69.605804333442904 ], [ 19.004278706664493, 69.605791508685599 ], [ 19.004327280133673, 69.605776397361524 ], [ 19.004376038950607, 69.605749659934872 ], [ 19.004410331182189, 69.605732884928827 ], [ 19.004431325932305, 69.605714405657807 ], [ 19.004470967532985, 69.605695764690765 ], [ 19.004520298092395, 69.605681899329852 ], [ 19.004525561253992, 69.605661586136648 ], [ 19.004560082694979, 69.605638967642562 ] ] } },
{ "type": "Feature", "properties": { "id": 158, "group_name": "Group 1", "observation_type": "Track faint trails", "measurement": "", "note": "", "wet_trail_condition": "", "erosion_feature": "", "gps_accuracy": 2.5164669202977099, "created_at": "2026-09-12T13:52:33.997517+00:00", "photo_url": null }, "geometry": { "type": "LineString", "coordinates": [ [ 18.993653431552456, 69.624845436839223 ], [ 18.993639266136093, 69.624824021076634 ], [ 18.993926764702397, 69.624775501600652 ], [ 18.993610572049292, 69.624951373134081 ], [ 18.993600342936222, 69.6250127021314 ], [ 18.993597039608897, 69.625032916453691 ], [ 18.993593590037463, 69.625053543895447 ], [ 18.993626124469436, 69.625070065614651 ], [ 18.993654346351246, 69.625092706999709 ], [ 18.993677891776237, 69.625109305822406 ], [ 18.993704015800208, 69.625131562068788 ], [ 18.993720496990825, 69.625154419723572 ], [ 18.993750475432055, 69.625179287883725 ], [ 18.993776963620483, 69.625201471493483 ], [ 18.993815678093213, 69.625221574428224 ], [ 18.993853212612017, 69.625234754724431 ], [ 18.993885830151932, 69.625257159103114 ], [ 18.993914830822302, 69.625278727136248 ], [ 18.993963924001363, 69.625297622527228 ], [ 18.993982733616345, 69.625319728258063 ], [ 18.993999601042333, 69.62534347748101 ] ] } },
{ "type": "Feature", "properties": { "id": 157, "group_name": "Group 1", "observation_type": "Track faint trails", "measurement": "", "note": "", "wet_trail_condition": "", "erosion_feature": "", "gps_accuracy": 3.0060000419616699, "created_at": "2026-09-12T13:51:04.232621+00:00", "photo_url": null }, "geometry": { "type": "LineString", "coordinates": [ [ 18.9938296, 69.6246862 ], [ 18.9938637, 69.6247002 ], [ 18.9938616, 69.6247203 ], [ 18.9938814, 69.6247441 ], [ 18.9938819, 69.6247747 ], [ 18.9938991, 69.6247965 ], [ 18.9939088, 69.6248203 ], [ 18.9939152, 69.6248394 ], [ 18.9939234, 69.6248622 ], [ 18.9939324, 69.6248804 ], [ 18.9939382, 69.6249009 ], [ 18.993959, 69.624919 ], [ 18.9939082, 69.6249237 ], [ 18.9938556, 69.6249245 ], [ 18.9938038, 69.6249315 ], [ 18.9937499, 69.6249348 ], [ 18.9936917, 69.6249194 ], [ 18.9936411, 69.6249112 ] ] } },
{ "type": "Feature", "properties": { "id": 156, "group_name": "Group 1", "observation_type": "Track faint trails", "measurement": "", "note": "", "wet_trail_condition": "", "erosion_feature": "", "gps_accuracy": 3.0009999275207502, "created_at": "2026-09-12T13:50:36.638036+00:00", "photo_url": null }, "geometry": { "type": "LineString", "coordinates": [ [ 18.9944677, 69.6246585 ], [ 18.9944806, 69.6246813 ], [ 18.994511, 69.6246973 ], [ 18.9945193, 69.6247169 ], [ 18.9945061, 69.6247372 ], [ 18.9945184, 69.6247562 ], [ 18.9944669, 69.624762 ], [ 18.9944535, 69.6247859 ], [ 18.9944803, 69.6248029 ], [ 18.9945163, 69.6248224 ], [ 18.9945284, 69.6248411 ], [ 18.9945271, 69.6248599 ], [ 18.9945329, 69.6248781 ], [ 18.9945185, 69.6248969 ], [ 18.9945058, 69.6249176 ], [ 18.9945013, 69.6249388 ], [ 18.9944997, 69.624961 ], [ 18.9944944, 69.6249805 ], [ 18.9944818, 69.6249992 ], [ 18.99452, 69.6250142 ], [ 18.9945547, 69.6250333 ], [ 18.9945759, 69.6250515 ], [ 18.9945996, 69.6250711 ], [ 18.9946192, 69.6250901 ], [ 18.9946109, 69.6251094 ], [ 18.9946088, 69.6251297 ], [ 18.9946013, 69.6251557 ], [ 18.9945498, 69.625151 ], [ 18.9945108, 69.6251391 ], [ 18.994463, 69.6251474 ], [ 18.994421, 69.6251582 ], [ 18.9943746, 69.625172 ], [ 18.99433, 69.6251826 ], [ 18.9942716, 69.6251859 ], [ 18.994214, 69.6251771 ], [ 18.994183, 69.625192 ], [ 18.994188, 69.6252196 ], [ 18.9941559, 69.6252359 ], [ 18.9940913, 69.6252422 ], [ 18.9940491, 69.6252534 ], [ 18.9940337, 69.6252721 ], [ 18.9940324, 69.6252906 ], [ 18.9940257, 69.6253119 ], [ 18.9940206, 69.6253298 ] ] } },
{ "type": "Feature", "properties": { "id": 155, "group_name": "Group 1", "observation_type": "Track faint trails", "measurement": "", "note": "", "wet_trail_condition": "", "erosion_feature": "", "gps_accuracy": 3.0, "created_at": "2026-09-12T13:49:14.778085+00:00", "photo_url": null }, "geometry": { "type": "LineString", "coordinates": [ [ 18.9945958, 69.624774 ], [ 18.9946119, 69.6247937 ], [ 18.9946364, 69.624817 ], [ 18.9946238, 69.6248429 ], [ 18.9945804, 69.6248586 ], [ 18.9945536, 69.6248761 ], [ 18.9945359, 69.6248976 ], [ 18.9945594, 69.6249183 ], [ 18.9945625, 69.6249367 ], [ 18.9945472, 69.6249555 ] ] } },
{ "type": "Feature", "properties": { "id": 154, "group_name": "Group 1", "observation_type": "Track faint trails", "measurement": "", "note": "", "wet_trail_condition": "", "erosion_feature": "", "gps_accuracy": 3.0, "created_at": "2026-09-12T13:48:46.29401+00:00", "photo_url": null }, "geometry": { "type": "LineString", "coordinates": [ [ 18.9944303, 69.6246462 ], [ 18.9944424, 69.6246249 ], [ 18.9943887, 69.6246348 ], [ 18.9943499, 69.624654 ], [ 18.9943176, 69.6246708 ], [ 18.994285, 69.6246909 ], [ 18.9942556, 69.6247069 ], [ 18.9942443, 69.6247286 ], [ 18.9941977, 69.6247385 ], [ 18.9941465, 69.6247324 ], [ 18.9941013, 69.6247433 ], [ 18.9940939, 69.6247247 ], [ 18.994028, 69.6247303 ], [ 18.9939594, 69.6247318 ], [ 18.993896, 69.6247344 ], [ 18.9938371, 69.624729 ], [ 18.9937662, 69.6247331 ] ] } },
{ "type": "Feature", "properties": { "id": 153, "group_name": "Group 1", "observation_type": "Track >1 m wide sections", "measurement": "", "note": "", "wet_trail_condition": "", "erosion_feature": "", "gps_accuracy": 3.15299125588442, "created_at": "2026-09-12T13:48:06.797056+00:00", "photo_url": null }, "geometry": { "type": "LineString", "coordinates": [ [ 19.003043656692398, 69.607987119660322 ], [ 19.003027859101095, 69.607968144366581 ], [ 19.003002925830799, 69.607943835614051 ], [ 19.002941723500655, 69.607859401168483 ], [ 19.002949886605997, 69.607839495719389 ], [ 19.00296969597623, 69.607814821812866 ], [ 19.003011253689301, 69.607797216788612 ], [ 19.003030431358336, 69.607775819909804 ], [ 19.003046291463136, 69.607750903214438 ], [ 19.003045362256312, 69.607718444272052 ], [ 19.003075976522275, 69.607695079713622 ], [ 19.003126270986048, 69.607672401265987 ], [ 19.003163375846807, 69.607649313441826 ], [ 19.003180378164505, 69.607624668515584 ], [ 19.003225034010089, 69.6076076803608 ], [ 19.003229308885672, 69.607589370951246 ], [ 19.00324864363575, 69.607564930785784 ], [ 19.003271965575482, 69.607539582544916 ], [ 19.003282090424268, 69.607517470019019 ], [ 19.003316217138366, 69.607495514929923 ], [ 19.003340373767202, 69.607476057788602 ], [ 19.003376491794647, 69.607460790892716 ], [ 19.003415058262302, 69.60744403097938 ], [ 19.00345672438938, 69.607426367269028 ], [ 19.003476280264636, 69.607406597694663 ], [ 19.00347982051855, 69.607384797591223 ] ] } },
{ "type": "Feature", "properties": { "id": 152, "group_name": "Group 1", "observation_type": "Track faint trails", "measurement": "", "note": "", "wet_trail_condition": "", "erosion_feature": "", "gps_accuracy": 3.0150001049041699, "created_at": "2026-09-12T13:46:51.870592+00:00", "photo_url": null }, "geometry": { "type": "LineString", "coordinates": [ [ 18.9956489, 69.6242582 ], [ 18.9956067, 69.6242747 ], [ 18.9955631, 69.6242861 ], [ 18.9955259, 69.6243006 ], [ 18.9954991, 69.6243192 ], [ 18.9954797, 69.6243373 ], [ 18.9954191, 69.6243509 ], [ 18.9953595, 69.6243576 ], [ 18.9953073, 69.6243548 ], [ 18.9952538, 69.6243568 ], [ 18.9951942, 69.6243587 ], [ 18.9951384, 69.6243631 ], [ 18.9950844, 69.6243689 ], [ 18.9950344, 69.6243763 ], [ 18.9949976, 69.6243941 ], [ 18.9949682, 69.6244094 ], [ 18.9949161, 69.6244255 ], [ 18.9948764, 69.6244419 ], [ 18.9948309, 69.6244505 ], [ 18.9947757, 69.624457 ], [ 18.9947261, 69.6244686 ], [ 18.9946836, 69.6244845 ], [ 18.9946468, 69.6245059 ] ] } },
{ "type": "Feature", "properties": { "id": 151, "group_name": "Group 1", "observation_type": "Track >1 m wide sections", "measurement": "", "note": "", "wet_trail_condition": "", "erosion_feature": "", "gps_accuracy": 2.8563997348932002, "created_at": "2026-09-12T13:45:48.038324+00:00", "photo_url": null }, "geometry": { "type": "LineString", "coordinates": [ [ 19.002683591115289, 69.611376598542194 ], [ 19.002754695084789, 69.61134794496553 ], [ 19.00280283889435, 69.611327647793487 ], [ 19.00284750038648, 69.611307697310934 ], [ 19.00288787124672, 69.611283350640974 ], [ 19.002895581379342, 69.611256128183072 ], [ 19.00291131510944, 69.611227728076528 ], [ 19.002911357154666, 69.611199469318635 ], [ 19.002910243418121, 69.611169205331052 ], [ 19.002903628959945, 69.611140277963557 ], [ 19.002912970755947, 69.611106548713636 ], [ 19.002890087968957, 69.611087898751492 ], [ 19.002891088519419, 69.611060562084234 ], [ 19.002873909416348, 69.611034322631667 ], [ 19.002863507021516, 69.611004449974956 ], [ 19.002846549584895, 69.610976157974633 ], [ 19.002845662531076, 69.610946531108723 ], [ 19.002836385787155, 69.610918269998947 ], [ 19.002819681821283, 69.610891127913902 ], [ 19.002816650972811, 69.610864894545116 ], [ 19.002822004200976, 69.610836880587925 ], [ 19.00285614863688, 69.610811911890551 ], [ 19.002860849587197, 69.610790839360774 ], [ 19.002841988322587, 69.610766264656931 ], [ 19.0028359138512, 69.610738575679235 ], [ 19.002818140145799, 69.610712191662131 ], [ 19.002790330859572, 69.61068856770973 ], [ 19.002797837653972, 69.610665679213071 ], [ 19.002843647780097, 69.610674339626442 ], [ 19.002807056549006, 69.610653827031712 ], [ 19.002801608311945, 69.61063299800233 ], [ 19.002833291905933, 69.61061367771552 ], [ 19.002887103724294, 69.610599344661097 ], [ 19.002932523521167, 69.610578574431557 ], [ 19.00295261970507, 69.610548696283786 ], [ 19.002966765514824, 69.610519545211389 ], [ 19.002966237246689, 69.61049023369219 ], [ 19.002975381217212, 69.61045914941738 ], [ 19.002983759963652, 69.610427097204521 ], [ 19.00298596597986, 69.610401657289415 ], [ 19.002998077905769, 69.610373384608806 ], [ 19.003011252569198, 69.610350651542589 ], [ 19.003033669383033, 69.610326251844398 ], [ 19.003077060884255, 69.610309042152068 ], [ 19.00309507567145, 69.610286316258779 ], [ 19.003116887758303, 69.610255922707552 ], [ 19.00313026277006, 69.61022904453128 ], [ 19.003163231789401, 69.610203059668635 ], [ 19.003175788837805, 69.610178521666199 ], [ 19.003201652317696, 69.610154426906703 ], [ 19.003194412192357, 69.610129787163757 ], [ 19.003160481489093, 69.610105649424071 ], [ 19.003141507620715, 69.6100794317545 ], [ 19.003117109327874, 69.610061519923278 ], [ 19.00315296740067, 69.610038190478377 ], [ 19.003187329561911, 69.61001531377137 ], [ 19.003232653261978, 69.609994250567283 ], [ 19.003303628519522, 69.609929924484717 ], [ 19.003346348199063, 69.609919237037758 ], [ 19.003247630296016, 69.609871084917671 ], [ 19.003317173481207, 69.609784615462715 ], [ 19.003291841071562, 69.609823917595108 ], [ 19.00334543996723, 69.609819711183079 ], [ 19.003392261574433, 69.609809273604895 ], [ 19.003440800500755, 69.609791809889231 ], [ 19.003476924716697, 69.609773404368454 ], [ 19.003474950317688, 69.609753205076615 ], [ 19.003531493061701, 69.60972757956236 ], [ 19.003606797831814, 69.609704693195283 ], [ 19.003637097614391, 69.609681036236111 ], [ 19.003639506596887, 69.609654648550745 ], [ 19.003627140889169, 69.609634122486767 ], [ 19.003628178303771, 69.609607206083979 ], [ 19.003623158523698, 69.609572144922765 ], [ 19.003581996153606, 69.609548198354418 ], [ 19.003499690963825, 69.609540626378731 ], [ 19.00345659898959, 69.609523841801874 ], [ 19.003450903528385, 69.609499349776783 ], [ 19.003466565339167, 69.609480116663448 ], [ 19.003476154084115, 69.60945463791424 ], [ 19.00348485762666, 69.609433824444963 ], [ 19.003467427665594, 69.609412865588354 ], [ 19.003503713398164, 69.609391890271127 ], [ 19.003492288951364, 69.609368357185545 ], [ 19.003469236675912, 69.609346644731062 ], [ 19.003433761610289, 69.609325327288971 ], [ 19.003399155530946, 69.609300243228219 ], [ 19.003386136602504, 69.609280744062971 ], [ 19.003369890142942, 69.609256014507608 ], [ 19.003385310051144, 69.609229583326751 ], [ 19.003437819209484, 69.609212470611183 ], [ 19.00350235980212, 69.609205532069268 ], [ 19.003557903064365, 69.609196790396666 ], [ 19.003622934574135, 69.609184865138658 ], [ 19.003637149335841, 69.609163032674331 ], [ 19.003605013032907, 69.609147017168439 ], [ 19.003607491925578, 69.609126941603677 ], [ 19.003627298261705, 69.609105984451077 ], [ 19.003623904636111, 69.609085613890741 ], [ 19.003570854339543, 69.60906369354079 ], [ 19.003516707985206, 69.609047495306868 ], [ 19.003487824701899, 69.609030503700851 ], [ 19.00343251972728, 69.609015460991884 ], [ 19.003389338062032, 69.60900295686055 ], [ 19.003376788894851, 69.608982471243166 ], [ 19.003350593002619, 69.608965229782399 ], [ 19.003289387424076, 69.608944551319325 ], [ 19.003288878161552, 69.608922977123356 ], [ 19.003277755054199, 69.608902832142945 ], [ 19.003239659583631, 69.608882283597197 ], [ 19.003235309508295, 69.608862001767122 ], [ 19.003263866303307, 69.60884189957163 ], [ 19.003290082564547, 69.608824546008293 ], [ 19.003278885886896, 69.608802372081669 ], [ 19.003320953984126, 69.608790568830784 ], [ 19.003351301376874, 69.608772265591483 ], [ 19.003328557078426, 69.608750218149879 ], [ 19.003341037804017, 69.608729966138597 ], [ 19.003306556584292, 69.608706455915353 ], [ 19.003262887793447, 69.608694430122952 ], [ 19.003272606388069, 69.608675088915149 ], [ 19.003318313282488, 69.608654586203059 ], [ 19.003307187359347, 69.608636024058811 ], [ 19.00326116443269, 69.608616358776544 ], [ 19.003235493557849, 69.608592040689217 ], [ 19.003209310556265, 69.608571980929753 ], [ 19.003216803370965, 69.60854712120765 ], [ 19.003210088228556, 69.60852798792105 ], [ 19.003228499342647, 69.608506810710651 ], [ 19.0032658153387, 69.60848719520952 ], [ 19.003269283884791, 69.608468921015302 ], [ 19.003274999940512, 69.608445652654424 ], [ 19.003231738056066, 69.608423570037885 ], [ 19.003186346372829, 69.608412080610336 ], [ 19.003131656391879, 69.608402294128425 ], [ 19.003102211627869, 69.608386786241823 ], [ 19.003117831615771, 69.608365691412985 ], [ 19.003172280116871, 69.608353818429634 ], [ 19.003216531009357, 69.608343500744795 ], [ 19.003257645375147, 69.608315674440959 ], [ 19.003269164619155, 69.608287651240289 ], [ 19.003275840437237, 69.608268308473043 ], [ 19.003295057221564, 69.608246347701908 ], [ 19.003301691799635, 69.608226536600597 ], [ 19.003297704735409, 69.608204141989376 ], [ 19.003268676767938, 69.608178641145955 ], [ 19.003264442859095, 69.608151122618736 ], [ 19.003249606005618, 69.608133508262512 ], [ 19.003233446276134, 69.608106259338214 ], [ 19.003208732966794, 69.608087738996446 ], [ 19.003176680788894, 69.608071086733815 ], [ 19.003157626264699, 69.608052045372318 ], [ 19.00312046403501, 69.608036817611136 ] ] } },
{ "type": "Feature", "properties": { "id": 150, "group_name": "Group 1", "observation_type": "Track >1 m wide sections", "measurement": "", "note": "", "wet_trail_condition": "", "erosion_feature": "", "gps_accuracy": 3.53553390593274, "created_at": "2026-09-12T13:37:17.447187+00:00", "photo_url": null }, "geometry": { "type": "LineString", "coordinates": [ [ 19.001608348104448, 69.612276622299348 ], [ 19.001615401699024, 69.612257859351644 ], [ 19.001622755314923, 69.612236932780817 ], [ 19.001656080131195, 69.612206822841316 ], [ 19.001673334277697, 69.612188051852712 ], [ 19.001705543786009, 69.612157593186325 ], [ 19.00172059428904, 69.612131912889424 ], [ 19.001753787135911, 69.612114976903399 ], [ 19.001800726209499, 69.612106503682611 ], [ 19.001792788534637, 69.61208341154493 ], [ 19.001815182056482, 69.612056630770638 ], [ 19.00186897514568, 69.612030976356195 ], [ 19.001890295750879, 69.612005279448653 ], [ 19.001892897020078, 69.611983992638045 ], [ 19.00191217358061, 69.611958757885219 ], [ 19.001929093462916, 69.611936570135086 ], [ 19.001943199589004, 69.611916321626524 ], [ 19.001948026968396, 69.611892944654016 ], [ 19.001943369463955, 69.611871993776404 ], [ 19.001904435266937, 69.611847129392217 ], [ 19.001888992383147, 69.611821011999211 ], [ 19.001917970918537, 69.611798413876087 ], [ 19.001953860031634, 69.611774061345486 ], [ 19.001972682977755, 69.611750125316362 ], [ 19.00198145312919, 69.611728740885681 ], [ 19.002004107757408, 69.611701219777018 ], [ 19.001987403164858, 69.611674634383832 ], [ 19.001996475436535, 69.611644512225865 ], [ 19.002009582443556, 69.611621991678604 ], [ 19.002004461103173, 69.611591722590376 ], [ 19.002029237182153, 69.611563100762822 ], [ 19.002062815290635, 69.611541360489184 ], [ 19.002114371068554, 69.611522184675252 ], [ 19.002171032479463, 69.611503944714741 ], [ 19.002233222249927, 69.61150110229967 ], [ 19.002813787476697, 69.61159210570915 ], [ 19.002907768812069, 69.611591386838697 ], [ 19.002512013557368, 69.611396757019321 ], [ 19.002566160651856, 69.61138301069812 ] ] } },
{ "type": "Feature", "properties": { "id": 149, "group_name": "Group 1", "observation_type": "Track >1 m wide sections", "measurement": "", "note": "", "wet_trail_condition": "", "erosion_feature": "", "gps_accuracy": 3.2547355708524202, "created_at": "2026-09-12T13:35:14.905747+00:00", "photo_url": null }, "geometry": { "type": "LineString", "coordinates": [ [ 18.997572986694202, 69.623512670387782 ], [ 18.997611934145585, 69.623499685761061 ], [ 18.99765215504382, 69.623471971128581 ], [ 18.997691401118157, 69.623452739382088 ], [ 18.997727051251932, 69.623429758505367 ], [ 18.997754728522644, 69.62339973601226 ], [ 18.997758228344477, 69.623378052480959 ], [ 18.997769352411641, 69.623349875894931 ], [ 18.997809859911666, 69.623325513065296 ], [ 18.997867277723714, 69.623306713881647 ], [ 18.997876538513072, 69.623279004790788 ], [ 18.997883615337575, 69.623256682168616 ], [ 18.997901329479248, 69.623231289868031 ], [ 18.997916448957767, 69.623210545146478 ], [ 18.997928959838131, 69.623186696227037 ], [ 18.997928227395537, 69.623163651743823 ], [ 18.997949116745339, 69.623132825974892 ], [ 18.99796024858038, 69.623104517567896 ], [ 18.997976713627509, 69.623075901581331 ], [ 18.997992297574058, 69.623055687967124 ], [ 18.998011356277498, 69.623033972636122 ], [ 18.998027921248518, 69.6230059873334 ], [ 18.998056389378156, 69.622983309880567 ], [ 18.998091426480325, 69.622960030704505 ], [ 18.998121657994911, 69.622934687608335 ], [ 18.998136221679069, 69.622909802320891 ], [ 18.99816017229033, 69.622883416742084 ], [ 18.998184953733738, 69.622858215274292 ], [ 18.998190769145772, 69.62283450167962 ], [ 18.99821022415669, 69.622812739282409 ], [ 18.998227451004407, 69.622790038948779 ], [ 18.998250710494275, 69.622766035906849 ], [ 18.998285031118318, 69.622741376619089 ], [ 18.998300975574384, 69.622718220793672 ], [ 18.998316196075987, 69.622692982159279 ], [ 18.998317625391294, 69.622668866132969 ], [ 18.998336149397304, 69.622650384036476 ], [ 18.998350985365917, 69.622621550289566 ], [ 18.998362552392294, 69.622592842271203 ], [ 18.998376333123602, 69.622567622447107 ], [ 18.998380337440484, 69.622538588577399 ], [ 18.998384271876244, 69.622508447458785 ], [ 18.998383552618659, 69.622486783297191 ], [ 18.998406104056532, 69.622463530025328 ], [ 18.998439415666606, 69.622443733373046 ], [ 18.998467189490334, 69.622423955304953 ], [ 18.99849239917306, 69.622408018204212 ], [ 18.998524629912389, 69.622388012293598 ], [ 18.998566010558452, 69.622365993528035 ], [ 18.998599739785732, 69.622343217714587 ], [ 18.998605906677831, 69.622312752596827 ], [ 18.998626239762789, 69.622290093486441 ], [ 18.998617066923302, 69.622270466281549 ], [ 18.998623075044843, 69.622242380830585 ], [ 18.998618257430522, 69.622222866890183 ], [ 18.998620589107617, 69.622201396500557 ], [ 18.998629475152143, 69.622173614742934 ], [ 18.998660423115197, 69.622142157733379 ], [ 18.998682522831512, 69.622125504236635 ], [ 18.998701292096168, 69.62210304364757 ], [ 18.998721425536846, 69.622073952122705 ], [ 18.998747415039613, 69.622051788040665 ], [ 18.998743318889815, 69.622025591306766 ], [ 18.998744456005618, 69.621999397260581 ], [ 18.998744704772317, 69.621977381553776 ], [ 18.998773440520772, 69.621949957832513 ], [ 18.998787790665386, 69.621924609629346 ], [ 18.998769588296739, 69.621900649658471 ], [ 18.998753616167793, 69.621874059501266 ], [ 18.998758101236607, 69.621852283610664 ], [ 18.9987613194522, 69.621823011006455 ], [ 18.998758676813413, 69.621798935226906 ], [ 18.998756062038339, 69.621775967467514 ], [ 18.998753795249499, 69.621749495936839 ], [ 18.998747207630803, 69.621728240479669 ], [ 18.99875482896039, 69.62170200427127 ], [ 18.998743800384418, 69.621681725832048 ], [ 18.998759550266897, 69.621655806525482 ], [ 18.998766017998452, 69.621632247148497 ], [ 18.998795070093948, 69.621605157806002 ], [ 18.998804930805736, 69.621583338013437 ], [ 18.998796718230608, 69.621560583502259 ], [ 18.998808954654912, 69.621534445111294 ], [ 18.998828537064195, 69.621510480472082 ], [ 18.998826973254214, 69.621485828181449 ], [ 18.998820519056743, 69.621461300686477 ], [ 18.998836712256431, 69.621434733347684 ], [ 18.998846136746693, 69.621412890258512 ], [ 18.998855486522917, 69.621389623587461 ], [ 18.998878265456881, 69.621361270535957 ], [ 18.998877266770375, 69.621339630117973 ], [ 18.998883631225521, 69.621312307013014 ], [ 18.998917214317085, 69.6212961438506 ], [ 18.998940860796697, 69.621278926341986 ], [ 18.998975973767148, 69.621259266073835 ], [ 18.999007086316574, 69.621238263103137 ], [ 18.999021095715225, 69.621211700838884 ], [ 18.999013034300933, 69.621188260077815 ], [ 18.999002590966771, 69.621167992384642 ], [ 18.998993055605329, 69.621146262308258 ], [ 18.998978843799001, 69.621110082079056 ], [ 18.998964165624319, 69.621076387121718 ], [ 18.998960471604818, 69.621051371625185 ], [ 18.998947592952959, 69.621023556773523 ], [ 18.998947457835932, 69.62099446792061 ], [ 18.998949691088875, 69.620976055480796 ], [ 18.99894554562157, 69.620944611392218 ], [ 18.998942037654459, 69.620917651822808 ], [ 18.998952373928841, 69.620887521222585 ], [ 18.998951752746681, 69.620859116102366 ], [ 18.998952638140118, 69.620830980419314 ], [ 18.998957684620216, 69.620801538049051 ], [ 18.998960090494453, 69.620772683267759 ], [ 18.998966879844996, 69.620744159874732 ], [ 18.998953412840645, 69.620715924787149 ], [ 18.998964219580721, 69.620686333128475 ], [ 18.998970312406517, 69.620656823074512 ], [ 18.998983931126602, 69.620627644028303 ], [ 18.999010551952829, 69.620598997627326 ], [ 18.99901699896925, 69.620571876940204 ], [ 18.999025967425069, 69.620541687592208 ], [ 18.999052510178846, 69.620515445598741 ], [ 18.99907354364441, 69.620487757814871 ], [ 18.999095925880308, 69.620462609032046 ], [ 18.999123771190636, 69.620441601910613 ], [ 18.999142877450655, 69.62041686460492 ], [ 18.999144920491432, 69.620392207814135 ], [ 18.999159195754444, 69.620370425572887 ], [ 18.999139233313908, 69.620350224771528 ], [ 18.999093094540168, 69.620326558219901 ], [ 18.99904795933465, 69.62030821583285 ], [ 18.99899221203712, 69.620289978644223 ], [ 18.998945397345626, 69.620266090768766 ], [ 18.99889195257575, 69.620251190019772 ], [ 18.99884759583426, 69.620233136849393 ], [ 18.998809404432087, 69.620213517756639 ], [ 18.998767829964589, 69.620193418802529 ], [ 18.998693842881675, 69.620179679221408 ], [ 18.998641614688328, 69.620155284333848 ], [ 18.998613294020977, 69.620125248346511 ], [ 18.998588504063406, 69.620099538481995 ], [ 18.998542518707353, 69.620077829142588 ], [ 18.998519917854669, 69.620054744450499 ], [ 18.998517387964107, 69.620030809964973 ], [ 18.998501022149707, 69.620004244372794 ], [ 18.998493667536625, 69.619972028486004 ], [ 18.998470573803115, 69.619946936732134 ], [ 18.998448703257033, 69.619920618685541 ], [ 18.998443292444687, 69.61989210613811 ], [ 18.998435304496791, 69.619866327726854 ], [ 18.998432908867983, 69.619838521226953 ], [ 18.998427812492157, 69.61980826096368 ], [ 18.998423275517585, 69.619783086699897 ], [ 18.998424337091112, 69.619754957948004 ], [ 18.998417129333763, 69.619726102855338 ], [ 18.998396686103469, 69.6197001569804 ], [ 18.998391841664933, 69.619670287075365 ], [ 18.998381548456447, 69.619638869305305 ], [ 18.998377904179776, 69.619614652172629 ], [ 18.998361450051998, 69.619593108510117 ], [ 18.998322708400504, 69.619568473458088 ], [ 18.998308165584461, 69.619539285975634 ], [ 18.998305290832203, 69.619510769551823 ], [ 18.998268977030534, 69.619486430935865 ], [ 18.998241196986864, 69.619457395549503 ], [ 18.998229543699868, 69.619430326253465 ], [ 18.998206325206827, 69.619404019875361 ], [ 18.998182109477529, 69.619381108622818 ], [ 18.998156117704358, 69.619357874753092 ], [ 18.998149119453895, 69.619340039912416 ], [ 18.998145211992984, 69.619313694833039 ], [ 18.998134146362951, 69.619287513604107 ], [ 18.998120952717596, 69.619262031986935 ], [ 18.998092236486549, 69.619234505407874 ], [ 18.998067189348934, 69.619209955777094 ], [ 18.998048411561516, 69.619184434404517 ], [ 18.998042727712008, 69.619155403967227 ], [ 18.998034130387577, 69.619128203047936 ], [ 18.998046550324908, 69.619109762352906 ], [ 18.998042510346906, 69.619082946609396 ], [ 18.998048121807127, 69.619056615036158 ], [ 18.998056050541276, 69.619027653137039 ], [ 18.998053815155117, 69.619002234726764 ], [ 18.998059104959236, 69.61897408381968 ], [ 18.99806258631407, 69.618949368977866 ], [ 18.998075647551364, 69.618930695960344 ], [ 18.998070446544084, 69.618907368041192 ], [ 18.998063604203498, 69.61887984747186 ], [ 18.998055621377112, 69.618852524596505 ], [ 18.998075470484576, 69.618822102140754 ], [ 18.998095689003215, 69.618790575995121 ], [ 18.998100831056906, 69.618761107443959 ], [ 18.998104815021758, 69.618730691391306 ], [ 18.998089622011506, 69.618700684356284 ], [ 18.998105246618159, 69.618667018486775 ], [ 18.998119985113945, 69.618635673828649 ], [ 18.998132496374907, 69.618605008217784 ], [ 18.998153090235679, 69.618579361253794 ], [ 18.998157965559937, 69.618552314716752 ], [ 18.998157531026976, 69.618523972528536 ], [ 18.998182210968533, 69.618499146843249 ], [ 18.998183586513914, 69.618474291311543 ], [ 18.998178814136224, 69.618451674027369 ], [ 18.998197560311848, 69.618427746123629 ], [ 18.998227967979048, 69.618400981040011 ], [ 18.998262222797734, 69.618377416988722 ], [ 18.998255570369331, 69.618352436988104 ], [ 18.998271068026288, 69.618324703512044 ], [ 18.998291494489884, 69.618293389865684 ], [ 18.998296643620371, 69.618263382852945 ], [ 18.998295487539185, 69.618236069133872 ], [ 18.998307858797666, 69.618210522042062 ], [ 18.998317339422361, 69.618190307583674 ], [ 18.998298302058704, 69.618167023165256 ], [ 18.998321567154065, 69.618141943101307 ], [ 18.998373267540121, 69.618131269814512 ], [ 18.998437043947476, 69.61812836619265 ], [ 18.998491254440072, 69.618126257952241 ], [ 18.998524481651145, 69.61810993965095 ], [ 18.998533682474605, 69.618087105407824 ], [ 18.99851686496401, 69.61805840181151 ], [ 18.9984918319028, 69.618035424335417 ], [ 18.998477477630182, 69.618007407720768 ], [ 18.99843365760745, 69.617985097087356 ], [ 18.998429361839673, 69.617964761221359 ], [ 18.998464212100128, 69.617940865979264 ], [ 18.998496355593112, 69.617917852264355 ], [ 18.998517036107614, 69.617892148130167 ], [ 18.998528263657498, 69.617866517166235 ], [ 18.998538766531716, 69.617842774633303 ], [ 18.99855108221055, 69.617813309358198 ], [ 18.998549677837197, 69.617784971230762 ], [ 18.998564545931011, 69.617757645732823 ], [ 18.998589714781552, 69.617729237222207 ], [ 18.998603757142817, 69.617704131456151 ], [ 18.998614165669384, 69.617724770489104 ], [ 18.998592263964827, 69.617704503147166 ], [ 18.998604579571687, 69.617678450198511 ], [ 18.998630369235215, 69.617653637774083 ], [ 18.998662134562291, 69.617628576029617 ], [ 18.998685373686406, 69.617606140612949 ], [ 18.998699950677224, 69.617580764322426 ], [ 18.998712205385932, 69.617557312113789 ], [ 18.998718833822718, 69.617531368527366 ], [ 18.998742111556236, 69.617508237409993 ], [ 18.998755836601134, 69.617485242256777 ], [ 18.99876040987818, 69.617459830992303 ], [ 18.998759159774885, 69.617436205761265 ], [ 18.998779960721162, 69.617409207677028 ], [ 18.998779940217897, 69.617386308614442 ], [ 18.998803527739096, 69.6173564427001 ], [ 18.99882152561883, 69.617332050217115 ], [ 18.99882572209853, 69.617306058298482 ], [ 18.99883773597594, 69.617285950602636 ], [ 18.998847288987161, 69.61726378685043 ], [ 18.998857735168507, 69.617243675618255 ], [ 18.998850742171136, 69.617218809539395 ], [ 18.998851457626614, 69.617198579539391 ], [ 18.998845097370165, 69.617172505935756 ], [ 18.998843004009547, 69.617148871911652 ], [ 18.998850212921159, 69.617121284949192 ], [ 18.998858419287728, 69.617101537374339 ], [ 18.998880902925244, 69.617078150242307 ], [ 18.998871929434273, 69.617051643129045 ], [ 18.998903025643941, 69.617025721362353 ], [ 18.998921817875388, 69.616997472543872 ], [ 18.998940320160507, 69.616971131791345 ], [ 18.998967159424062, 69.616946972658823 ], [ 18.998985643564417, 69.616924296605134 ], [ 18.998985344735512, 69.616899403996172 ], [ 18.998980424929165, 69.616870712220532 ], [ 18.998969505061048, 69.616844623442418 ], [ 18.998981546305281, 69.616814063539891 ], [ 18.998981932597566, 69.616784775526156 ], [ 18.998993659604007, 69.616747772497206 ], [ 18.998979327566971, 69.616727878155558 ], [ 18.999001343135692, 69.616696999129232 ], [ 18.999035817798966, 69.61667194494585 ], [ 18.999068661614412, 69.616655651590079 ], [ 18.999092269443043, 69.616626341680643 ], [ 18.999118488845028, 69.616596777689679 ], [ 18.999151431279603, 69.61656905959471 ], [ 18.999160328284837, 69.61654149529474 ], [ 18.999183974507297, 69.616509495095258 ], [ 18.999182805436661, 69.616467012157301 ], [ 18.999181715789248, 69.61644203408585 ], [ 18.999186409655024, 69.616421205056469 ], [ 18.999211052450349, 69.616393880052129 ], [ 18.999252794328143, 69.61636362138168 ], [ 18.999274000543167, 69.61633600301073 ], [ 18.999295095510721, 69.6163034763008 ], [ 18.999321649370572, 69.616286032088794 ], [ 18.999340004402296, 69.616262705525259 ], [ 18.999360355802242, 69.616237267009126 ], [ 18.999384146125852, 69.616218681552255 ], [ 18.999385343542674, 69.616188437227066 ], [ 18.999394571102197, 69.616157951607391 ], [ 18.999410114256374, 69.616127753756018 ], [ 18.999424749366817, 69.616108704278872 ], [ 18.999449267093649, 69.616085849103001 ], [ 18.999466896363508, 69.616064488988087 ], [ 18.999489075535649, 69.616038324433291 ], [ 18.999512286722592, 69.616014752797199 ], [ 18.999508285769313, 69.615987472233329 ], [ 18.999515479182588, 69.61596046236734 ], [ 18.999557480203727, 69.615933023196234 ], [ 18.999557122397427, 69.615901653467887 ], [ 18.999568923596165, 69.615872515948524 ], [ 18.999596011014582, 69.61584782923309 ], [ 18.999623992822748, 69.615819447648093 ], [ 18.999635394247402, 69.615792425465557 ], [ 18.9996551272381, 69.615766229417218 ], [ 18.999685840361728, 69.615741916768727 ], [ 18.999685520674554, 69.615717063513088 ], [ 18.999671316424976, 69.6156894244657 ], [ 18.999678347405261, 69.615661814058697 ], [ 18.999682492603796, 69.615641320389472 ], [ 18.999697014639278, 69.615618191522685 ], [ 18.999707393046638, 69.615593453061507 ], [ 18.999718700104403, 69.615566016149259 ], [ 18.999740400136218, 69.615542231458292 ], [ 18.999776439924872, 69.61551562986341 ], [ 18.999800841292583, 69.615487409533571 ], [ 18.999820544795217, 69.61546113406456 ], [ 18.999835879675885, 69.615433354150241 ], [ 18.999857958572651, 69.615406621748363 ], [ 18.999889490365771, 69.615381457941524 ], [ 18.999916255582185, 69.615356202989688 ], [ 18.999949574573773, 69.615330133253806 ], [ 18.99998481160695, 69.615302215538122 ], [ 18.999993930518574, 69.615278365543318 ], [ 19.000013303836663, 69.615260013965809 ], [ 19.00003711817482, 69.615237118245147 ], [ 19.000064881864088, 69.615214927921983 ], [ 19.000081983381357, 69.615194055939455 ], [ 19.000088458197958, 69.615173874117517 ], [ 19.000107518853916, 69.615151621722049 ], [ 19.000113704141107, 69.615123812558195 ], [ 19.000136562733658, 69.6150995827103 ], [ 19.00015780831567, 69.615077838973093 ], [ 19.000183315045913, 69.61505665186175 ], [ 19.00022064923591, 69.615030279597633 ], [ 19.000241005504957, 69.615012341156714 ], [ 19.000247688596332, 69.614992495875597 ], [ 19.000238179322434, 69.614971632516259 ], [ 19.000259010328271, 69.614952380183752 ], [ 19.000285816957909, 69.614932016016809 ], [ 19.000316748511917, 69.614906511289917 ], [ 19.00032433887479, 69.614886473646195 ], [ 19.000335004532037, 69.614856115476314 ], [ 19.00035857224595, 69.614840057252863 ], [ 19.000382402914202, 69.61482213217819 ], [ 19.000401189451484, 69.614799975322271 ], [ 19.000408056984984, 69.614776203358929 ], [ 19.000415703393418, 69.614755432291986 ], [ 19.000429997466096, 69.614730679116633 ], [ 19.000450641222702, 69.614713667297096 ], [ 19.000460594314479, 69.614691737142962 ], [ 19.00048209404552, 69.614663826031986 ], [ 19.000485843999854, 69.614643492063891 ], [ 19.000474973412615, 69.614615332599698 ], [ 19.000492590305701, 69.614592466250699 ], [ 19.000512078113733, 69.61457268075921 ], [ 19.000507926495029, 69.614545996334456 ], [ 19.000509140046354, 69.614521942716195 ], [ 19.000533872930589, 69.614498603321408 ], [ 19.000530102497557, 69.614477177235273 ], [ 19.00053494706702, 69.614452835227254 ], [ 19.000537524242564, 69.614429013263631 ], [ 19.000537689114427, 69.614405082754843 ], [ 19.000549081337411, 69.614381838283407 ], [ 19.000553043161027, 69.614354911968348 ], [ 19.000561907147073, 69.614330760508153 ], [ 19.000560654367366, 69.614305749355367 ], [ 19.000553983920419, 69.614280442112417 ], [ 19.000566418452195, 69.614255763028581 ], [ 19.000575354303852, 69.614233465603277 ], [ 19.000554769841727, 69.614209884373992 ], [ 19.000563638404572, 69.614187561708732 ], [ 19.000561287041222, 69.614163302089352 ], [ 19.000453792778149, 69.614005881612215 ], [ 19.000462329669229, 69.61398326967948 ], [ 19.000521730649286, 69.613986639370779 ], [ 19.000582667085343, 69.613989908313016 ], [ 19.000634970161133, 69.613984962990145 ], [ 19.000684926304036, 69.613967025717358 ], [ 19.000700959337646, 69.613947618638051 ], [ 19.000711412718683, 69.613929450726289 ], [ 19.00071920636324, 69.613911669957176 ], [ 19.000730543448029, 69.613886218876175 ], [ 19.000734326571216, 69.613863695461433 ], [ 19.000731068181626, 69.613842780895894 ], [ 19.000755112551598, 69.613822065021594 ], [ 19.00077919285776, 69.613805135637762 ], [ 19.000776501236299, 69.613777501188949 ], [ 19.000822333680372, 69.613762330688388 ], [ 19.000835808838378, 69.613744532537098 ], [ 19.000840900022226, 69.613718114521006 ], [ 19.000854948229492, 69.613698536502781 ], [ 19.000855970105331, 69.613670805020405 ], [ 19.000877981895666, 69.613645988667471 ], [ 19.000897954247147, 69.613627142622988 ], [ 19.000905874194917, 69.613608517525535 ], [ 19.000902064026999, 69.613585113715573 ], [ 19.000914198539672, 69.613557790462977 ], [ 19.000971326405178, 69.613536337294477 ], [ 19.000942724715955, 69.613511039735883 ], [ 19.000955819949827, 69.613492500262609 ], [ 19.000981535954924, 69.613473141407496 ], [ 19.000992688668497, 69.613438383063169 ], [ 19.00099850622059, 69.613420392487043 ], [ 19.001020195260434, 69.61339622830549 ], [ 19.001038364550283, 69.613378268728795 ], [ 19.00104781643639, 69.613354112441414 ], [ 19.001079273713039, 69.613328632464317 ], [ 19.00109936183155, 69.613308845447534 ], [ 19.001107014850891, 69.61328479161179 ], [ 19.001126433001872, 69.613266409237326 ], [ 19.001130568293178, 69.613243049011032 ], [ 19.001126852419166, 69.613213303668786 ], [ 19.001141202170395, 69.61318180284907 ], [ 19.001155252543807, 69.613159672715426 ], [ 19.001166763948714, 69.613137312937866 ], [ 19.001179034417468, 69.613119591299309 ], [ 19.001183475822319, 69.613098743595657 ], [ 19.001204763697121, 69.613069599498559 ], [ 19.001221137493712, 69.613044047593561 ], [ 19.001222044426335, 69.613021424864087 ], [ 19.001238621791593, 69.613003447949382 ], [ 19.00129402323974, 69.61297607595445 ], [ 19.001305681991902, 69.612957664040877 ], [ 19.001313261437737, 69.612936030364352 ], [ 19.001333780840625, 69.612911476513858 ], [ 19.001344653433716, 69.612890376715882 ], [ 19.001376004088353, 69.612859651979562 ], [ 19.001375778331159, 69.612834036042159 ], [ 19.001377838464339, 69.612805382773445 ], [ 19.001379217067225, 69.6127776481909 ], [ 19.001361478829256, 69.612750958673146 ], [ 19.001368478260048, 69.612731914892436 ], [ 19.00136460345615, 69.612710971773978 ], [ 19.001371054589601, 69.612688991724511 ], [ 19.001371858936292, 69.612666491612941 ], [ 19.001374657300541, 69.612646125713894 ], [ 19.001375333488525, 69.612622703631672 ], [ 19.001385951339781, 69.612604030329237 ], [ 19.00141566822137, 69.612588635316882 ], [ 19.001423425708445, 69.61256636126096 ], [ 19.00143085961874, 69.612541692573032 ], [ 19.001445409103166, 69.612513105072907 ], [ 19.001475824414801, 69.612492208716091 ], [ 19.001497264857402, 69.612470518909902 ], [ 19.001511060799682, 69.612444499065759 ], [ 19.001526900882343, 69.612424536257151 ], [ 19.001545904244658, 69.612401163025453 ], [ 19.001559868646368, 69.612373075188628 ], [ 19.001583729991967, 69.612348612635259 ], [ 19.001600695554263, 69.612325055671803 ], [ 19.001606677876616, 69.612304024765876 ] ] } },
{ "type": "Feature", "properties": { "id": 148, "group_name": "Group 1", "observation_type": "Track >1 m wide sections", "measurement": "", "note": "", "wet_trail_condition": "", "erosion_feature": "", "gps_accuracy": 3.7279999256134002, "created_at": "2026-09-12T13:19:26.062191+00:00", "photo_url": null }, "geometry": { "type": "LineString", "coordinates": [ [ 18.9969424, 69.625125 ], [ 18.9969929, 69.6251133 ], [ 18.9970262, 69.6250954 ], [ 18.997033, 69.6250744 ], [ 18.9970361, 69.6250534 ], [ 18.9970225, 69.6250336 ], [ 18.997053, 69.6250173 ], [ 18.997071, 69.6249995 ], [ 18.9970566, 69.6249817 ], [ 18.9970699, 69.6249611 ], [ 18.9970947, 69.6249435 ], [ 18.9970071, 69.6249313 ], [ 18.9970575, 69.6249179 ], [ 18.9970523, 69.6248937 ], [ 18.9970493, 69.6248751 ], [ 18.997085, 69.6248592 ], [ 18.997088, 69.6248395 ], [ 18.9970891, 69.6248213 ], [ 18.997081, 69.624802 ], [ 18.9970636, 69.6247829 ], [ 18.9971161, 69.6247762 ], [ 18.9971332, 69.6247533 ], [ 18.997119, 69.6247347 ], [ 18.9971144, 69.6247127 ], [ 18.9971125, 69.624691 ], [ 18.9971124, 69.6246696 ], [ 18.9970941, 69.6246505 ], [ 18.9970548, 69.6246375 ], [ 18.9970394, 69.6246167 ], [ 18.9970224, 69.6245954 ], [ 18.997016, 69.6245716 ], [ 18.9970113, 69.6245492 ], [ 18.9970193, 69.6245298 ], [ 18.9970245, 69.62451 ], [ 18.9967773, 69.6243415 ], [ 18.996772, 69.6243234 ], [ 18.9967559, 69.6243023 ] ] } },
{ "type": "Feature", "properties": { "id": 147, "group_name": "Group 1", "observation_type": "Track >1 m wide sections", "measurement": "", "note": "", "wet_trail_condition": "", "erosion_feature": "", "gps_accuracy": 2.30264161858363, "created_at": "2026-09-12T13:18:35.903931+00:00", "photo_url": null }, "geometry": { "type": "LineString", "coordinates": [ [ 18.996772780378727, 69.625135109632538 ], [ 18.996733740874685, 69.625122334478618 ], [ 18.996713893784552, 69.625099684501407 ], [ 18.996710810263686, 69.625081544510536 ], [ 18.996697327862574, 69.625064153560231 ], [ 18.996670606503677, 69.62504630772861 ], [ 18.99661328845572, 69.625040909654317 ], [ 18.996541055406073, 69.625040798805514 ], [ 18.996496767654609, 69.625027747575231 ], [ 18.996444132605216, 69.62501744176177 ], [ 18.996391330731313, 69.625009034145521 ], [ 18.996341588233282, 69.624996654669175 ], [ 18.996320125132545, 69.624978309947508 ], [ 18.996308864190908, 69.624955465836237 ], [ 18.996327437592541, 69.624927068577392 ], [ 18.996331131115895, 69.624902380559604 ], [ 18.996363625454766, 69.624887615631891 ], [ 18.996419982468197, 69.624875767491616 ], [ 18.996480437327293, 69.624871678645064 ], [ 18.996528193947633, 69.624856889673936 ], [ 18.996563125419428, 69.624628848461086 ], [ 18.996576452645471, 69.624608689983958 ], [ 18.996567316371014, 69.624586897035712 ], [ 18.996555330249478, 69.624563385797316 ], [ 18.996542078096223, 69.624538032645106 ], [ 18.996545733505233, 69.624516527151812 ], [ 18.996586219154853, 69.624498714939293 ], [ 18.996602898471526, 69.624475996537853 ], [ 18.996629899359764, 69.624457257264623 ], [ 18.996635592439013, 69.624435793300549 ] ] } },
{ "type": "Feature", "properties": { "id": 146, "group_name": "Group 1", "observation_type": "Track >1 m wide sections", "measurement": "", "note": "", "wet_trail_condition": "", "erosion_feature": "", "gps_accuracy": 3.0, "created_at": "2026-09-12T13:16:46.153541+00:00", "photo_url": null }, "geometry": { "type": "LineString", "coordinates": [ [ 18.997958, 69.6265708 ], [ 18.9979699, 69.6265466 ], [ 18.9979639, 69.6265221 ], [ 18.9979326, 69.6265043 ], [ 18.997898, 69.6264884 ], [ 18.997851, 69.6264804 ], [ 18.9978061, 69.6264691 ], [ 18.997789, 69.6264518 ], [ 18.9977991, 69.6264328 ], [ 18.9978335, 69.6264132 ], [ 18.9978645, 69.626396 ], [ 18.9978828, 69.6263735 ], [ 18.9979381, 69.6263628 ], [ 18.9980057, 69.6263577 ], [ 18.9980617, 69.6263502 ], [ 18.9981126, 69.6263461 ], [ 18.9981139, 69.626325 ], [ 18.9980902, 69.6263086 ], [ 18.9980984, 69.6262878 ], [ 18.9981369, 69.626273 ], [ 18.9982665, 69.6261807 ], [ 18.9982506, 69.6261562 ], [ 18.99825, 69.6261358 ], [ 18.9982681, 69.6261181 ], [ 18.9982532, 69.6260958 ], [ 18.9982197, 69.6260744 ], [ 18.9982035, 69.6260553 ], [ 18.998181, 69.6260355 ], [ 18.9981584, 69.6260141 ], [ 18.9981465, 69.6259958 ], [ 18.9981241, 69.6259765 ], [ 18.9980794, 69.6259594 ], [ 18.998063, 69.625939 ], [ 18.9980123, 69.6259331 ], [ 18.997989, 69.6259131 ], [ 18.9979447, 69.6258934 ], [ 18.997904, 69.6258758 ], [ 18.9978423, 69.6258661 ], [ 18.997794, 69.6258579 ], [ 18.9977423, 69.6258562 ], [ 18.9976877, 69.6258523 ], [ 18.9976321, 69.6258562 ], [ 18.9975721, 69.6258511 ], [ 18.9975291, 69.62583 ], [ 18.997507, 69.6258113 ], [ 18.9974775, 69.625796 ], [ 18.9974443, 69.6257804 ], [ 18.9974022, 69.6257683 ], [ 18.9973577, 69.6257548 ], [ 18.9973356, 69.6257358 ], [ 18.997309, 69.625718 ], [ 18.9972707, 69.6257019 ], [ 18.9972678, 69.6256792 ], [ 18.9972514, 69.6256607 ], [ 18.9972199, 69.6256461 ], [ 18.9972, 69.6256262 ], [ 18.9972162, 69.6256082 ], [ 18.9972332, 69.6255853 ], [ 18.9971773, 69.6255718 ], [ 18.9971695, 69.6255353 ], [ 18.9971523, 69.6255114 ], [ 18.9971317, 69.6254887 ], [ 18.9970834, 69.6254771 ], [ 18.9970623, 69.6254594 ], [ 18.9970146, 69.625445 ], [ 18.9970013, 69.6254272 ], [ 18.997012, 69.6254057 ], [ 18.9970073, 69.6253838 ], [ 18.9969885, 69.6253611 ], [ 18.9969827, 69.6253339 ], [ 18.997033, 69.6253204 ], [ 18.9970044, 69.625305 ], [ 18.9970241, 69.6252758 ], [ 18.9970469, 69.6252561 ], [ 18.9970023, 69.6252368 ], [ 18.9969977, 69.6252179 ], [ 18.9970186, 69.6252013 ], [ 18.9969966, 69.6251817 ], [ 18.9969774, 69.625165 ], [ 18.996925, 69.6251603 ], [ 18.9968738, 69.6251511 ] ] } },
{ "type": "Feature", "properties": { "id": 145, "group_name": "Group 1", "observation_type": "Track faint trails", "measurement": "", "note": "Many parallel paths", "wet_trail_condition": "", "erosion_feature": "", "gps_accuracy": 3.8059999942779501, "created_at": "2026-09-12T13:16:07.807972+00:00", "photo_url": "https://oehndpyzeoywfypqtsjs.supabase.co/storage/v1/object/public/observation-photos/145/1789218968357.jpg" }, "geometry": { "type": "LineString", "coordinates": [ [ 18.9970744, 69.6254868 ], [ 18.9970125, 69.6254956 ], [ 18.9969611, 69.6254851 ], [ 18.9969185, 69.6254663 ], [ 18.9968737, 69.6254493 ], [ 18.9968231, 69.6254377 ], [ 18.9967741, 69.6254188 ], [ 18.9967629, 69.6253968 ], [ 18.9967469, 69.6253775 ], [ 18.9967281, 69.62536 ], [ 18.9966967, 69.6253418 ], [ 18.996677, 69.6253244 ], [ 18.9967291, 69.6253233 ] ] } },
{ "type": "Feature", "properties": { "id": 144, "group_name": "Group 1", "observation_type": "Track faint trails", "measurement": "", "note": "", "wet_trail_condition": "", "erosion_feature": "", "gps_accuracy": 3.00399994850159, "created_at": "2026-09-12T13:15:51.337713+00:00", "photo_url": null }, "geometry": { "type": "LineString", "coordinates": [ [ 18.9974387, 69.6252076 ], [ 18.9974548, 69.625183 ], [ 18.9974483, 69.6251649 ], [ 18.9974614, 69.6251439 ], [ 18.9974339, 69.6251252 ], [ 18.9973781, 69.6251137 ], [ 18.9973278, 69.6251024 ] ] } },
{ "type": "Feature", "properties": { "id": 143, "group_name": "Group 1", "observation_type": "Track faint trails", "measurement": "", "note": "", "wet_trail_condition": "", "erosion_feature": "", "gps_accuracy": 3.0, "created_at": "2026-09-12T13:14:33.676325+00:00", "photo_url": null }, "geometry": { "type": "LineString", "coordinates": [ [ 18.9974715, 69.6254122 ], [ 18.9974433, 69.6253911 ], [ 18.9974219, 69.6253703 ], [ 18.9974404, 69.6253528 ], [ 18.997455, 69.6253337 ], [ 18.9974929, 69.6253199 ], [ 18.9975187, 69.6253034 ], [ 18.9975103, 69.6252848 ], [ 18.9975187, 69.625264 ], [ 18.9974856, 69.6252485 ], [ 18.9974489, 69.6252335 ], [ 18.99741, 69.625221 ] ] } },
{ "type": "Feature", "properties": { "id": 142, "group_name": "Group 1", "observation_type": "Track faint trails", "measurement": "", "note": "", "wet_trail_condition": "", "erosion_feature": "", "gps_accuracy": 3.2979842257618399, "created_at": "2026-09-12T13:10:13.269317+00:00", "photo_url": null }, "geometry": { "type": "LineString", "coordinates": [ [ 18.998490152400123, 69.62589747199641 ], [ 18.998537662184027, 69.625889849006782 ], [ 18.998573091110309, 69.625871901019522 ], [ 18.99857616004596, 69.62585380027204 ], [ 18.998638472698698, 69.625852771066064 ], [ 18.998667783676545, 69.625836842243828 ], [ 18.998713130297713, 69.625817542529731 ] ] } },
{ "type": "Feature", "properties": { "id": 141, "group_name": "Group 1", "observation_type": "Track faint trails", "measurement": "", "note": "", "wet_trail_condition": "", "erosion_feature": "", "gps_accuracy": 2.2943700250767001, "created_at": "2026-09-12T13:09:33.67894+00:00", "photo_url": null }, "geometry": { "type": "LineString", "coordinates": [ [ 18.999115622970809, 69.626086842499234 ], [ 18.999060515066034, 69.626077647308577 ], [ 18.999012319445654, 69.626066267344356 ], [ 18.998956167658346, 69.626047269850758 ], [ 18.998874425962875, 69.626039619864031 ], [ 18.998855637338742, 69.626021983817012 ], [ 18.998816959641424, 69.626003301785587 ], [ 18.998756288731713, 69.625989518989826 ], [ 18.998691582385995, 69.625974826925756 ], [ 18.998651290508782, 69.625958631785707 ], [ 18.998638479386599, 69.625936855922632 ], [ 18.998582715291402, 69.625925910273764 ], [ 18.998530662170758, 69.625916472851429 ], [ 18.998473017845189, 69.625910615326916 ], [ 18.998405141862833, 69.625903699407502 ], [ 18.998338490245239, 69.625899133784912 ], [ 18.998267070201006, 69.625899324199864 ], [ 18.99819944696177, 69.62590281198122 ], [ 18.998141628175564, 69.625904132183905 ], [ 18.998055188812238, 69.625909680609368 ], [ 18.997977109030977, 69.625899733561411 ] ] } },
{ "type": "Feature", "properties": { "id": 140, "group_name": "Group 1", "observation_type": "Track faint trails", "measurement": "", "note": "", "wet_trail_condition": "", "erosion_feature": "", "gps_accuracy": 3.0, "created_at": "2026-09-12T13:09:28.978038+00:00", "photo_url": null }, "geometry": { "type": "LineString", "coordinates": [ [ 18.9923682, 69.6247723 ], [ 18.9924234, 69.6247678 ], [ 18.9924691, 69.6247549 ], [ 18.9925033, 69.624741 ], [ 18.9925416, 69.6247264 ], [ 18.9926064, 69.6247291 ], [ 18.9926661, 69.6247308 ], [ 18.9927187, 69.6247202 ], [ 18.9927541, 69.6247044 ], [ 18.9927915, 69.6246887 ], [ 18.9928372, 69.6246774 ], [ 18.9928929, 69.6246807 ], [ 18.9929459, 69.6246758 ], [ 18.9929991, 69.6246752 ], [ 18.9930288, 69.6246567 ], [ 18.9930466, 69.6246373 ], [ 18.993059, 69.6246172 ], [ 18.9930762, 69.6245986 ], [ 18.993126, 69.6245849 ], [ 18.9931788, 69.6245873 ], [ 18.9932329, 69.6245852 ], [ 18.9932393, 69.6245671 ], [ 18.993223, 69.6245428 ], [ 18.9932065, 69.6245162 ], [ 18.9931922, 69.6244961 ], [ 18.993186, 69.6244724 ], [ 18.9931878, 69.6244539 ], [ 18.9931852, 69.6244338 ], [ 18.9931819, 69.6244091 ], [ 18.9931757, 69.6243863 ], [ 18.9932105, 69.6243712 ], [ 18.9932177, 69.6243519 ], [ 18.9932556, 69.6243389 ], [ 18.9933005, 69.6243282 ], [ 18.993355, 69.6243212 ], [ 18.9934089, 69.6243105 ], [ 18.9933943, 69.6242903 ], [ 18.9933663, 69.6242718 ], [ 18.9933868, 69.6242459 ], [ 18.9934259, 69.6242317 ], [ 18.9934544, 69.6242157 ], [ 18.9934934, 69.6242032 ], [ 18.9935432, 69.6242088 ], [ 18.993617, 69.6242025 ], [ 18.9936797, 69.6241983 ], [ 18.9937393, 69.6241843 ], [ 18.9937871, 69.624175 ], [ 18.9938282, 69.6241629 ], [ 18.9938811, 69.6241538 ], [ 18.9939332, 69.6241483 ], [ 18.993995, 69.6241529 ], [ 18.9940179, 69.6241343 ], [ 18.9940672, 69.6241281 ], [ 18.9941347, 69.6241317 ], [ 18.9941866, 69.6241345 ], [ 18.994252, 69.6241271 ], [ 18.9943086, 69.624124 ], [ 18.9943613, 69.6241242 ], [ 18.9944438, 69.6241255 ], [ 18.9945034, 69.6241228 ], [ 18.9945609, 69.6241233 ], [ 18.9946186, 69.6241222 ], [ 18.9946906, 69.624119 ], [ 18.994739, 69.6241111 ], [ 18.9947973, 69.6241066 ], [ 18.9948553, 69.6241031 ], [ 18.9949075, 69.6240911 ], [ 18.9949487, 69.6240801 ], [ 18.9950247, 69.6240727 ], [ 18.9950714, 69.6240623 ], [ 18.9951261, 69.6240506 ], [ 18.9951753, 69.6240354 ], [ 18.9952388, 69.6240366 ], [ 18.9952748, 69.6240523 ], [ 18.9953186, 69.6240632 ], [ 18.9953789, 69.6240694 ], [ 18.9954386, 69.6240647 ], [ 18.9954838, 69.6240557 ], [ 18.9955375, 69.6240502 ], [ 18.995583, 69.6240406 ], [ 18.9956394, 69.6240363 ], [ 18.995706, 69.6240343 ], [ 18.9957735, 69.6240269 ], [ 18.9958505, 69.6240277 ], [ 18.9959046, 69.6240318 ], [ 18.9959682, 69.6240287 ], [ 18.996029, 69.6240304 ], [ 18.996083, 69.6240393 ] ] } },
{ "type": "Feature", "properties": { "id": 139, "group_name": "Group 1", "observation_type": "Track >1 m wide sections", "measurement": "", "note": "", "wet_trail_condition": "", "erosion_feature": "", "gps_accuracy": 3.54404375006192, "created_at": "2026-09-12T13:09:24.317137+00:00", "photo_url": null }, "geometry": { "type": "LineString", "coordinates": [ [ 18.997492185850309, 69.623558708080722 ], [ 18.997548489674706, 69.6235368749917 ], [ 18.997543206621753, 69.623514888742406 ], [ 18.997562839604818, 69.623490631634127 ], [ 18.997612989663715, 69.62347846785201 ], [ 18.997657330456828, 69.623454563268268 ], [ 18.997707232838021, 69.62343056958909 ], [ 18.997740732017338, 69.623407573847629 ], [ 18.997751471309954, 69.623381567166462 ], [ 18.997756056368836, 69.623362509816374 ], [ 18.997762843256716, 69.623343108915421 ], [ 18.997789131002918, 69.623315683106512 ], [ 18.997836916969046, 69.623287262101414 ], [ 18.997870733916084, 69.623266716069466 ], [ 18.997900663647243, 69.623245324399178 ], [ 18.997908647828801, 69.62322251038556 ], [ 18.997937808352091, 69.623197223123583 ], [ 18.997943104985509, 69.623172050026938 ], [ 18.997956344061546, 69.623145367476724 ], [ 18.997975006706628, 69.62312015867208 ], [ 18.997999933396223, 69.623094759640679 ], [ 18.99804043339444, 69.623072305613562 ], [ 18.998057040953988, 69.623043584409203 ], [ 18.998109637800027, 69.623022479715374 ], [ 18.99810995521338, 69.62299414700793 ], [ 18.998152045683948, 69.622968517081347 ], [ 18.998175520567887, 69.622939600380022 ], [ 18.998167181814768, 69.62291050987622 ], [ 18.998167480785817, 69.622877388854562 ], [ 18.998173610260856, 69.622854859777945 ], [ 18.9981993551507, 69.622823577572333 ], [ 18.998207962100587, 69.622805129371955 ], [ 18.99818668447876, 69.622831164083493 ], [ 18.998163125638392, 69.622847711715096 ], [ 18.998204353794385, 69.622832992218662 ], [ 18.998276737365764, 69.622833609414073 ], [ 18.998346278119485, 69.62282951838425 ], [ 18.99839409207166, 69.622820740621592 ] ] } },
{ "type": "Feature", "properties": { "id": 138, "group_name": "Group 1", "observation_type": "Track faint trails", "measurement": "", "note": "", "wet_trail_condition": "", "erosion_feature": "", "gps_accuracy": 8.0012082736808807, "created_at": "2026-09-12T13:06:59.161639+00:00", "photo_url": null }, "geometry": { "type": "LineString", "coordinates": [ [ 18.999021685716496, 69.626723159353816 ], [ 18.999034615637665, 69.626703890774408 ], [ 18.999044419584557, 69.626679576435393 ], [ 18.999027572231622, 69.626653566763096 ], [ 18.999054951327462, 69.62663503613355 ], [ 18.999047792332124, 69.626616647614398 ], [ 18.998990347796653, 69.626585015790084 ] ] } },
{ "type": "Feature", "properties": { "id": 137, "group_name": "Group 1", "observation_type": "Track faint trails", "measurement": "", "note": "", "wet_trail_condition": "", "erosion_feature": "", "gps_accuracy": 3.0, "created_at": "2026-09-12T13:06:55.984581+00:00", "photo_url": null }, "geometry": { "type": "LineString", "coordinates": [ [ 18.9991262, 69.6266807 ], [ 18.9990316, 69.6266817 ], [ 18.9989676, 69.6266774 ], [ 18.9989079, 69.6266652 ], [ 18.9989087, 69.626647 ], [ 18.9989403, 69.6266272 ], [ 18.998961, 69.6266089 ], [ 18.9989423, 69.62659 ], [ 18.9989108, 69.6265747 ] ] } },
{ "type": "Feature", "properties": { "id": 136, "group_name": "Group 1", "observation_type": "Track faint trails", "measurement": "", "note": "", "wet_trail_condition": "", "erosion_feature": "", "gps_accuracy": 3.0099999904632599, "created_at": "2026-09-12T13:06:48.94782+00:00", "photo_url": null }, "geometry": { "type": "LineString", "coordinates": [ [ 18.9991633, 69.6266808 ], [ 18.9991292, 69.6266624 ], [ 18.9990954, 69.6266457 ], [ 18.9990649, 69.6266268 ], [ 18.9990344, 69.6266089 ], [ 18.9990145, 69.6265875 ], [ 18.998995, 69.6265696 ], [ 18.9989766, 69.6265523 ], [ 18.9989467, 69.6265357 ], [ 18.9988955, 69.6265215 ], [ 18.9988451, 69.6265163 ] ] } },
{ "type": "Feature", "properties": { "id": 135, "group_name": "Group 1", "observation_type": "Track faint trails", "measurement": "", "note": "", "wet_trail_condition": "", "erosion_feature": "", "gps_accuracy": 3.0, "created_at": "2026-09-12T13:06:48.282466+00:00", "photo_url": null }, "geometry": { "type": "LineString", "coordinates": [ [ 18.9989759, 69.6267995 ], [ 18.9989406, 69.6267807 ], [ 18.9989139, 69.6267622 ], [ 18.9988721, 69.6267451 ], [ 18.9988592, 69.6267241 ], [ 18.9988276, 69.626708 ], [ 18.9988065, 69.626691 ], [ 18.998786, 69.6266736 ], [ 18.9987649, 69.626655 ], [ 18.9987911, 69.6266346 ], [ 18.9987558, 69.62662 ], [ 18.998738, 69.6266007 ], [ 18.9987328, 69.6265785 ], [ 18.9987211, 69.626558 ], [ 18.9986912, 69.6265375 ], [ 18.9986687, 69.6265172 ], [ 18.9986475, 69.6264974 ], [ 18.9986204, 69.6264803 ], [ 18.9986454, 69.6264619 ] ] } },
{ "type": "Feature", "properties": { "id": 134, "group_name": "Group 1", "observation_type": "Track faint trails", "measurement": "", "note": "", "wet_trail_condition": "", "erosion_feature": "", "gps_accuracy": 3.0, "created_at": "2026-09-12T13:05:44.065165+00:00", "photo_url": null }, "geometry": { "type": "LineString", "coordinates": [ [ 18.9994032, 69.6269012 ], [ 18.999423, 69.6268835 ], [ 18.9994431, 69.6268599 ], [ 18.9994462, 69.6268376 ], [ 18.9994415, 69.6268161 ], [ 18.999427, 69.6267984 ], [ 18.9993779, 69.6267852 ], [ 18.9993292, 69.6267713 ], [ 18.9993129, 69.6267534 ], [ 18.9993006, 69.6267349 ], [ 18.9992329, 69.6267196 ], [ 18.9991826, 69.6267117 ], [ 18.9991348, 69.6266988 ] ] } },
{ "type": "Feature", "properties": { "id": 133, "group_name": "Group 1", "observation_type": "Track faint trails", "measurement": "", "note": "", "wet_trail_condition": "", "erosion_feature": "", "gps_accuracy": 2.0735532712712201, "created_at": "2026-09-12T13:05:34.182153+00:00", "photo_url": null }, "geometry": { "type": "LineString", "coordinates": [ [ 19.000168318893365, 69.627101365144824 ], [ 19.000130909522333, 69.627078430785488 ], [ 19.000078593202652, 69.62705506895216 ], [ 19.000044675866199, 69.627037676403788 ], [ 19.000012822877004, 69.627021232164651 ], [ 18.999986966768791, 69.627002984099718 ], [ 18.999943039707972, 69.626979648572885 ], [ 18.999906850595494, 69.626958692831352 ], [ 18.999871142806668, 69.626934938549908 ], [ 18.999851494136418, 69.626911039403964 ], [ 18.999834176661661, 69.626891474757031 ], [ 18.999832543628006, 69.626869661201468 ], [ 18.999792311545871, 69.626851831548137 ], [ 18.999750860099663, 69.626832381277936 ], [ 18.999702518722764, 69.626815427739658 ], [ 18.999674850618124, 69.626799005535588 ], [ 18.99965494176476, 69.626778552521515 ], [ 18.999691335665478, 69.626762532563092 ], [ 18.999756043894003, 69.626750696164564 ], [ 18.999789872754629, 69.626725884685911 ], [ 18.9997999717182, 69.626703628107194 ], [ 18.999818420175025, 69.626681692881874 ], [ 18.9998525676444, 69.626659407601579 ] ] } },
{ "type": "Feature", "properties": { "id": 132, "group_name": "Group 1", "observation_type": "Track >1 m wide sections", "measurement": "", "note": "", "wet_trail_condition": "", "erosion_feature": "", "gps_accuracy": 8.0012082736808807, "created_at": "2026-09-12T13:05:18.858459+00:00", "photo_url": null }, "geometry": { "type": "LineString", "coordinates": [ [ 18.998846193069834, 69.627158330869335 ], [ 18.998656090263296, 69.627227144878688 ], [ 18.998599602510836, 69.627166325030231 ], [ 18.998675146130417, 69.627119370640372 ], [ 18.998513532714632, 69.627101954988319 ], [ 18.99861568697947, 69.627065850982561 ], [ 18.9986500105761, 69.62704847434135 ], [ 18.998715751709412, 69.627064517290393 ], [ 18.998710517461578, 69.627041945126862 ], [ 18.998694969311966, 69.627018888610891 ], [ 18.998691543755402, 69.626985697589134 ], [ 18.998709781281423, 69.626963274747766 ], [ 18.998756996166883, 69.626939942521219 ], [ 18.998753885690657, 69.626921763438347 ], [ 18.998788137938085, 69.62690465975993 ], [ 18.998842617694063, 69.626887604214588 ], [ 18.998872274305448, 69.626866918592341 ], [ 18.998893176668666, 69.626849002297661 ], [ 18.998926388425691, 69.626827650341113 ], [ 18.99896149719941, 69.626796739008611 ], [ 18.998988319819535, 69.626774824352623 ] ] } },
{ "type": "Feature", "properties": { "id": 131, "group_name": "Group 1", "observation_type": "Track faint trails", "measurement": "", "note": "", "wet_trail_condition": "", "erosion_feature": "", "gps_accuracy": 3.0, "created_at": "2026-09-12T13:04:16.628354+00:00", "photo_url": null }, "geometry": { "type": "LineString", "coordinates": [ [ 18.9997886, 69.6272856 ], [ 18.9998457, 69.6272952 ], [ 18.9998951, 69.6272856 ], [ 18.9999075, 69.6272583 ], [ 18.9998849, 69.6272316 ], [ 18.9998504, 69.6272153 ], [ 18.9998092, 69.6271975 ], [ 18.9997626, 69.6271835 ], [ 18.9997042, 69.6271731 ], [ 18.9996576, 69.627159 ], [ 18.9996452, 69.627138 ], [ 18.9996347, 69.6271163 ], [ 18.9996307, 69.6270957 ], [ 18.9996285, 69.6270764 ], [ 18.9996161, 69.6270576 ], [ 18.9995921, 69.6270415 ], [ 18.9996014, 69.6270235 ], [ 18.9995682, 69.6269974 ], [ 18.9995316, 69.6269825 ], [ 18.9994865, 69.626965 ], [ 18.9994425, 69.6269553 ], [ 18.9994169, 69.6269371 ], [ 18.9993882, 69.6269203 ], [ 18.9993671, 69.6269021 ], [ 18.9993256, 69.6269168 ], [ 18.9993116, 69.626899 ], [ 18.9992675, 69.6268853 ], [ 18.9992332, 69.6268711 ], [ 18.9991839, 69.626858 ], [ 18.9991295, 69.6268481 ], [ 18.9990825, 69.6268393 ], [ 18.9990251, 69.6268238 ], [ 18.9989848, 69.6268107 ] ] } },
{ "type": "Feature", "properties": { "id": 130, "group_name": "Group 1", "observation_type": "Track >1 m wide sections", "measurement": "", "note": "", "wet_trail_condition": "", "erosion_feature": "", "gps_accuracy": 8.0012082736808807, "created_at": "2026-09-12T13:04:16.320604+00:00", "photo_url": null }, "geometry": { "type": "LineString", "coordinates": [ [ 18.999176410961084, 69.627264144502888 ], [ 18.999115932276926, 69.627266058631733 ], [ 18.999051859028803, 69.627253239174678 ], [ 18.998985967578559, 69.627242166517988 ], [ 18.998940941117873, 69.627217297967888 ] ] } },
{ "type": "Feature", "properties": { "id": 129, "group_name": "Group 1", "observation_type": "Track >1 m wide sections", "measurement": "", "note": "", "wet_trail_condition": "", "erosion_feature": "", "gps_accuracy": 8.0012082736808807, "created_at": "2026-09-12T13:02:45.025867+00:00", "photo_url": null }, "geometry": { "type": "LineString", "coordinates": [ [ 18.999715115696418, 69.627316040472351 ], [ 18.999680055997558, 69.627300152003755 ], [ 18.99961272780876, 69.627302667359501 ] ] } },
{ "type": "Feature", "properties": { "id": 128, "group_name": "Group 1", "observation_type": "Track faint trails", "measurement": "", "note": "", "wet_trail_condition": "", "erosion_feature": "", "gps_accuracy": 3.0, "created_at": "2026-09-12T13:02:26.599784+00:00", "photo_url": null }, "geometry": { "type": "LineString", "coordinates": [ [ 18.9936539, 69.6247388 ], [ 18.9936752, 69.6247216 ], [ 18.9936835, 69.624703 ], [ 18.9936874, 69.6246841 ], [ 18.9936605, 69.624664 ], [ 18.9936352, 69.6246472 ], [ 18.9936269, 69.6246271 ], [ 18.9936326, 69.6246076 ], [ 18.9935911, 69.6245934 ], [ 18.9935696, 69.6245766 ], [ 18.9935642, 69.624557 ] ] } },
{ "type": "Feature", "properties": { "id": 127, "group_name": "Group 1", "observation_type": "Track >1 m wide sections", "measurement": "", "note": "", "wet_trail_condition": "", "erosion_feature": "", "gps_accuracy": 3.6629033261112798, "created_at": "2026-09-12T13:02:26.232029+00:00", "photo_url": null }, "geometry": { "type": "LineString", "coordinates": [ [ 18.996727159264495, 69.625283768465394 ], [ 18.996709892543961, 69.625262646069402 ], [ 18.996730260568668, 69.625245421258384 ], [ 18.996734116244127, 69.625220652734512 ], [ 18.996773062737557, 69.625201384708973 ], [ 18.996790264452773, 69.625174103877839 ], [ 18.996815509312746, 69.625156852067136 ], [ 18.996859422097142, 69.625143143809922 ], [ 18.99692226714404, 69.625123815217549 ] ] } },
{ "type": "Feature", "properties": { "id": 126, "group_name": "Group 1", "observation_type": "Track >1 m wide sections", "measurement": "", "note": "", "wet_trail_condition": "", "erosion_feature": "", "gps_accuracy": 3.5269035655234999, "created_at": "2026-09-12T13:01:21.727846+00:00", "photo_url": null }, "geometry": { "type": "LineString", "coordinates": [ [ 18.996890269279511, 69.62548176132789 ], [ 18.99676820803397, 69.625468384517902 ], [ 18.996754477147007, 69.625448501896003 ], [ 18.996701456503242, 69.62544053351769 ], [ 18.996644137414318, 69.625429988923855 ], [ 18.996650076546278, 69.625410691022594 ], [ 18.996658799217371, 69.625384503259738 ], [ 18.996641406822931, 69.625345914127578 ], [ 18.996675250920088, 69.625322425955332 ], [ 18.996700228975321, 69.625298663264715 ] ] } },
{ "type": "Feature", "properties": { "id": 125, "group_name": "Group 1", "observation_type": "Track >1 m wide sections", "measurement": "", "note": "", "wet_trail_condition": "", "erosion_feature": "", "gps_accuracy": 3.0, "created_at": "2026-09-12T13:00:18.775759+00:00", "photo_url": null }, "geometry": { "type": "LineString", "coordinates": [ [ 18.9948886, 69.6243311 ], [ 18.9948327, 69.624328 ], [ 18.9947614, 69.6243378 ], [ 18.9946913, 69.6243413 ], [ 18.9946234, 69.624344 ], [ 18.9945685, 69.6243463 ], [ 18.9945035, 69.6243469 ], [ 18.9944495, 69.624351 ], [ 18.9943844, 69.6243606 ], [ 18.9943291, 69.6243701 ], [ 18.9942697, 69.6243873 ], [ 18.9942147, 69.6243926 ], [ 18.9941707, 69.6244076 ], [ 18.9941892, 69.6244288 ], [ 18.9941325, 69.6244403 ], [ 18.9940705, 69.6244504 ], [ 18.994024, 69.6244734 ], [ 18.9940328, 69.6244961 ], [ 18.994033, 69.624516 ], [ 18.9939872, 69.6245249 ] ] } },
{ "type": "Feature", "properties": { "id": 124, "group_name": "Group 1", "observation_type": "Track >1 m wide sections", "measurement": "", "note": "", "wet_trail_condition": "", "erosion_feature": "", "gps_accuracy": 2.7803418103822199, "created_at": "2026-09-12T13:00:00.206208+00:00", "photo_url": null }, "geometry": { "type": "LineString", "coordinates": [ [ 18.996840143519364, 69.625939582647135 ], [ 18.996821594483798, 69.625921240397517 ], [ 18.99676633555897, 69.625919219127695 ], [ 18.996699367030157, 69.625911817894817 ], [ 18.996649485659912, 69.625900512180323 ], [ 18.996592653690197, 69.625887806947574 ], [ 18.996584506627507, 69.625868088308565 ], [ 18.996592516325556, 69.625849839942532 ], [ 18.996633586063957, 69.625831122166815 ], [ 18.996679136857072, 69.625820834270186 ], [ 18.996724349544024, 69.625804185203592 ], [ 18.996719529294431, 69.625773394293631 ], [ 18.996728899997667, 69.625752360501394 ], [ 18.996756171070313, 69.625734315051389 ], [ 18.996774429460196, 69.625714799775452 ], [ 18.996776384318483, 69.62569306128573 ], [ 18.996780261486695, 69.625674491962116 ], [ 18.996801229254633, 69.625647880651272 ], [ 18.996812828269857, 69.625626569679042 ], [ 18.99682268746778, 69.625602033278668 ], [ 18.996829105021504, 69.625577936021458 ], [ 18.996820905276071, 69.625557540434485 ], [ 18.996848972777951, 69.625542161458753 ], [ 18.996834492690933, 69.625516338487344 ], [ 18.996814883343848, 69.625499625173532 ], [ 18.996869085786642, 69.625480231785701 ] ] } },
{ "type": "Feature", "properties": { "id": 123, "group_name": "Group 1", "observation_type": "Track >1 m wide sections", "measurement": "", "note": "", "wet_trail_condition": "", "erosion_feature": "", "gps_accuracy": 2.9527268393293098, "created_at": "2026-09-12T12:58:24.260617+00:00", "photo_url": null }, "geometry": { "type": "LineString", "coordinates": [ [ 18.996422264084487, 69.626363838716699 ], [ 18.996365114949139, 69.626349767387552 ], [ 18.996317608667162, 69.626333749294972 ], [ 18.99624984542309, 69.626314179365394 ], [ 18.99616961273507, 69.626293057367064 ], [ 18.996141284536474, 69.626276175707389 ], [ 18.996168755368174, 69.626228971291283 ], [ 18.996185633102264, 69.626203415921282 ], [ 18.996256175306605, 69.626195606811152 ], [ 18.996311883847412, 69.626185628501588 ], [ 18.996344228210909, 69.626170296253392 ], [ 18.996337536812657, 69.626147651409411 ], [ 18.996379735682062, 69.626135115814179 ], [ 18.996393830787557, 69.626109829679805 ], [ 18.996435166593887, 69.626093088528236 ], [ 18.996499538624079, 69.626100080645784 ], [ 18.996559231720965, 69.626083454780115 ], [ 18.996573330551911, 69.626062870085647 ], [ 18.996585333515181, 69.62603523766964 ], [ 18.996650015139416, 69.626023656492862 ], [ 18.996707721796756, 69.626018098781586 ], [ 18.99676782817043, 69.626017284498161 ], [ 18.996806875252464, 69.62599924826057 ], [ 18.996825922639008, 69.625979285302904 ] ] } },
{ "type": "Feature", "properties": { "id": 122, "group_name": "Group 1", "observation_type": "Track >1 m wide sections", "measurement": "", "note": "", "wet_trail_condition": "", "erosion_feature": "", "gps_accuracy": 3.25291381051776, "created_at": "2026-09-12T12:50:15.141491+00:00", "photo_url": null }, "geometry": { "type": "LineString", "coordinates": [ [ 18.995051542334245, 69.628327731014508 ], [ 18.995040380936224, 69.628298527610511 ], [ 18.994996813055764, 69.628284016846251 ], [ 18.995031745962859, 69.628259052135249 ], [ 18.995086364104232, 69.628251276602086 ], [ 18.995179519260393, 69.628243035498599 ], [ 18.995159026654129, 69.628222885870656 ], [ 18.995132842053849, 69.628199775725378 ], [ 18.995194413240252, 69.628189464431827 ], [ 18.995250003777496, 69.62818540612119 ], [ 18.995324808480543, 69.628178238659203 ], [ 18.995357178072513, 69.628157527115164 ], [ 18.995403663826302, 69.628141558670208 ], [ 18.995440560748388, 69.628126443345494 ], [ 18.99549202996106, 69.628124377055101 ], [ 18.995552226422451, 69.628135498014785 ], [ 18.995606864837121, 69.628141732189178 ], [ 18.995667423227349, 69.628126782928177 ], [ 18.995719857678111, 69.628129917280233 ], [ 18.995768554143599, 69.628136756620648 ], [ 18.99580340831135, 69.628115494954898 ], [ 18.995797788936887, 69.62809107344286 ], [ 18.995874788098327, 69.628083198052622 ], [ 18.995944357624865, 69.62807758892464 ], [ 18.995927252932088, 69.628058838437923 ], [ 18.995915016574703, 69.628040950801008 ], [ 18.995926281270048, 69.628021492780647 ], [ 18.995983838950337, 69.628001466924516 ], [ 18.996039259591445, 69.627993057192015 ], [ 18.996023870907273, 69.627972537076261 ], [ 18.996006572165594, 69.627952651543836 ], [ 18.996021092015752, 69.627935183355348 ], [ 18.996043920889345, 69.627917856692733 ], [ 18.996082790181191, 69.627903651243884 ], [ 18.996078527093328, 69.627873366482632 ], [ 18.996050046007973, 69.62785472042016 ], [ 18.996030622333233, 69.627836771297297 ], [ 18.996007680502959, 69.627817312507247 ], [ 18.996007102851877, 69.627786531820277 ], [ 18.996007390672599, 69.627756797457181 ], [ 18.995974796498654, 69.627738809220418 ], [ 18.995915984523315, 69.627717636974452 ], [ 18.995889401391445, 69.627693433760342 ], [ 18.995883932835035, 69.627672105517746 ], [ 18.995901297797982, 69.627647969821652 ], [ 18.99591575082054, 69.627619062890872 ], [ 18.995890999399577, 69.627601990150183 ], [ 18.995886258100974, 69.627577839620841 ], [ 18.995906834588691, 69.627554304763166 ], [ 18.995929475410094, 69.627532668104749 ], [ 18.995907683903294, 69.627515017899398 ], [ 18.995868061211635, 69.627492889299674 ], [ 18.995911234169014, 69.627467044385185 ], [ 18.995930938115766, 69.6274460501958 ], [ 18.995973853059922, 69.627427974933752 ], [ 18.996005968272947, 69.627412273888993 ], [ 18.996009995527821, 69.627383902943251 ], [ 18.99600635349147, 69.627359959647038 ], [ 18.996002017374966, 69.62733984821665 ], [ 18.995984523619423, 69.627312449369981 ], [ 18.995991272305712, 69.627277543405015 ], [ 18.995997677019382, 69.627256831101548 ], [ 18.995996057155672, 69.627229641608494 ], [ 18.996008071846475, 69.627209655279259 ], [ 18.995997477763744, 69.627186365346972 ], [ 18.996000821671913, 69.627163371977161 ], [ 18.996000409816503, 69.627140935702457 ], [ 18.99599759712283, 69.627118323346195 ], [ 18.995993111867971, 69.627100378714943 ], [ 18.995978887908034, 69.627071480332148 ], [ 18.995993676333562, 69.627049348395062 ], [ 18.996014472294316, 69.62702214839797 ], [ 18.996022056343776, 69.626995626277719 ], [ 18.996030619443172, 69.626975233254157 ], [ 18.996015766671952, 69.626954582175273 ], [ 18.996016186460082, 69.626930552835987 ], [ 18.99601837838042, 69.626907944874688 ], [ 18.996016592664027, 69.626881867163263 ], [ 18.996013440209435, 69.626849507977838 ], [ 18.996035652252839, 69.626827002567822 ], [ 18.996037431296354, 69.626807377242429 ], [ 18.996042862386119, 69.626784635314721 ], [ 18.99603573503645, 69.626765289422252 ], [ 18.996016856497409, 69.626743458616019 ], [ 18.99598971914013, 69.626721330002866 ], [ 18.995963404024472, 69.626697955188845 ], [ 18.996010738241811, 69.626684421547935 ], [ 18.996001738933288, 69.626663620539716 ], [ 18.99594271411749, 69.626650236649553 ], [ 18.995927371769291, 69.626631108234378 ], [ 18.995908570063477, 69.626607739165919 ], [ 18.995872015895632, 69.62659059472773 ], [ 18.995868732087107, 69.626564336558417 ], [ 18.995835480148262, 69.626539997615026 ], [ 18.995834689213044, 69.626514283714798 ], [ 18.995835797755042, 69.626495286595102 ], [ 18.995842210394351, 69.626472901497792 ], [ 18.995894702613043, 69.6264580449146 ], [ 18.995933630285556, 69.626443879423249 ], [ 18.995996546457139, 69.626438201583568 ], [ 18.996042320466756, 69.626427730469629 ], [ 18.996102445332287, 69.626423687301141 ], [ 18.996172126440516, 69.626412330133419 ], [ 18.996223723641531, 69.626396784718594 ], [ 18.996282186244411, 69.626392674080563 ], [ 18.996315411688233, 69.626377256313134 ], [ 18.996374186771753, 69.626367262960869 ], [ 18.996408793299548, 69.62635252555333 ], [ 18.996458901275663, 69.626345465286391 ] ] } },
{ "type": "Feature", "properties": { "id": 121, "group_name": "Group 1", "observation_type": "Track >1 m wide sections", "measurement": "", "note": "", "wet_trail_condition": "", "erosion_feature": "", "gps_accuracy": 3.0, "created_at": "2026-09-12T12:47:50.697437+00:00", "photo_url": null }, "geometry": { "type": "LineString", "coordinates": [ [ 18.994516, 69.6247168 ], [ 18.9944792, 69.6246883 ], [ 18.9944606, 69.6246682 ], [ 18.9944499, 69.62465 ], [ 18.9944595, 69.6246306 ], [ 18.9944671, 69.6246118 ], [ 18.9944825, 69.6245931 ], [ 18.9944831, 69.6245701 ], [ 18.9944958, 69.624548 ], [ 18.9945038, 69.6245263 ], [ 18.9945019, 69.6245061 ], [ 18.99453, 69.6244906 ], [ 18.9945525, 69.6244744 ], [ 18.994585, 69.6244604 ], [ 18.9946229, 69.6244457 ], [ 18.9946691, 69.6244289 ], [ 18.9947112, 69.6244162 ], [ 18.9947688, 69.6244017 ], [ 18.9948184, 69.6243848 ], [ 18.9948678, 69.6243733 ], [ 18.9949043, 69.6243543 ], [ 18.9949315, 69.6243298 ], [ 18.9949374, 69.6243055 ], [ 18.9949542, 69.6242879 ], [ 18.9949918, 69.6242735 ], [ 18.9950486, 69.624265 ], [ 18.9951, 69.624258 ], [ 18.9951042, 69.6242341 ], [ 18.9951472, 69.6242229 ], [ 18.995193, 69.6242134 ], [ 18.9952419, 69.6242009 ], [ 18.9952815, 69.6241871 ], [ 18.9953199, 69.6241698 ], [ 18.9953638, 69.6241546 ], [ 18.9954213, 69.6241373 ], [ 18.9954775, 69.624127 ], [ 18.9955413, 69.6241345 ], [ 18.9955988, 69.6241369 ], [ 18.9956591, 69.6241346 ], [ 18.9957074, 69.6241273 ], [ 18.9957724, 69.6241248 ], [ 18.9958349, 69.6241284 ], [ 18.9959093, 69.624123 ], [ 18.99592, 69.624103 ], [ 18.9959666, 69.6240876 ], [ 18.9960084, 69.6240757 ], [ 18.9960632, 69.6240662 ], [ 18.99611, 69.6240541 ], [ 18.9961464, 69.6240363 ], [ 18.9962007, 69.6240264 ], [ 18.9962589, 69.6240156 ], [ 18.9963083, 69.6240086 ] ] } },
{ "type": "Feature", "properties": { "id": 120, "group_name": "Group 1", "observation_type": "Track >1 m wide sections", "measurement": "", "note": "", "wet_trail_condition": "", "erosion_feature": "", "gps_accuracy": 3.53553390593274, "created_at": "2026-09-12T12:44:31.531749+00:00", "photo_url": null }, "geometry": { "type": "LineString", "coordinates": [ [ 18.994720028731034, 69.631643537496799 ], [ 18.994735032337708, 69.631624217210188 ], [ 18.99474332406713, 69.631606413791985 ], [ 18.994738315613084, 69.631584109037433 ], [ 18.994745393428488, 69.631560428696801 ], [ 18.994755394074634, 69.63154011172665 ], [ 18.994769339075333, 69.631516430175026 ], [ 18.994777694154791, 69.631493850014181 ], [ 18.994779562502568, 69.631466671302078 ], [ 18.994800748639509, 69.631446530490905 ], [ 18.99480194538403, 69.631425560351474 ], [ 18.994794469227539, 69.631403662289699 ], [ 18.994794769824946, 69.631382229262869 ], [ 18.994789844018481, 69.631357984170847 ], [ 18.994776325642576, 69.631328476993801 ], [ 18.994807845663431, 69.631309782790936 ], [ 18.994832831489422, 69.631288544827257 ], [ 18.994830153911074, 69.631262846751085 ], [ 18.994838735916403, 69.631238903215163 ], [ 18.994861041685986, 69.631221342861338 ], [ 18.994840470735522, 69.63120463178187 ], [ 18.994838243176893, 69.631179995250633 ], [ 18.994850830987875, 69.631157331814919 ], [ 18.994845280856545, 69.631132557928311 ], [ 18.994843616602445, 69.631109490525432 ], [ 18.994837779310917, 69.631082496668711 ], [ 18.994870165832548, 69.631047913905149 ], [ 18.994864716506793, 69.631023954567596 ], [ 18.994874910454065, 69.631003299203471 ], [ 18.994873530296015, 69.630979214807923 ], [ 18.994880354862453, 69.630955110464356 ], [ 18.994882093645586, 69.630929284765344 ], [ 18.994890500164193, 69.63090822640811 ], [ 18.994867253040788, 69.630880586504503 ], [ 18.994870711646101, 69.630849588101569 ], [ 18.994857979914382, 69.63082443121904 ], [ 18.994864707962396, 69.630804997810841 ], [ 18.994874125605264, 69.630774806617467 ], [ 18.994879769066866, 69.630748830453911 ], [ 18.994890628762921, 69.630723338394262 ], [ 18.994896040237659, 69.630699280864874 ], [ 18.994907346996953, 69.630668903891859 ], [ 18.994907543638014, 69.630648565491981 ], [ 18.994914258558641, 69.630625163740234 ], [ 18.994912670349784, 69.630603021122909 ], [ 18.994916565235773, 69.630583040734308 ], [ 18.994921658200667, 69.630555135914705 ], [ 18.994928246079752, 69.630531389143471 ], [ 18.994934926223049, 69.630505966478367 ], [ 18.99493242856984, 69.630482496200869 ], [ 18.994939385442716, 69.630452190682931 ], [ 18.994949990733243, 69.63042370473562 ], [ 18.994944680391246, 69.630397480403502 ], [ 18.994956398160852, 69.630371340038806 ], [ 18.994956235635918, 69.630345637800318 ], [ 18.994965378907295, 69.63031600681667 ], [ 18.99496748330143, 69.630290333902806 ], [ 18.994940877110366, 69.630264045217416 ], [ 18.994953503468842, 69.630236565340937 ], [ 18.994968504853894, 69.630210315264577 ], [ 18.994979998785695, 69.630184316798235 ], [ 18.994966887399645, 69.630157721929223 ], [ 18.994967162302853, 69.630136006768979 ], [ 18.994987704839581, 69.630108582550989 ], [ 18.995013137117247, 69.630089037581428 ], [ 18.995017230554293, 69.630063290552911 ], [ 18.995013645430841, 69.630038181476849 ], [ 18.995023467857823, 69.630013128499442 ], [ 18.995041488929257, 69.629988047113869 ], [ 18.995063338931029, 69.629964256707567 ], [ 18.99508237646365, 69.629938479690423 ], [ 18.995106803064552, 69.629920101190933 ], [ 18.995136514398894, 69.629898226294713 ], [ 18.995166754089979, 69.629878434347248 ], [ 18.995185629688383, 69.629856242181148 ], [ 18.995221067740538, 69.629842726280302 ], [ 18.995254330233635, 69.629827820549878 ], [ 18.995318769192554, 69.629814338824758 ], [ 18.995359205006231, 69.629793533428867 ], [ 18.995375734551562, 69.629771479046141 ], [ 18.995411669654612, 69.629747812845849 ], [ 18.995431351875666, 69.629725259109748 ], [ 18.995407123416225, 69.629706359928548 ], [ 18.9953764201525, 69.629679286966322 ], [ 18.995338563689231, 69.629657683615292 ], [ 18.995325358339038, 69.629632699214611 ], [ 18.995317924175293, 69.629604809209567 ], [ 18.995325363330462, 69.629575179166721 ], [ 18.995313503129005, 69.629550265451499 ], [ 18.995313286089509, 69.629524154805665 ], [ 18.995310842344072, 69.629497331649816 ], [ 18.995305380125682, 69.62947133210335 ], [ 18.995300213306432, 69.629445680029178 ], [ 18.995278102284491, 69.629418286736993 ], [ 18.995283688064479, 69.629397069310542 ], [ 18.995273120863615, 69.629372534578209 ], [ 18.995255423817699, 69.629348512567717 ], [ 18.995253511926975, 69.629320032909305 ], [ 18.995231510693102, 69.629294090276971 ], [ 18.995213382974875, 69.629266695425926 ], [ 18.995180562152211, 69.629241761289393 ], [ 18.995162116923094, 69.629219784892172 ], [ 18.995151974125942, 69.629202027306803 ], [ 18.995140203844208, 69.629173634053259 ], [ 18.995142589570964, 69.629153008024929 ], [ 18.995142293908515, 69.629121604166357 ], [ 18.995127083895071, 69.629092582252028 ], [ 18.995092514083378, 69.629064372046159 ], [ 18.99506538748599, 69.629038047515678 ], [ 18.995025880326949, 69.629013158893684 ], [ 18.995000006802901, 69.628989738066792 ], [ 18.995001236674781, 69.628961690567408 ], [ 18.995017759969116, 69.628932307137021 ], [ 18.995030070458629, 69.628903384302873 ], [ 18.99501486717644, 69.628879809759283 ], [ 18.994997942449583, 69.628856220281151 ], [ 18.994986847588095, 69.628835922771358 ], [ 18.994943960721731, 69.628812196148274 ], [ 18.994913999031912, 69.628796463206967 ], [ 18.994898639550943, 69.628769584350067 ], [ 18.994909839495929, 69.628741482075881 ], [ 18.99490187147693, 69.628711683299926 ], [ 18.994887338715127, 69.628685564007071 ], [ 18.994903118316245, 69.628655994446021 ], [ 18.994914778148484, 69.628633063227184 ], [ 18.994921624935717, 69.628606293850225 ], [ 18.994942440588289, 69.628579574124473 ], [ 18.994937083329429, 69.62855217025222 ], [ 18.994952791918141, 69.628531735038592 ], [ 18.994961674766611, 69.628509127531714 ], [ 18.9949969326311, 69.628489341201032 ], [ 18.994999509358273, 69.628463581148935 ], [ 18.994978329991856, 69.628438359216076 ], [ 18.994686444292284, 69.628405183457517 ], [ 18.994995290431188, 69.628353095678264 ], [ 18.995025884377764, 69.628326986049885 ], [ 18.995036780851887, 69.628304354911322 ] ] } },
{ "type": "Feature", "properties": { "id": 119, "group_name": "Group 1", "observation_type": "Track faint trails", "measurement": "", "note": "", "wet_trail_condition": "", "erosion_feature": "", "gps_accuracy": 3.0, "created_at": "2026-09-12T12:43:31.63619+00:00", "photo_url": null }, "geometry": { "type": "LineString", "coordinates": [ [ 18.9956191, 69.6252039 ], [ 18.9955587, 69.6252068 ], [ 18.9955052, 69.6252007 ], [ 18.9954525, 69.6252022 ], [ 18.9954071, 69.6252142 ], [ 18.9953579, 69.6252236 ], [ 18.995301, 69.625228 ], [ 18.9952326, 69.6252301 ], [ 18.9951764, 69.6252271 ], [ 18.9951208, 69.6252258 ], [ 18.9950492, 69.6252214 ], [ 18.9949916, 69.6252208 ], [ 18.9949224, 69.6252162 ], [ 18.9948506, 69.6252117 ], [ 18.9948167, 69.6251978 ] ] } },
{ "type": "Feature", "properties": { "id": 118, "group_name": "Group 1", "observation_type": "Track faint trails", "measurement": "", "note": "", "wet_trail_condition": "", "erosion_feature": "", "gps_accuracy": 2.50939706905476, "created_at": "2026-09-12T12:42:56.676668+00:00", "photo_url": null }, "geometry": { "type": "LineString", "coordinates": [ [ 18.99991410709768, 69.627769708313878 ], [ 18.99983767354755, 69.627766564022565 ], [ 18.999770505323578, 69.627765913237724 ], [ 18.999705485134374, 69.627774393874233 ], [ 18.999643798694596, 69.627775916129721 ], [ 18.999584378963792, 69.6277659587183 ], [ 18.999581599544701, 69.627795155062273 ], [ 18.999538692943329, 69.627807405316474 ] ] } },
{ "type": "Feature", "properties": { "id": 117, "group_name": "Group 1", "observation_type": "Track faint trails", "measurement": "", "note": "", "wet_trail_condition": "", "erosion_feature": "", "gps_accuracy": 2.85144612692361, "created_at": "2026-09-12T12:41:16.695941+00:00", "photo_url": null }, "geometry": { "type": "LineString", "coordinates": [ [ 18.99963337972348, 69.627396747356769 ], [ 18.999686939315758, 69.627407764143925 ], [ 18.999724928617251, 69.627422540060309 ], [ 18.999771490378862, 69.627431129487618 ], [ 18.999812208548025, 69.627448963962564 ], [ 18.999853768478857, 69.627466690202297 ], [ 18.999876129467516, 69.627485547943309 ], [ 18.999926864835825, 69.627490680569224 ], [ 18.999956209710238, 69.627510438039195 ], [ 19.000012194514078, 69.627529769155956 ], [ 19.000065827816901, 69.627539931210023 ], [ 19.000111597601975, 69.627548735237639 ], [ 19.000149050881916, 69.6275719065749 ], [ 19.000199184680334, 69.627588101082651 ], [ 19.000239630153899, 69.627608807716925 ], [ 19.000264085588597, 69.627627262305211 ], [ 19.000309123014716, 69.627650476022765 ], [ 19.000335993357627, 69.627669920604333 ], [ 19.000254970060585, 69.627668654418784 ], [ 19.000190240118336, 69.627668512036891 ], [ 19.000113554429348, 69.627675834652365 ], [ 19.000067872180296, 69.627685682399218 ], [ 19.000032733723199, 69.62769959114641 ], [ 18.999978713898429, 69.62770518797997 ], [ 18.999919603307923, 69.627715304792389 ], [ 18.999921981684707, 69.627736894295538 ], [ 18.999925646169611, 69.627756929859785 ], [ 18.999934779498361, 69.627775202989568 ], [ 18.999958035014611, 69.627792528980223 ], [ 19.000006544436538, 69.6278041944324 ], [ 19.000059290074795, 69.627813720384069 ], [ 19.000095372289113, 69.627827970896732 ], [ 19.000117683898967, 69.627850918110795 ], [ 19.000125083361869, 69.627871419330575 ], [ 19.0000727103283, 69.627888070710029 ], [ 19.000053808308305, 69.627907866281376 ], [ 19.000069955438786, 69.6279287159783 ], [ 19.000092625293938, 69.627952421575372 ], [ 19.000120703551104, 69.627972217503881 ], [ 19.00009411202381, 69.627991550800374 ], [ 19.0000694379229, 69.62800738331606 ], [ 19.000104763303661, 69.628024340480309 ], [ 19.000038951417991, 69.628016727345383 ], [ 18.999979859667889, 69.628015589234522 ], [ 18.999906176122828, 69.628013945583916 ], [ 18.999855730606047, 69.62800190822233 ], [ 18.999772665479604, 69.627997305189595 ], [ 18.999690748335418, 69.627998585810644 ], [ 18.999627385221284, 69.627996885215595 ], [ 18.999541614651239, 69.628000010830775 ], [ 18.999476663233619, 69.628000915126364 ] ] } },
{ "type": "Feature", "properties": { "id": 116, "group_name": "Group 1", "observation_type": "Track faint trails", "measurement": "", "note": "", "wet_trail_condition": "", "erosion_feature": "", "gps_accuracy": 3.0, "created_at": "2026-09-12T12:40:01.346206+00:00", "photo_url": null }, "geometry": { "type": "LineString", "coordinates": [ [ 18.9961142, 69.626204 ], [ 18.9960725, 69.6261882 ], [ 18.9960359, 69.626172 ], [ 18.9959956, 69.626153 ], [ 18.9959671, 69.6261375 ], [ 18.9959561, 69.6261184 ], [ 18.9959155, 69.6261048 ], [ 18.9958854, 69.6260899 ], [ 18.9958375, 69.6260831 ], [ 18.9958122, 69.626062 ], [ 18.9958425, 69.6260474 ], [ 18.9959091, 69.6260421 ], [ 18.9959176, 69.6260241 ], [ 18.9958988, 69.6260063 ], [ 18.9958918, 69.6259874 ], [ 18.995848, 69.6259673 ], [ 18.9958302, 69.6259502 ], [ 18.9958414, 69.62593 ], [ 18.9958835, 69.625918 ], [ 18.9959338, 69.6259009 ], [ 18.9959852, 69.6258931 ], [ 18.9960358, 69.6259028 ], [ 18.9960523, 69.6258843 ], [ 18.996033, 69.6258626 ], [ 18.9959922, 69.6258506 ], [ 18.9959356, 69.6258432 ], [ 18.9959387, 69.6258194 ], [ 18.9959508, 69.6258002 ], [ 18.9959797, 69.6257834 ], [ 18.9960332, 69.6257856 ], [ 18.9960629, 69.625767 ], [ 18.9960506, 69.6257452 ], [ 18.9960618, 69.6257246 ], [ 18.9960432, 69.625705 ], [ 18.9960392, 69.6256833 ], [ 18.9960279, 69.6256654 ] ] } },
{ "type": "Feature", "properties": { "id": 115, "group_name": "Group 1", "observation_type": "Track faint trails", "measurement": "", "note": "", "wet_trail_condition": "", "erosion_feature": "", "gps_accuracy": 3.0, "created_at": "2026-09-12T12:39:48.456278+00:00", "photo_url": null }, "geometry": { "type": "LineString", "coordinates": [ [ 18.9995486, 69.6274061 ], [ 18.999577, 69.6273904 ], [ 18.9996441, 69.6273779 ], [ 18.9997241, 69.6273761 ], [ 18.9997893, 69.6273779 ], [ 18.9998463, 69.6273724 ], [ 18.9998921, 69.6273518 ], [ 18.9999403, 69.6273419 ], [ 18.9999843, 69.6273541 ], [ 19.0000143, 69.6273701 ], [ 19.0000491, 69.6273851 ], [ 19.0001011, 69.6273898 ], [ 19.0001461, 69.6273999 ], [ 19.0002088, 69.6274238 ], [ 19.0002445, 69.6274465 ], [ 19.0002675, 69.6274674 ], [ 19.0002621, 69.6274881 ], [ 19.0002194, 69.6275091 ], [ 19.0001807, 69.627525 ], [ 19.0001285, 69.627546 ], [ 19.000149, 69.6275626 ], [ 19.0000872, 69.6275537 ], [ 19.00008, 69.6275324 ], [ 19.000111, 69.6275126 ], [ 19.0001209, 69.6274926 ], [ 19.0000872, 69.6274626 ], [ 19.0001033, 69.6274434 ], [ 19.0000826, 69.6274255 ], [ 19.0000523, 69.62741 ], [ 19.000022, 69.6273949 ] ] } },
{ "type": "Feature", "properties": { "id": 114, "group_name": "Group 1", "observation_type": "Track faint trails", "measurement": "", "note": "", "wet_trail_condition": "", "erosion_feature": "", "gps_accuracy": 3.0, "created_at": "2026-09-12T12:38:13.75371+00:00", "photo_url": null }, "geometry": { "type": "LineString", "coordinates": [ [ 18.9992321, 69.627757 ], [ 18.9991869, 69.6277394 ], [ 18.9991483, 69.6277204 ], [ 18.9991215, 69.627699 ], [ 18.9990951, 69.6276767 ], [ 18.9990962, 69.6276513 ], [ 18.9991132, 69.6276334 ], [ 18.9991128, 69.6276141 ], [ 18.9991278, 69.6275956 ], [ 18.9991601, 69.6275758 ], [ 18.999196, 69.627556 ], [ 18.9992068, 69.627538 ], [ 18.9991689, 69.6275228 ], [ 18.9991293, 69.6275105 ], [ 18.9991266, 69.6274902 ], [ 18.9990894, 69.6274763 ], [ 18.9990524, 69.6274598 ], [ 18.999007, 69.62743 ], [ 18.9989987, 69.6274061 ], [ 18.998981, 69.6273846 ], [ 18.9989618, 69.6273601 ], [ 18.9989897, 69.6273416 ], [ 18.9989639, 69.6273247 ], [ 18.9989421, 69.6273062 ], [ 18.9989589, 69.6272881 ], [ 18.9989712, 69.6272702 ] ] } },
{ "type": "Feature", "properties": { "id": 113, "group_name": "Group 1", "observation_type": "Track faint trails", "measurement": "", "note": "", "wet_trail_condition": "", "erosion_feature": "", "gps_accuracy": 3.0, "created_at": "2026-09-12T12:37:56.562032+00:00", "photo_url": null }, "geometry": { "type": "LineString", "coordinates": [ [ 18.9990578, 69.6275083 ], [ 18.9990791, 69.627491 ], [ 18.9991588, 69.6274858 ], [ 18.9992136, 69.6274912 ], [ 18.9992715, 69.6274934 ], [ 18.9993099, 69.6275057 ], [ 18.9993661, 69.6274304 ], [ 18.9993877, 69.6274114 ], [ 18.9994628, 69.6274153 ], [ 18.9995154, 69.6274089 ] ] } },
{ "type": "Feature", "properties": { "id": 112, "group_name": "Group 1", "observation_type": "Track faint trails", "measurement": "", "note": "", "wet_trail_condition": "", "erosion_feature": "", "gps_accuracy": 3.0, "created_at": "2026-09-12T12:37:03.477056+00:00", "photo_url": null }, "geometry": { "type": "LineString", "coordinates": [ [ 18.9994828, 69.6277666 ], [ 18.9994232, 69.6277609 ], [ 18.9993674, 69.6277629 ], [ 18.9992946, 69.6277676 ], [ 18.9992179, 69.6277672 ], [ 18.9991831, 69.6277506 ], [ 18.9991533, 69.6277358 ], [ 18.9991497, 69.6277143 ], [ 18.9990973, 69.6277084 ], [ 18.9990584, 69.6276901 ], [ 18.9990524, 69.6276717 ], [ 18.999057, 69.6276503 ], [ 18.999144, 69.6274954 ], [ 18.9990964, 69.6274872 ] ] } },
{ "type": "Feature", "properties": { "id": 109, "group_name": "Group 1", "observation_type": "Track faint trails", "measurement": "", "note": "", "wet_trail_condition": "", "erosion_feature": "", "gps_accuracy": 3.0, "created_at": "2026-09-12T12:35:47.179703+00:00", "photo_url": null }, "geometry": { "type": "LineString", "coordinates": [ [ 18.9979289, 69.6279455 ], [ 18.9978819, 69.6279378 ], [ 18.9979368, 69.6279455 ], [ 18.99799, 69.6279508 ], [ 18.998041, 69.6279464 ], [ 18.9980883, 69.6279359 ], [ 18.9981363, 69.6279256 ], [ 18.9981878, 69.6279179 ], [ 18.9982128, 69.6279016 ], [ 18.9982508, 69.6278848 ], [ 18.9982918, 69.627873 ], [ 18.9990241, 69.6277827 ], [ 18.9991485, 69.6277777 ], [ 18.9991875, 69.6277642 ], [ 18.9991871, 69.6277411 ], [ 18.9992609, 69.6277356 ], [ 18.9992928, 69.6277588 ], [ 18.9993458, 69.6277684 ], [ 18.9994005, 69.6277754 ], [ 18.9994561, 69.6277722 ] ] } },
{ "type": "Feature", "properties": { "id": 108, "group_name": "Group 1", "observation_type": "Track faint trails", "measurement": "", "note": "", "wet_trail_condition": "", "erosion_feature": "", "gps_accuracy": 2.3248966821906398, "created_at": "2026-09-12T12:35:21.509121+00:00", "photo_url": null }, "geometry": { "type": "LineString", "coordinates": [ [ 18.99941704430714, 69.627877952018594 ], [ 18.999367125483758, 69.627869573855151 ], [ 18.999343493655289, 69.627846253013857 ], [ 18.999304744593189, 69.627825907617293 ], [ 18.999270561502406, 69.627810478131906 ], [ 18.999270440303725, 69.627783246453305 ], [ 18.999274255020424, 69.627758770478238 ], [ 18.99925844976962, 69.627737283648344 ], [ 18.999234965281033, 69.627718555785094 ], [ 18.999247002659658, 69.627692331045651 ], [ 18.999260371647516, 69.627674783949317 ], [ 18.999295754247235, 69.627651865563806 ], [ 18.999342549839316, 69.627643584179253 ], [ 18.999416877162517, 69.627630624141815 ], [ 18.999467333768653, 69.627614707790443 ], [ 18.999513862086008, 69.627604387900362 ] ] } },
{ "type": "Feature", "properties": { "id": 107, "group_name": "Group 1", "observation_type": "Track >1 m wide sections", "measurement": "", "note": "", "wet_trail_condition": "", "erosion_feature": "", "gps_accuracy": 3.0, "created_at": "2026-09-12T12:34:29.717325+00:00", "photo_url": null }, "geometry": { "type": "LineString", "coordinates": [ [ 18.9995213, 69.6288918 ], [ 18.9995447, 69.6288731 ], [ 18.9995686, 69.6288549 ], [ 18.9995839, 69.6288368 ], [ 18.9996109, 69.628821 ], [ 18.9996104, 69.6287968 ], [ 18.9996119, 69.6287754 ], [ 18.9996108, 69.6287551 ], [ 18.9995814, 69.6287387 ], [ 18.9995463, 69.6287237 ], [ 18.999523, 69.6287045 ], [ 18.999526, 69.6286845 ], [ 18.9995649, 69.6285326 ], [ 18.9995549, 69.6285146 ], [ 18.9995302, 69.6284983 ], [ 18.9994765, 69.628488 ], [ 18.9994452, 69.6284705 ], [ 18.9994182, 69.6284548 ], [ 18.9993832, 69.6284382 ], [ 18.9993598, 69.6284161 ], [ 18.9993791, 69.6283939 ], [ 18.9993702, 69.6283748 ], [ 18.9993608, 69.6283544 ], [ 18.999361, 69.6283341 ], [ 18.999363, 69.6283117 ], [ 18.9994026, 69.6282943 ], [ 18.999399, 69.6282746 ], [ 18.9994269, 69.6282591 ], [ 18.9994289, 69.6282403 ], [ 18.9994065, 69.6282236 ], [ 18.9993854, 69.6282032 ], [ 18.9994151, 69.628183 ], [ 18.9994468, 69.6281661 ], [ 18.9994817, 69.6281482 ], [ 18.9995051, 69.6281318 ], [ 18.9995418, 69.6281159 ], [ 18.9995359, 69.6280957 ], [ 18.999584, 69.628084 ], [ 18.9996234, 69.6280672 ], [ 18.9996172, 69.6280492 ], [ 18.9995916, 69.6280306 ], [ 18.9995624, 69.6280099 ], [ 18.9995245, 69.627997 ], [ 18.999491, 69.6279815 ], [ 18.9994984, 69.6279592 ], [ 18.999515, 69.6279403 ], [ 18.9994908, 69.6279232 ], [ 18.9994868, 69.6279028 ], [ 18.9995147, 69.6278822 ], [ 18.9995185, 69.6278609 ], [ 18.9995065, 69.6278421 ], [ 18.9995109, 69.627821 ], [ 18.999517, 69.6278018 ], [ 18.9995648, 69.6277913 ], [ 18.9995426, 69.6277742 ], [ 18.9995221, 69.6277516 ], [ 18.9994994, 69.6277339 ], [ 18.9995184, 69.6277125 ], [ 18.999489, 69.6276973 ] ] } },
{ "type": "Feature", "properties": { "id": 105, "group_name": "Group 1", "observation_type": "Track >1 m wide sections", "measurement": "", "note": "Continues after a small section just under a meter. (Photo)", "wet_trail_condition": "", "erosion_feature": "", "gps_accuracy": 3.0, "created_at": "2026-09-12T12:33:10.29061+00:00", "photo_url": "https://oehndpyzeoywfypqtsjs.supabase.co/storage/v1/object/public/observation-photos/105/1789216392274.jpg" }, "geometry": { "type": "LineString", "coordinates": [ [ 18.9963503, 69.626363 ], [ 18.9963773, 69.6263435 ], [ 18.9963732, 69.6263212 ], [ 18.9963294, 69.626307 ], [ 18.9962556, 69.6263044 ], [ 18.996203, 69.6262952 ], [ 18.9961606, 69.6262837 ], [ 18.9961139, 69.6262667 ], [ 18.9961255, 69.6262489 ], [ 18.996163, 69.6262345 ], [ 18.9961656, 69.6262103 ], [ 18.9961798, 69.6261917 ], [ 18.9961244, 69.6261827 ], [ 18.9961868, 69.6261925 ], [ 18.996242, 69.6261973 ], [ 18.996306, 69.6261935 ], [ 18.9963618, 69.6261853 ], [ 18.9964096, 69.6261765 ] ] } },
{ "type": "Feature", "properties": { "id": 104, "group_name": "Group 1", "observation_type": "Track and measure width", "measurement": "50–100 cm", "note": "", "wet_trail_condition": "", "erosion_feature": "", "gps_accuracy": 3.0559372190666099, "created_at": "2026-09-12T12:32:18.154828+00:00", "photo_url": null }, "geometry": { "type": "LineString", "coordinates": [ [ 18.999008378227039, 69.627238432295755 ], [ 18.999067182924822, 69.627231712981398 ], [ 18.99912495795418, 69.627251845068741 ], [ 18.999173497858987, 69.627268088845128 ], [ 18.999226456029547, 69.627276471325615 ], [ 18.999292930496456, 69.627284249103269 ], [ 18.999357780008424, 69.627296749239903 ], [ 18.999431673402647, 69.627302532172351 ], [ 18.999496307395791, 69.627303392078161 ], [ 18.999548066071604, 69.627310715516373 ], [ 18.999618247600619, 69.627312405811196 ], [ 18.999679221451139, 69.627318723726376 ] ] } },
{ "type": "Feature", "properties": { "id": 103, "group_name": "Group 1", "observation_type": "Track >1 m wide sections", "measurement": "", "note": "", "wet_trail_condition": "", "erosion_feature": "", "gps_accuracy": 3.8210000991821298, "created_at": "2026-09-12T12:32:03.662608+00:00", "photo_url": null }, "geometry": { "type": "LineString", "coordinates": [ [ 18.9958337, 69.6296095 ], [ 18.9958112, 69.6295815 ], [ 18.9957894, 69.6295548 ], [ 18.9957597, 69.6295369 ], [ 18.9957278, 69.6295217 ], [ 18.9957091, 69.6295042 ], [ 18.9956734, 69.6294799 ], [ 18.9956372, 69.629465 ], [ 18.9955979, 69.6294496 ], [ 18.9955327, 69.6294448 ], [ 18.9954646, 69.629446 ], [ 18.9953618, 69.6294313 ] ] } },
{ "type": "Feature", "properties": { "id": 102, "group_name": "Group 1", "observation_type": "Track and measure width", "measurement": "> 100 cm", "note": "", "wet_trail_condition": "", "erosion_feature": "", "gps_accuracy": 3.4985272907879801, "created_at": "2026-09-12T12:31:33.312713+00:00", "photo_url": null }, "geometry": { "type": "LineString", "coordinates": [ [ 18.998378467066416, 69.62726136948298 ], [ 18.998343357834031, 69.627195303393179 ], [ 18.998363139125516, 69.627219610912377 ], [ 18.998407395574262, 69.627232141857618 ], [ 18.998455423879435, 69.627240398032242 ], [ 18.998528849351217, 69.627247187373811 ], [ 18.998576458561232, 69.627255569276983 ], [ 18.998654819360638, 69.627256129186023 ], [ 18.998731971419154, 69.627252378661638 ], [ 18.998788463192295, 69.627247981349683 ], [ 18.998861013796581, 69.627242778044362 ], [ 18.998914557892707, 69.627239406311702 ] ] } },
{ "type": "Feature", "properties": { "id": 100, "group_name": "Group 1", "observation_type": "Track >1 m wide sections", "measurement": "", "note": "", "wet_trail_condition": "", "erosion_feature": "", "gps_accuracy": 2.6830754499177298, "created_at": "2026-09-12T12:30:32.507015+00:00", "photo_url": null }, "geometry": { "type": "LineString", "coordinates": [ [ 19.003997102772832, 69.634389478726263 ], [ 19.003967313094304, 69.634408315203444 ], [ 19.00396570332952, 69.634432674122749 ], [ 19.003958278073437, 69.634455476680316 ], [ 19.003929658504855, 69.634482161272913 ], [ 19.003876695655997, 69.634486257583092 ], [ 19.003837180346192, 69.634501685941459 ], [ 19.003796665825025, 69.634538442847941 ], [ 19.003763977320009, 69.63455672946067 ], [ 19.003699188737475, 69.634587515960007 ], [ 19.003677686739593, 69.634606421879695 ], [ 19.0036345204336, 69.634624330199074 ], [ 19.003558115770812, 69.634644894713503 ], [ 19.003531718811228, 69.634669956553751 ], [ 19.003473845936174, 69.634696840353371 ], [ 19.003448065710916, 69.63471374683219 ], [ 19.003446663871696, 69.634746928844834 ], [ 19.003366778883109, 69.634772207281102 ], [ 19.003325774534403, 69.634789827976377 ], [ 19.003265042834048, 69.634803574578783 ], [ 19.003214528014126, 69.634822297923421 ], [ 19.003142434049824, 69.634833440347322 ], [ 19.003087033796469, 69.634843011249004 ], [ 19.003034150562176, 69.634852239932371 ], [ 19.002993464884849, 69.634867739821601 ], [ 19.00293355047398, 69.634885363165509 ], [ 19.002877193982894, 69.634898904430443 ], [ 19.002851166920316, 69.634921300918975 ], [ 19.002811314688248, 69.63494275194607 ], [ 19.002759276686973, 69.634955006489449 ], [ 19.002719336911817, 69.634968780238879 ], [ 19.00267034520304, 69.63498782669437 ], [ 19.00262119762122, 69.635001861227366 ], [ 19.002545555211356, 69.635016468256822 ], [ 19.002467075162308, 69.635018517396887 ], [ 19.002408581199671, 69.63501459074925 ], [ 19.002359129944459, 69.635022294255478 ], [ 19.002300691871802, 69.635021511146078 ], [ 19.002242441464524, 69.635008419463091 ], [ 19.002175370798202, 69.635007762166893 ], [ 19.002104822744066, 69.635026863515762 ], [ 19.002034654302932, 69.635036947835673 ], [ 19.001963466293965, 69.635032644250856 ], [ 19.001896994262108, 69.635026547208085 ], [ 19.001831891236229, 69.635028252958378 ], [ 19.001762865821487, 69.635043204044493 ], [ 19.001692816005928, 69.635043636445445 ], [ 19.001635686394842, 69.635048544145548 ], [ 19.00158203819452, 69.635046855738096 ], [ 19.001507893971642, 69.635045601596246 ], [ 19.001436576138801, 69.635045352749543 ], [ 19.00136461225361, 69.635041914705369 ] ] } },
{ "type": "Feature", "properties": { "id": 99, "group_name": "Group 1", "observation_type": "Track >1 m wide sections", "measurement": "", "note": "", "wet_trail_condition": "", "erosion_feature": "", "gps_accuracy": 3.0, "created_at": "2026-09-12T12:30:32.077937+00:00", "photo_url": null }, "geometry": { "type": "LineString", "coordinates": [ [ 18.9960158, 69.6270521 ], [ 18.9960018, 69.6270288 ], [ 18.9959909, 69.6270097 ], [ 18.9959961, 69.6269907 ], [ 18.9960071, 69.6269707 ], [ 18.9960093, 69.626952 ], [ 18.9959873, 69.6269287 ], [ 18.9960016, 69.6269053 ], [ 18.9960049, 69.6268862 ], [ 18.9960038, 69.6268634 ], [ 18.9960155, 69.6268411 ], [ 18.9960289, 69.6268195 ], [ 18.9960127, 69.6267967 ], [ 18.99599, 69.6267798 ], [ 18.9959877, 69.6267574 ], [ 18.9959877, 69.6267377 ], [ 18.9959895, 69.6267168 ], [ 18.9959532, 69.6266995 ], [ 18.9959871, 69.626683 ], [ 18.9959653, 69.6266666 ], [ 18.995932, 69.6266485 ], [ 18.9959181, 69.6266274 ], [ 18.9959533, 69.626611 ], [ 18.9959987, 69.6266015 ], [ 18.9960212, 69.6265824 ], [ 18.9960215, 69.6265592 ], [ 18.9960252, 69.6265367 ], [ 18.9960139, 69.6265189 ], [ 18.9960187, 69.626495 ], [ 18.9960591, 69.6264752 ], [ 18.9960945, 69.6264583 ], [ 18.9961066, 69.6264382 ], [ 18.996143, 69.6264241 ], [ 18.9961776, 69.6264103 ] ] } },
{ "type": "Feature", "properties": { "id": 98, "group_name": "Group 1", "observation_type": "Track and measure width", "measurement": "< 50 cm", "note": "", "wet_trail_condition": "", "erosion_feature": "", "gps_accuracy": 3.4994043601410398, "created_at": "2026-09-12T12:30:25.533896+00:00", "photo_url": null }, "geometry": { "type": "LineString", "coordinates": [ [ 18.997509425270145, 69.627238743511825 ], [ 18.997589361488171, 69.627248795325784 ], [ 18.997646594589199, 69.627254471222173 ], [ 18.997706577624886, 69.627262918762312 ], [ 18.997766213153589, 69.627266932302945 ], [ 18.997823264234366, 69.627275801139959 ], [ 18.997887835981548, 69.627276373573295 ], [ 18.997959962486082, 69.627273193329131 ], [ 18.998028067393189, 69.627268285579333 ], [ 18.99808037593337, 69.627263473315352 ], [ 18.998130809852622, 69.62725858981571 ], [ 18.998200024542047, 69.627251408142882 ], [ 18.998255652863545, 69.6272533056394 ], [ 18.99833216041614, 69.627254082388461 ] ] } },
{ "type": "Feature", "properties": { "id": 97, "group_name": "Group 1", "observation_type": "Track >1 m wide sections", "measurement": "", "note": "", "wet_trail_condition": "", "erosion_feature": "", "gps_accuracy": 3.0250000953674299, "created_at": "2026-09-12T12:30:08.797758+00:00", "photo_url": null }, "geometry": { "type": "LineString", "coordinates": [ [ 18.9995405, 69.6288679 ], [ 18.9995048, 69.6288882 ], [ 18.999487, 69.6289073 ], [ 18.9994518, 69.6289293 ], [ 18.9994227, 69.6289444 ], [ 18.9993763, 69.6289672 ], [ 18.9993438, 69.6289885 ], [ 18.9993353, 69.6290095 ], [ 18.999314, 69.6290265 ], [ 18.9992892, 69.6290472 ], [ 18.9992573, 69.629063 ], [ 18.9992113, 69.6290783 ] ] } },
{ "type": "Feature", "properties": { "id": 96, "group_name": "Group 1", "observation_type": "Track >1 m wide sections", "measurement": "", "note": "", "wet_trail_condition": "", "erosion_feature": "", "gps_accuracy": 3.4979999065399201, "created_at": "2026-09-12T12:29:41.287864+00:00", "photo_url": null }, "geometry": { "type": "LineString", "coordinates": [ [ 18.9996937, 69.6294617 ], [ 18.9996847, 69.6294433 ], [ 18.9997027, 69.6294246 ], [ 18.9997201, 69.6294021 ], [ 18.9997215, 69.629383 ], [ 18.9997346, 69.6293656 ], [ 18.9997629, 69.62935 ], [ 18.9997579, 69.6293287 ], [ 18.9997507, 69.6293084 ], [ 18.9997309, 69.6292875 ], [ 18.9997338, 69.6292693 ], [ 18.9997296, 69.6292502 ], [ 18.9997074, 69.6292259 ], [ 18.9997049, 69.6292079 ], [ 18.9997027, 69.6291899 ], [ 18.9996886, 69.629165 ], [ 18.999683, 69.6291449 ], [ 18.9996721, 69.6291266 ], [ 18.9996615, 69.6291051 ], [ 18.9996454, 69.6290854 ], [ 18.9996375, 69.6290665 ], [ 18.9996249, 69.629048 ], [ 18.9996102, 69.6290269 ], [ 18.999613, 69.6290077 ], [ 18.9996146, 69.6289857 ], [ 18.999603, 69.6289642 ], [ 18.9996332, 69.6289406 ], [ 18.9996229, 69.6289227 ], [ 18.9996385, 69.6289023 ], [ 18.9996306, 69.6288772 ], [ 18.999629, 69.6288534 ] ] } },
{ "type": "Feature", "properties": { "id": 95, "group_name": "Group 1", "observation_type": "Track faint trails", "measurement": "", "note": "", "wet_trail_condition": "", "erosion_feature": "", "gps_accuracy": 3.8849999904632599, "created_at": "2026-09-12T12:29:17.113476+00:00", "photo_url": null }, "geometry": { "type": "LineString", "coordinates": [ [ 18.9950315, 69.6299759 ], [ 18.9950323, 69.6299541 ], [ 18.9950166, 69.6299259 ], [ 18.9949761, 69.6299072 ], [ 18.9949536, 69.6298884 ], [ 18.9949523, 69.6298682 ], [ 18.9949518, 69.6298429 ], [ 18.9949789, 69.6298258 ], [ 18.994993, 69.6298076 ], [ 18.9949676, 69.6297865 ], [ 18.994992, 69.6297682 ], [ 18.995027, 69.6297519 ], [ 18.9950121, 69.6297336 ], [ 18.9949412, 69.629717 ], [ 18.9948977, 69.6297069 ], [ 18.996246, 69.6359171 ], [ 18.994994, 69.6298085 ] ] } },
{ "type": "Feature", "properties": { "id": 94, "group_name": "Group 1", "observation_type": "Track and measure width", "measurement": "50–100 cm", "note": "", "wet_trail_condition": "", "erosion_feature": "", "gps_accuracy": 2.2833203461397198, "created_at": "2026-09-12T12:29:08.901615+00:00", "photo_url": null }, "geometry": { "type": "LineString", "coordinates": [ [ 18.997221607732584, 69.627220407193363 ], [ 18.99730487139194, 69.627217774607587 ], [ 18.997382769477063, 69.627215227894837 ], [ 18.997439608287181, 69.627222611006729 ], [ 18.997488272775861, 69.627230711261262 ] ] } },
{ "type": "Feature", "properties": { "id": 93, "group_name": "Group 1", "observation_type": "Track and measure width", "measurement": "< 50 cm", "note": "", "wet_trail_condition": "", "erosion_feature": "", "gps_accuracy": 4.7486515301917596, "created_at": "2026-09-12T12:28:47.929353+00:00", "photo_url": null }, "geometry": { "type": "LineString", "coordinates": [ [ 18.996056692224297, 69.62710989134446 ], [ 18.995995922031806, 69.627093127993703 ], [ 18.988843525989253, 69.641800982442703 ], [ 18.996477462369015, 69.62718801113742 ], [ 18.996548457088878, 69.627186460485333 ], [ 18.996650381031444, 69.627194255655283 ], [ 18.996723471227099, 69.627199326706702 ], [ 18.996781725454142, 69.627202763287002 ], [ 18.996835285815408, 69.627207457152778 ], [ 18.996927989664485, 69.627216090513045 ], [ 18.997003426793029, 69.627219149907702 ], [ 18.997075846436431, 69.62721806026029 ], [ 18.997133540421988, 69.627216572810298 ], [ 18.997185760088957, 69.627218412294354 ] ] } },
{ "type": "Feature", "properties": { "id": 91, "group_name": "Group 1", "observation_type": "Track >1 m wide sections", "measurement": "", "note": "", "wet_trail_condition": "", "erosion_feature": "", "gps_accuracy": 4.5672801055973098, "created_at": "2026-09-12T12:28:18.550286+00:00", "photo_url": null }, "geometry": { "type": "LineString", "coordinates": [ [ 19.004302157956491, 69.634128815259814 ], [ 19.004298588802936, 69.634152452424061 ], [ 19.004268438638942, 69.634170780106444 ], [ 19.004238664340019, 69.634189508337599 ], [ 19.004216688490544, 69.6342125477465 ], [ 19.004190086094408, 69.634228764257102 ], [ 19.004174834401454, 69.634256822727551 ], [ 19.004126497613399, 69.634279117406621 ], [ 19.004100956130515, 69.634294754229913 ], [ 19.004083405673171, 69.634319680835162 ], [ 19.004049153173003, 69.63434082568763 ], [ 19.004025235750074, 69.634358348244604 ], [ 19.00400544225587, 69.634380537327786 ] ] } },
{ "type": "Feature", "properties": { "id": 89, "group_name": "Group 1", "observation_type": "Track faint trails", "measurement": "", "note": "", "wet_trail_condition": "", "erosion_feature": "", "gps_accuracy": 3.0, "created_at": "2026-09-12T12:26:45.995397+00:00", "photo_url": null }, "geometry": { "type": "LineString", "coordinates": [ [ 18.9946805, 69.6302796 ], [ 18.9947255, 69.6302901 ], [ 18.99479, 69.6303045 ], [ 18.9948368, 69.6303158 ], [ 18.9948907, 69.6303282 ], [ 18.9949397, 69.630347 ], [ 18.9949816, 69.6303595 ] ] } },
{ "type": "Feature", "properties": { "id": 88, "group_name": "Group 1", "observation_type": "Track faint trails", "measurement": "", "note": "", "wet_trail_condition": "", "erosion_feature": "", "gps_accuracy": 3.0090000629425, "created_at": "2026-09-12T12:26:06.89043+00:00", "photo_url": null }, "geometry": { "type": "LineString", "coordinates": [ [ 18.997698, 69.628705 ], [ 18.9977081, 69.6287277 ], [ 18.9977392, 69.628747 ], [ 18.9977852, 69.6287614 ], [ 18.9978261, 69.6287753 ], [ 18.9978681, 69.6287869 ], [ 18.9979122, 69.6288 ], [ 18.9979704, 69.6288022 ], [ 18.9980227, 69.6287986 ], [ 18.9980745, 69.6287933 ], [ 18.9981254, 69.6287838 ], [ 18.9981825, 69.6287869 ], [ 18.9982264, 69.6288011 ], [ 18.9982741, 69.6288134 ], [ 18.9983081, 69.6288291 ], [ 18.9983474, 69.6288467 ], [ 18.9984017, 69.6288621 ], [ 18.9984442, 69.6288743 ], [ 18.9984898, 69.6288924 ], [ 18.998543, 69.6288987 ], [ 18.9985913, 69.6289055 ], [ 18.998638, 69.6289151 ], [ 18.9986851, 69.6289328 ], [ 18.998725, 69.6289474 ], [ 18.9987571, 69.6289627 ], [ 18.9987848, 69.6289825 ], [ 18.998817, 69.6290004 ], [ 18.9988463, 69.6290159 ], [ 18.9988755, 69.6290367 ], [ 18.9989084, 69.629054 ], [ 18.9989373, 69.6290704 ], [ 18.9989391, 69.6290884 ], [ 18.9989535, 69.6291061 ], [ 18.9989667, 69.6291279 ], [ 18.9989686, 69.6291519 ], [ 18.998989, 69.629173 ], [ 18.9990321, 69.6291835 ] ] } },
{ "type": "Feature", "properties": { "id": 87, "group_name": "Group 1", "observation_type": "Track faint trails", "measurement": "", "note": "", "wet_trail_condition": "", "erosion_feature": "", "gps_accuracy": 3.0020000934600799, "created_at": "2026-09-12T12:24:31.316213+00:00", "photo_url": null }, "geometry": { "type": "LineString", "coordinates": [ [ 18.9939044, 69.6310158 ], [ 18.9938557, 69.6310226 ], [ 18.9937845, 69.6310264 ], [ 18.9937146, 69.631033 ], [ 18.9936425, 69.63104 ], [ 18.9935669, 69.6310454 ], [ 18.993508, 69.6310466 ], [ 18.9934545, 69.6310484 ], [ 18.9934025, 69.6310523 ], [ 18.9933483, 69.6310556 ], [ 18.9932876, 69.6310602 ], [ 18.9932356, 69.6310615 ], [ 18.9931748, 69.6310635 ], [ 18.9931128, 69.6310643 ], [ 18.9930445, 69.6310635 ] ] } },
{ "type": "Feature", "properties": { "id": 86, "group_name": "Group 1", "observation_type": "Track >1 m wide sections", "measurement": "", "note": "", "wet_trail_condition": "", "erosion_feature": "", "gps_accuracy": 3.0, "created_at": "2026-09-12T12:24:11.284923+00:00", "photo_url": null }, "geometry": { "type": "LineString", "coordinates": [ [ 18.9958791, 69.6276461 ], [ 18.9958744, 69.6276193 ], [ 18.995877, 69.6275995 ], [ 18.9958958, 69.6275767 ], [ 18.9959196, 69.6275534 ], [ 18.9959181, 69.6275325 ], [ 18.9958713, 69.6275176 ], [ 18.9958373, 69.627499 ], [ 18.9958663, 69.6274734 ], [ 18.9959157, 69.6274577 ], [ 18.9959383, 69.6274409 ], [ 18.9959853, 69.6274272 ], [ 18.9960213, 69.6274046 ], [ 18.9960174, 69.6273811 ], [ 18.9960077, 69.6273596 ], [ 18.9960043, 69.6273384 ], [ 18.9959847, 69.6273168 ], [ 18.9959668, 69.6272975 ], [ 18.995978, 69.6272756 ], [ 18.995993, 69.6272535 ], [ 18.9960148, 69.6272366 ], [ 18.9960215, 69.6272158 ], [ 18.9960106, 69.6271916 ], [ 18.9960241, 69.6271725 ], [ 18.9960285, 69.6271514 ], [ 18.9960515, 69.6271306 ] ] } },
{ "type": "Feature", "properties": { "id": 85, "group_name": "Group 1", "observation_type": "Track faint trails", "measurement": "", "note": "", "wet_trail_condition": "", "erosion_feature": "", "gps_accuracy": 3.0, "created_at": "2026-09-12T12:22:18.355148+00:00", "photo_url": null }, "geometry": { "type": "LineString", "coordinates": [ [ 18.9952581, 69.6281349 ], [ 18.9952693, 69.6281073 ], [ 18.9952718, 69.6280819 ], [ 18.9952771, 69.6280514 ], [ 18.995292, 69.6280334 ], [ 18.9953256, 69.6280097 ], [ 18.9953851, 69.6280015 ], [ 18.9954384, 69.6279958 ], [ 18.99551, 69.6279884 ], [ 18.9955706, 69.6279842 ], [ 18.9956072, 69.6279704 ], [ 18.9955605, 69.6279533 ], [ 18.9955316, 69.6279354 ], [ 18.995553, 69.627916 ], [ 18.995566, 69.6278961 ], [ 18.9955866, 69.627877 ], [ 18.9956377, 69.6278627 ], [ 18.9956297, 69.6278407 ], [ 18.9956827, 69.6278344 ], [ 18.9957354, 69.62784 ], [ 18.9958021, 69.6278401 ], [ 18.995853, 69.6278486 ], [ 18.9959065, 69.6278508 ], [ 18.9959591, 69.6278484 ], [ 18.995991, 69.6278311 ], [ 18.9960261, 69.6278111 ], [ 18.9960833, 69.6278099 ], [ 18.9961322, 69.6277959 ], [ 18.9961659, 69.6277819 ], [ 18.9961853, 69.6277614 ], [ 18.9961387, 69.6277517 ], [ 18.9961345, 69.6277291 ], [ 18.9961882, 69.6277198 ], [ 18.9962156, 69.6277032 ], [ 18.9962058, 69.6276846 ], [ 18.9961912, 69.6276654 ], [ 18.9961657, 69.6276467 ], [ 18.9961401, 69.6276276 ], [ 18.9961173, 69.6276099 ], [ 18.9960775, 69.6275925 ], [ 18.9960768, 69.6275728 ], [ 18.9960654, 69.6275546 ], [ 18.9960353, 69.6275373 ], [ 18.9960056, 69.6275204 ], [ 18.9959769, 69.6274948 ], [ 18.9959563, 69.6274772 ] ] } },
{ "type": "Feature", "properties": { "id": 84, "group_name": "Group 1", "observation_type": "Track faint trails", "measurement": "", "note": "Trail spreads put after a big cairn", "wet_trail_condition": "", "erosion_feature": "", "gps_accuracy": 3.0, "created_at": "2026-09-12T12:22:17.260955+00:00", "photo_url": "https://oehndpyzeoywfypqtsjs.supabase.co/storage/v1/object/public/observation-photos/84/1789215736106.jpg" }, "geometry": { "type": "LineString", "coordinates": [ [ 18.9952491, 69.6292196 ], [ 18.9952866, 69.6292039 ], [ 18.9953312, 69.6291802 ], [ 18.9953527, 69.6291597 ], [ 18.9953578, 69.6291348 ], [ 18.9953576, 69.6291151 ], [ 18.9953606, 69.6290955 ], [ 18.9953524, 69.6290751 ], [ 18.9953355, 69.6290497 ], [ 18.9953627, 69.6290299 ], [ 18.9953752, 69.6290107 ], [ 18.9953939, 69.6289898 ], [ 18.9954293, 69.6289753 ], [ 18.9954822, 69.6289597 ], [ 18.995526, 69.6289419 ], [ 18.9955571, 69.6289251 ], [ 18.9955807, 69.6289073 ], [ 18.9955794, 69.6288797 ], [ 18.9955818, 69.6288598 ], [ 18.9955985, 69.6288361 ], [ 18.9956371, 69.628819 ], [ 18.9956722, 69.6288052 ], [ 18.9957137, 69.6287856 ], [ 18.9957549, 69.6287685 ], [ 18.9957968, 69.6287557 ], [ 18.9958406, 69.6287439 ], [ 18.9958732, 69.6287279 ], [ 18.9959056, 69.6287136 ], [ 18.9959524, 69.6287005 ], [ 18.9959969, 69.6286859 ], [ 18.9960291, 69.6286688 ], [ 18.9960506, 69.6286499 ], [ 18.9960624, 69.6286323 ], [ 18.9960819, 69.6286152 ], [ 18.9961205, 69.628601 ], [ 18.9961983, 69.6286062 ] ] } },
{ "type": "Feature", "properties": { "id": 82, "group_name": "Group 1", "observation_type": "Track faint trails", "measurement": "", "note": "", "wet_trail_condition": "", "erosion_feature": "", "gps_accuracy": 3.0569999217987101, "created_at": "2026-09-12T12:19:33.468439+00:00", "photo_url": "https://oehndpyzeoywfypqtsjs.supabase.co/storage/v1/object/public/observation-photos/82/1789215575295.jpg" }, "geometry": { "type": "LineString", "coordinates": [ [ 18.9951598, 69.6281767 ], [ 18.9951015, 69.6281747 ], [ 18.9950618, 69.6281609 ] ] } },
{ "type": "Feature", "properties": { "id": 81, "group_name": "Group 1", "observation_type": "Track >1 m wide sections", "measurement": "", "note": "", "wet_trail_condition": "", "erosion_feature": "", "gps_accuracy": 3.1040738246294901, "created_at": "2026-09-12T12:17:13.821524+00:00", "photo_url": null }, "geometry": { "type": "LineString", "coordinates": [ [ 19.007970979454935, 69.633851498430246 ], [ 19.007965531217874, 69.633826059354121 ], [ 19.008022731357102, 69.633800464099068 ], [ 19.008082641372237, 69.633784942978224 ], [ 19.008106749977664, 69.633764511461806 ], [ 19.008112798358091, 69.63374249155369 ], [ 19.008147431885732, 69.633724425912888 ], [ 19.008186060111736, 69.633706801406746 ], [ 19.008216795267938, 69.63368919239575 ], [ 19.008256588370568, 69.63367332608918 ], [ 19.008297388834901, 69.633661619336706 ], [ 19.008319888510883, 69.633643274957137 ] ] } },
{ "type": "Feature", "properties": { "id": 80, "group_name": "Group 1", "observation_type": "Track >1 m wide sections", "measurement": "", "note": "", "wet_trail_condition": "", "erosion_feature": "", "gps_accuracy": 3.0, "created_at": "2026-09-12T12:16:11.194164+00:00", "photo_url": null }, "geometry": { "type": "LineString", "coordinates": [ [ 18.9950826, 69.6299687 ], [ 18.9951281, 69.6299468 ], [ 18.995163, 69.6299294 ], [ 18.9951872, 69.6299123 ], [ 18.9952136, 69.6298942 ], [ 18.9952328, 69.6298772 ], [ 18.9952497, 69.6298571 ], [ 18.9952583, 69.6298391 ], [ 18.9953047, 69.6298225 ], [ 18.9953545, 69.629807 ], [ 18.9953994, 69.6297909 ], [ 18.9954407, 69.6297729 ], [ 18.995469, 69.6297512 ], [ 18.9954834, 69.6297312 ], [ 18.9954845, 69.6297071 ], [ 18.9954662, 69.6296886 ], [ 18.995428, 69.6296724 ], [ 18.995399, 69.6296575 ], [ 18.995368, 69.6296373 ], [ 18.9953436, 69.6296191 ], [ 18.9953323, 69.6296012 ], [ 18.9953372, 69.6295805 ], [ 18.9953501, 69.6295606 ], [ 18.9953504, 69.6295423 ], [ 18.9953349, 69.6295231 ], [ 18.995327, 69.6295048 ], [ 18.9953088, 69.6294859 ], [ 18.9952978, 69.6294661 ], [ 18.9953049, 69.6294472 ], [ 18.9953041, 69.6294262 ], [ 18.9953116, 69.629408 ], [ 18.9953205, 69.6293847 ], [ 18.995321, 69.629363 ], [ 18.9953026, 69.6293438 ], [ 18.9952802, 69.6293268 ], [ 18.9952651, 69.6293081 ], [ 18.9952624, 69.6292854 ], [ 18.9952594, 69.629267 ], [ 18.9952338, 69.6292504 ], [ 18.9952076, 69.6292343 ], [ 18.9951892, 69.6292152 ], [ 18.995196, 69.629194 ], [ 18.9951995, 69.6291747 ], [ 18.9951868, 69.6291535 ], [ 18.9951886, 69.6291299 ], [ 18.9951736, 69.6291121 ], [ 18.9951409, 69.6290947 ], [ 18.9951042, 69.6290753 ], [ 18.9950734, 69.6290584 ], [ 18.9950459, 69.6290383 ], [ 18.9950254, 69.6290157 ], [ 18.9950246, 69.6289933 ], [ 18.9950148, 69.628971 ], [ 18.9950218, 69.6289523 ], [ 18.9950334, 69.6289322 ], [ 18.9950427, 69.6289038 ], [ 18.9950442, 69.6288797 ], [ 18.9950165, 69.6288563 ], [ 18.9949944, 69.6288331 ], [ 18.9949656, 69.6288108 ], [ 18.9949545, 69.6287867 ], [ 18.9949502, 69.6287651 ], [ 18.9949153, 69.628749 ], [ 18.9948904, 69.6287295 ], [ 18.9948876, 69.6287095 ], [ 18.9948678, 69.6286894 ], [ 18.9948691, 69.6286693 ], [ 18.9948811, 69.6286512 ], [ 18.9948749, 69.6286295 ], [ 18.9949289, 69.628607 ], [ 18.9949603, 69.6285875 ], [ 18.9949738, 69.6285687 ], [ 18.9949754, 69.6285494 ], [ 18.9949657, 69.6285311 ], [ 18.9949845, 69.6285037 ], [ 18.9949982, 69.6284791 ], [ 18.9950075, 69.6284565 ] ] } },
{ "type": "Feature", "properties": { "id": 79, "group_name": "Group 1", "observation_type": "Track >1 m wide sections", "measurement": "", "note": "", "wet_trail_condition": "", "erosion_feature": "", "gps_accuracy": 3.15207832820365, "created_at": "2026-09-12T12:16:02.840475+00:00", "photo_url": null }, "geometry": { "type": "LineString", "coordinates": [ [ 19.00572882997054, 69.633380597969051 ], [ 19.005799795791702, 69.633388086636288 ], [ 19.005858127217579, 69.633390878946017 ], [ 19.005910242175023, 69.633394193742987 ], [ 19.005983482587801, 69.633386324985622 ], [ 19.006074893955216, 69.633374116005427 ], [ 19.006155788003799, 69.633376951744268 ], [ 19.006202401917449, 69.633366518524937 ], [ 19.006298862289803, 69.633361033757197 ], [ 19.006368403748727, 69.633356241948675 ], [ 19.006425602213273, 69.633357041021895 ], [ 19.00649808196637, 69.633350641627729 ], [ 19.006578189837537, 69.633348322665512 ], [ 19.006616725287895, 69.63336057295075 ], [ 19.006685244145217, 69.633364746879522 ], [ 19.006769968818297, 69.633377581467045 ], [ 19.006825793742419, 69.633375477241472 ], [ 19.006892886225078, 69.63336918915283 ], [ 19.006969284306066, 69.63337930452758 ], [ 19.007049373266177, 69.633385937912919 ], [ 19.007121247721674, 69.633392763350187 ], [ 19.007171679475533, 69.633379454437218 ], [ 19.007195288055946, 69.63335727148889 ], [ 19.007221334541189, 69.633330029608132 ], [ 19.007238137876321, 69.633300584647344 ], [ 19.007253954210388, 69.633273857601878 ], [ 19.007288921272842, 69.633249436600636 ], [ 19.007354961944827, 69.633228484456794 ], [ 19.007419005784961, 69.633219308514711 ], [ 19.007491250556303, 69.633214848366592 ], [ 19.007564860541358, 69.633210653769424 ], [ 19.007636100160134, 69.633201726625785 ], [ 19.00771397033099, 69.633196488739202 ], [ 19.00780238062287, 69.633204816273945 ], [ 19.007888261434537, 69.633211042719495 ], [ 19.007977452786751, 69.633218394716863 ], [ 19.008053061332397, 69.633231273046491 ], [ 19.008122280638727, 69.633242358540997 ], [ 19.00819201501449, 69.63324417195912 ], [ 19.00825246352138, 69.633257974717296 ], [ 19.008278149656793, 69.633281022950598 ], [ 19.008331687211562, 69.633306416240927 ], [ 19.008355866971993, 69.633329414320158 ], [ 19.008382715898307, 69.633345195961581 ], [ 19.008427174623435, 69.633369156693405 ], [ 19.008474893264211, 69.633390333336621 ], [ 19.008541755353207, 69.633396797462581 ], [ 19.008550684697685, 69.633429040619106 ], [ 19.008565365520006, 69.633458300633151 ], [ 19.008598908275424, 69.633488323778195 ], [ 19.008623011914572, 69.633516483443259 ], [ 19.00864009389085, 69.633534457468258 ], [ 19.008641281099447, 69.633566103482252 ], [ 19.008619054880629, 69.633598355670983 ], [ 19.008607797018314, 69.633627832182327 ], [ 19.008556550789493, 69.633650842208681 ], [ 19.008506259029332, 69.633670839141644 ], [ 19.008458310519831, 69.63368897147565 ], [ 19.008513882332082, 69.633674132816935 ], [ 19.008468469344791, 69.633685155423223 ], [ 19.008436729762334, 69.633705379144118 ], [ 19.008402637557595, 69.633728522167232 ], [ 19.008365256244023, 69.633750693988063 ], [ 19.008303078269787, 69.633770549044186 ], [ 19.00827867871212, 69.633792767665142 ], [ 19.008221056284277, 69.633801391601352 ], [ 19.008158168939843, 69.633811029197062 ], [ 19.008093316372008, 69.633815984045697 ], [ 19.008049879278179, 69.633830660236029 ], [ 19.008029199291261, 69.633847378330714 ], [ 19.007981839551135, 69.633870052972313 ], [ 19.007967189545024, 69.633899392923496 ], [ 19.007967739142224, 69.633917455639931 ], [ 19.007983740862667, 69.633947842573221 ], [ 19.008001796501407, 69.633973674093454 ], [ 19.008000553686045, 69.634000046333128 ], [ 19.007983939889975, 69.634033553904658 ], [ 19.007953842962085, 69.634058089061043 ], [ 19.007948567603147, 69.63408247141605 ], [ 19.007952682037853, 69.634109734954436 ], [ 19.007967616872055, 69.634129814191297 ], [ 19.007984639666255, 69.634156350390853 ] ] } },
{ "type": "Feature", "properties": { "id": 78, "group_name": "Group 1", "observation_type": "Track >1 m wide sections", "measurement": "", "note": "", "wet_trail_condition": "", "erosion_feature": "", "gps_accuracy": 2.87041923839111, "created_at": "2026-09-12T12:15:16.680208+00:00", "photo_url": null }, "geometry": { "type": "LineString", "coordinates": [ [ 18.995943439000978, 69.628060905996136 ], [ 18.995990757082179, 69.627983295227153 ], [ 18.996038231063782, 69.628008155449095 ], [ 18.995923490261919, 69.627996469606103 ], [ 18.996074772926328, 69.62791755675444 ], [ 18.996081667712417, 69.627898261985194 ], [ 18.996064234631856, 69.627875788286971 ], [ 18.996052294270225, 69.627855930967442 ], [ 18.996033859094464, 69.627838637073538 ], [ 18.996041885485678, 69.627819099979718 ], [ 18.996026039941416, 69.62779283874427 ], [ 18.996019179126957, 69.627773318754507 ] ] } },
{ "type": "Feature", "properties": { "id": 77, "group_name": "Group 1", "observation_type": "Track faint trails", "measurement": "", "note": "", "wet_trail_condition": "", "erosion_feature": "", "gps_accuracy": 3.0079998970031698, "created_at": "2026-09-12T12:13:40.419251+00:00", "photo_url": null }, "geometry": { "type": "LineString", "coordinates": [ [ 18.9930911, 69.6314249 ], [ 18.9930968, 69.6313975 ], [ 18.9931424, 69.6313731 ], [ 18.9931757, 69.6313589 ], [ 18.9932056, 69.6313395 ], [ 18.993218, 69.6313217 ], [ 18.9932232, 69.6312994 ], [ 18.9932148, 69.6312793 ], [ 18.9931935, 69.6312596 ], [ 18.9931746, 69.6312406 ], [ 18.9931653, 69.6312197 ], [ 18.9931673, 69.6312012 ], [ 18.9931744, 69.6311795 ] ] } },
{ "type": "Feature", "properties": { "id": 75, "group_name": "Group 1", "observation_type": "Track >1 m wide sections", "measurement": "", "note": "", "wet_trail_condition": "", "erosion_feature": "", "gps_accuracy": 3.1731316609682798, "created_at": "2026-09-12T12:12:05.752678+00:00", "photo_url": null }, "geometry": { "type": "LineString", "coordinates": [ [ 19.004213377367176, 69.633296739562198 ], [ 19.004258044547015, 69.633325715227826 ], [ 19.004330069917291, 69.633342174249947 ], [ 19.004381688626786, 69.633347804513107 ], [ 19.004430111759298, 69.63335765139027 ], [ 19.004497420815607, 69.633344699280855 ], [ 19.004553535263813, 69.63334234383619 ], [ 19.004602031119422, 69.633334967188233 ], [ 19.004666941084082, 69.633328421051374 ], [ 19.004728371434762, 69.633321653871334 ], [ 19.004780844511785, 69.633321092660452 ], [ 19.004866887468474, 69.633320505908657 ], [ 19.00492158365504, 69.633300843316803 ], [ 19.00500508515189, 69.633298927453438 ], [ 19.005072059812257, 69.633315659660127 ], [ 19.005123200419565, 69.633318666758925 ], [ 19.00519095124805, 69.633317140961665 ], [ 19.005249902020186, 69.633336061297669 ], [ 19.005318632238779, 69.633338709982098 ], [ 19.005368429863651, 69.63335127101594 ], [ 19.005394659153485, 69.633370847915842 ], [ 19.005458235101802, 69.633365522132976 ], [ 19.005524413699167, 69.633360594553764 ], [ 19.005583135552669, 69.633366909499671 ], [ 19.005628051399903, 69.63337990644321 ] ] } },
{ "type": "Feature", "properties": { "id": 74, "group_name": "Group 1", "observation_type": "Track >1 m wide sections", "measurement": "", "note": "", "wet_trail_condition": "", "erosion_feature": "", "gps_accuracy": 3.53553390593274, "created_at": "2026-09-12T12:11:32.34491+00:00", "photo_url": null }, "geometry": { "type": "LineString", "coordinates": [ [ 18.994307639094995, 69.632425736700768 ], [ 18.994299524549017, 69.632396030995622 ], [ 18.994173810724469, 69.632372807462943 ], [ 18.994138553548343, 69.632352179127167 ], [ 18.994138250710879, 69.632332371552778 ], [ 18.99415290972593, 69.632306378927566 ], [ 18.994173525691625, 69.632285777315943 ], [ 18.994183194296046, 69.632266141507046 ], [ 18.994187019196126, 69.632247653578133 ], [ 18.994198931817639, 69.632225580013795 ], [ 18.994197473057117, 69.632202010003184 ], [ 18.993867525505337, 69.632016866220511 ], [ 18.993906931786022, 69.631922147468501 ], [ 18.993938561104944, 69.63186576602601 ], [ 18.994014104845927, 69.631765075092787 ], [ 18.994024163129733, 69.631744413701469 ], [ 18.994014730806139, 69.631722232559454 ], [ 18.994010152567967, 69.631703231589512 ], [ 18.994018556795695, 69.631680221654761 ], [ 18.994007422276095, 69.631658423486613 ], [ 18.994000704928553, 69.631639374904466 ], [ 18.993977895024226, 69.631582810608322 ], [ 18.993967920559452, 69.631564831426019 ], [ 18.993960628303693, 69.63154559495824 ], [ 18.993927217865608, 69.631522317902039 ], [ 18.993891171705254, 69.631500575692499 ], [ 18.993856810988948, 69.631481301062948 ], [ 18.993826407214595, 69.631459795173924 ], [ 18.993809069649728, 69.631434630400278 ], [ 18.993823391338285, 69.631413446515225 ], [ 18.993816462264316, 69.631388316505024 ], [ 18.993818760533554, 69.63136163295944 ], [ 18.993825726942028, 69.631332470012538 ], [ 18.993831056273212, 69.631313483097813 ], [ 18.993831691703878, 69.631291140622636 ], [ 18.993830536705666, 69.631264700989917 ], [ 18.993815752823664, 69.631240611579869 ], [ 18.993849964863461, 69.631104497828105 ], [ 18.993792152049945, 69.631041591120535 ], [ 18.993834564479993, 69.631030066003675 ], [ 18.993879994395183, 69.631005590846414 ], [ 18.993915701302694, 69.630989497592324 ], [ 18.993962556141422, 69.630967872282142 ], [ 18.994002233498914, 69.630949885632845 ], [ 18.994035143870548, 69.630932119141889 ], [ 18.994040524863507, 69.630906366900604 ], [ 18.99405216494657, 69.630879265256581 ], [ 18.994056064798521, 69.630853666039215 ], [ 18.994084110804586, 69.6308233577914 ], [ 18.994114071830673, 69.63080559136155 ], [ 18.994151589526361, 69.630782537188665 ], [ 18.99419870945383, 69.630772924872659 ], [ 18.994242275722101, 69.63075798902554 ], [ 18.99425381577699, 69.630736970688005 ], [ 18.994306571850778, 69.630703605190476 ], [ 18.994349510253645, 69.630678916097295 ], [ 18.994388708520891, 69.630652440911462 ], [ 18.99440237321328, 69.630624849519151 ], [ 18.994402158014466, 69.630597912411261 ], [ 18.994407188655106, 69.630576700050554 ], [ 18.994411594979962, 69.630553488952742 ], [ 18.994432592648874, 69.630533336697439 ], [ 18.994451997181066, 69.630511770623386 ], [ 18.994485590938957, 69.630490384746409 ], [ 18.994501375663798, 69.630472712020293 ], [ 18.994519908638829, 69.630447663801334 ], [ 18.994545988446973, 69.630426018954495 ], [ 18.994563602024567, 69.630406063333979 ], [ 18.994584818940552, 69.630377956123823 ], [ 18.994620153912372, 69.630358064848537 ], [ 18.994628358272877, 69.630335463352964 ], [ 18.994648907289349, 69.630313377310529 ], [ 18.994669295407977, 69.630293118183928 ], [ 18.994687992016022, 69.630271006340919 ], [ 18.994713300114469, 69.630248627334538 ], [ 18.994727986829847, 69.630224640081707 ], [ 18.994751191126703, 69.630199930905803 ], [ 18.994776513331004, 69.63018149146734 ], [ 18.994804086393064, 69.630163883160137 ], [ 18.99482692048586, 69.630141256944611 ], [ 18.994863819845097, 69.630122512855266 ], [ 18.994883894938038, 69.630071092461819 ], [ 18.994899652916001, 69.63004477328586 ], [ 18.994940556603478, 69.63002302224713 ], [ 18.994972324016498, 69.630008270097548 ], [ 18.995023118349717, 69.629988488806063 ], [ 18.995062513294624, 69.62996828841942 ], [ 18.995082811567375, 69.629949233056479 ], [ 18.995096557050299, 69.629931042704484 ], [ 18.995124189038521, 69.629909715680512 ], [ 18.995150814407737, 69.629888174278051 ], [ 18.995174494526566, 69.629869407046684 ], [ 18.995204384128691, 69.629849383386414 ], [ 18.995332998231184, 69.629817102553858 ], [ 18.995400303992437, 69.629759118025774 ], [ 18.99543173612933, 69.629740635929281 ], [ 18.995444225165055, 69.629722572927946 ], [ 18.995476770930413, 69.629695857995614 ], [ 18.995454863727741, 69.629672172046369 ], [ 18.995419573476877, 69.629653991016951 ], [ 18.995372684675083, 69.629632214289273 ], [ 18.995348868225143, 69.629611813352568 ], [ 18.995338082537071, 69.629593804378658 ], [ 18.995323079581247, 69.629374551888105 ], [ 18.995186565461562, 69.62940221658873 ], [ 18.995215483027504, 69.629386668158347 ], [ 18.995232749748038, 69.629364959029132 ], [ 18.995238365623162, 69.629345135828132 ], [ 18.995242891850875, 69.62932380388456 ], [ 18.995241718384431, 69.629303058674211 ], [ 18.995230318996118, 69.629285121401423 ], [ 18.995219198827684, 69.629266180640158 ], [ 18.995210548298257, 69.629246220214682 ], [ 18.995180286888814, 69.629217681930228 ], [ 18.995165264472778, 69.629193145018007 ], [ 18.995152770562733, 69.629169193497972 ], [ 18.995151948201467, 69.62914440623814 ], [ 18.995149944167597, 69.629118572872386 ], [ 18.995142929943235, 69.62909689709501 ], [ 18.995136683256927, 69.629075561977828 ], [ 18.995113829761994, 69.62905831680078 ], [ 18.995100279797096, 69.62903715978851 ], [ 18.995084716993286, 69.629012038620246 ], [ 18.995063938218163, 69.62897737982648 ], [ 18.995067123341368, 69.628954287683243 ], [ 18.995051952096627, 69.628932620463544 ], [ 18.995050024258898, 69.628913761181408 ], [ 18.995057567971752, 69.628895069537336 ], [ 18.995058154704974, 69.628875539702946 ], [ 18.995050169162965, 69.628853824722015 ], [ 18.995032890095491, 69.62883648313634 ], [ 18.994992609066337, 69.62881148188022 ], [ 18.994939972330801, 69.628786675758874 ], [ 18.994912483365717, 69.628766020786514 ], [ 18.994903985751257, 69.628743790881259 ], [ 18.994903257134364, 69.628700274107629 ], [ 18.994903676229523, 69.628678397340352 ], [ 18.994909543561743, 69.628650234145695 ], [ 18.994919769483612, 69.628629363206798 ], [ 18.994932007062243, 69.628599816998118 ], [ 18.994941813888953, 69.628580496711308 ], [ 18.994946698792226, 69.628556797604745 ], [ 18.994989407943844, 69.628534701944119 ], [ 18.995009302741501, 69.628513147184862 ], [ 18.995012243557476, 69.628492338243106 ], [ 18.995005418562044, 69.628472680928425 ], [ 18.995057427208572, 69.628456039707103 ], [ 18.995028585062474, 69.628428936832336 ], [ 18.995052347819943, 69.628410924628938 ], [ 18.99509228374858, 69.628389293796886 ], [ 18.99511139212613, 69.62836986767212 ], [ 18.995111723848414, 69.628349852164902 ], [ 18.99517071568426, 69.62835608129113 ], [ 18.995134054240676, 69.628342725540563 ], [ 18.995095666395329, 69.628330486864911 ], [ 18.995079756356223, 69.628310827259597 ], [ 18.995088517434365, 69.628291510172218 ], [ 18.995124834222096, 69.628270382154042 ], [ 18.995718757156094, 69.628090431421214 ], [ 18.995948899555014, 69.628032906977111 ], [ 18.995940601470874, 69.628051095706994 ] ] } },
{ "type": "Feature", "properties": { "id": 73, "group_name": "Group 1", "observation_type": "Track >1 m wide sections", "measurement": "", "note": "", "wet_trail_condition": "", "erosion_feature": "", "gps_accuracy": 3.0, "created_at": "2026-09-12T12:11:07.711192+00:00", "photo_url": null }, "geometry": { "type": "LineString", "coordinates": [ [ 18.9938303, 69.6312835 ], [ 18.9938519, 69.6312655 ], [ 18.9938464, 69.63124 ], [ 18.9938303, 69.6312112 ], [ 18.9938359, 69.6311921 ], [ 18.9938448, 69.631173 ], [ 18.9938341, 69.6311491 ], [ 18.9938204, 69.6311311 ], [ 18.9938246, 69.6311119 ], [ 18.9938453, 69.6310922 ], [ 18.9938725, 69.631074 ], [ 18.9938936, 69.6310493 ], [ 18.9939166, 69.6310313 ], [ 18.9939516, 69.631009 ], [ 18.9939853, 69.6309896 ], [ 18.9940055, 69.6309703 ], [ 18.9940289, 69.630942 ], [ 18.9940376, 69.6309212 ], [ 18.9940342, 69.6308989 ], [ 18.9940358, 69.6308802 ], [ 18.9940631, 69.6308622 ], [ 18.9940895, 69.6308443 ], [ 18.9941164, 69.6308279 ], [ 18.9941638, 69.6308105 ], [ 18.9941665, 69.6307921 ], [ 18.9941918, 69.6307752 ], [ 18.9942374, 69.6307651 ], [ 18.9942676, 69.6307455 ], [ 18.9942896, 69.6307288 ], [ 18.9942845, 69.630701 ], [ 18.9942889, 69.6306725 ], [ 18.9943276, 69.6306442 ], [ 18.9943469, 69.6306242 ], [ 18.9943642, 69.6306033 ], [ 18.9943707, 69.6305835 ], [ 18.9943648, 69.6305572 ], [ 18.9943796, 69.6305353 ], [ 18.9944035, 69.6305188 ], [ 18.9944325, 69.6304988 ], [ 18.9944593, 69.6304826 ], [ 18.9944815, 69.6304641 ], [ 18.994511, 69.6304436 ], [ 18.994534, 69.6304153 ], [ 18.9945708, 69.6303927 ], [ 18.9946035, 69.6303759 ], [ 18.9946144, 69.6303514 ], [ 18.9946261, 69.6303218 ], [ 18.9946366, 69.6302963 ], [ 18.9946581, 69.6302736 ], [ 18.9946863, 69.6302493 ], [ 18.9947065, 69.6302287 ], [ 18.9947349, 69.630206 ], [ 18.9947645, 69.6301885 ], [ 18.9947867, 69.6301711 ], [ 18.9948065, 69.6301529 ], [ 18.9948423, 69.6301329 ], [ 18.9948647, 69.6301143 ], [ 18.9948794, 69.6300945 ], [ 18.9949029, 69.630076 ], [ 18.9949255, 69.6300505 ], [ 18.9949461, 69.6300315 ], [ 18.9949604, 69.6300112 ] ] } },
{ "type": "Feature", "properties": { "id": 71, "group_name": "Group 1", "observation_type": "Track >1 m wide sections", "measurement": "", "note": "", "wet_trail_condition": "", "erosion_feature": "", "gps_accuracy": 3.0, "created_at": "2026-09-12T12:10:57.594345+00:00", "photo_url": null }, "geometry": { "type": "LineString", "coordinates": [ [ 18.9941273, 69.6323017 ], [ 18.9941461, 69.6322846 ], [ 18.9941564, 69.632265 ], [ 18.9941227, 69.6322809 ], [ 18.9941673, 69.6322095 ], [ 18.9941795, 69.6321841 ], [ 18.9941536, 69.6321681 ], [ 18.9941423, 69.6321504 ], [ 18.9941208, 69.6321266 ], [ 18.9941044, 69.6321072 ], [ 18.9940885, 69.6320899 ], [ 18.9940603, 69.6320679 ], [ 18.9940344, 69.63204 ], [ 18.9940123, 69.6320128 ], [ 18.9939944, 69.6319838 ], [ 18.9939863, 69.6319572 ], [ 18.9939901, 69.6319292 ], [ 18.9940005, 69.6319087 ], [ 18.9940137, 69.631888 ], [ 18.9940004, 69.631867 ], [ 18.9939687, 69.6318498 ], [ 18.9939751, 69.6318293 ], [ 18.9939768, 69.63181 ], [ 18.9939629, 69.6317882 ], [ 18.9939767, 69.6317659 ], [ 18.9939824, 69.6317433 ], [ 18.9939932, 69.6317244 ], [ 18.9940135, 69.6317055 ], [ 18.9940231, 69.6316815 ], [ 18.9940239, 69.6316557 ], [ 18.9940387, 69.631638 ], [ 18.9940249, 69.6316161 ], [ 18.9940152, 69.6315982 ], [ 18.9940111, 69.6315798 ], [ 18.9939932, 69.6315567 ], [ 18.9939587, 69.6315386 ], [ 18.9939329, 69.6315189 ], [ 18.9938982, 69.6314983 ], [ 18.9938603, 69.6314792 ], [ 18.9938315, 69.6314572 ], [ 18.9938333, 69.6314356 ], [ 18.9938294, 69.6314105 ], [ 18.9938172, 69.6313874 ], [ 18.9938111, 69.6313645 ], [ 18.9938015, 69.6313374 ], [ 18.9937967, 69.6313125 ], [ 18.9938141, 69.631294 ], [ 18.9938218, 69.6312751 ], [ 18.9938181, 69.6312566 ], [ 18.9937979, 69.6312394 ], [ 18.9937848, 69.6312155 ], [ 18.9937809, 69.6311927 ], [ 18.9937945, 69.6311728 ], [ 18.993809, 69.6311517 ], [ 18.9938172, 69.6311261 ] ] } },
{ "type": "Feature", "properties": { "id": 70, "group_name": "Group 1", "observation_type": "Track >1 m wide sections", "measurement": "", "note": "", "wet_trail_condition": "", "erosion_feature": "", "gps_accuracy": 3.0, "created_at": "2026-09-12T12:10:54.706486+00:00", "photo_url": null }, "geometry": { "type": "LineString", "coordinates": [ [ 18.9948875, 69.6321345 ], [ 18.9948758, 69.632109 ], [ 18.9948519, 69.6320895 ], [ 18.9947934, 69.6320724 ], [ 18.9947489, 69.6320555 ], [ 18.9947221, 69.6320373 ], [ 18.9947212, 69.6320141 ], [ 18.9947284, 69.6319889 ], [ 18.9947348, 69.6319695 ], [ 18.9947189, 69.6319512 ], [ 18.9947078, 69.6319313 ], [ 18.9947014, 69.6319126 ], [ 18.9947413, 69.6318967 ], [ 18.9947385, 69.6318738 ], [ 18.9946903, 69.6318458 ], [ 18.9946683, 69.6318265 ], [ 18.9946423, 69.6318104 ], [ 18.9946239, 69.6317927 ], [ 18.9946306, 69.6317708 ], [ 18.9946254, 69.6317514 ], [ 18.9946219, 69.6317321 ], [ 18.9946253, 69.6317066 ], [ 18.9946333, 69.6316874 ], [ 18.9946206, 69.6316661 ], [ 18.9946394, 69.6316451 ], [ 18.9946699, 69.6316285 ], [ 18.9946977, 69.6316079 ], [ 18.9947135, 69.6315873 ], [ 18.9947391, 69.6315667 ], [ 18.9947552, 69.6315421 ], [ 18.9947568, 69.6315234 ], [ 18.9947599, 69.6315045 ], [ 18.9947696, 69.631481 ], [ 18.9947823, 69.631456 ], [ 18.9947834, 69.6314356 ], [ 18.9947905, 69.6314146 ], [ 18.9948043, 69.631386 ], [ 18.994785, 69.6313665 ], [ 18.9947831, 69.6313473 ], [ 18.9947802, 69.6313293 ], [ 18.9947902, 69.6313116 ], [ 18.9948101, 69.6312939 ], [ 18.9948318, 69.6312761 ], [ 18.9948305, 69.6312531 ], [ 18.9948338, 69.6312308 ], [ 18.9948456, 69.631204 ], [ 18.9948404, 69.6311858 ], [ 18.9948436, 69.6311606 ], [ 18.9948456, 69.6311426 ], [ 18.9948402, 69.6311214 ], [ 18.9948519, 69.6311003 ], [ 18.9948577, 69.6310818 ], [ 18.9948878, 69.6310574 ], [ 18.9949026, 69.6310398 ], [ 18.994908, 69.6310217 ], [ 18.9949133, 69.6309989 ], [ 18.9949083, 69.6309787 ], [ 18.9949037, 69.6309535 ], [ 18.9949056, 69.6309283 ], [ 18.9949087, 69.6309081 ], [ 18.9949116, 69.6308879 ], [ 18.9949334, 69.6308636 ], [ 18.9949317, 69.6308363 ], [ 18.9949206, 69.6308089 ], [ 18.9949108, 69.6307904 ], [ 18.9949362, 69.6307623 ], [ 18.994938, 69.6307442 ], [ 18.9949277, 69.6307249 ], [ 18.9949255, 69.6307067 ], [ 18.9949277, 69.6306873 ], [ 18.994941, 69.6306641 ], [ 18.9949496, 69.630645 ], [ 18.994947, 69.6306247 ], [ 18.9949507, 69.6306024 ], [ 18.9949535, 69.630583 ], [ 18.9949604, 69.6305587 ], [ 18.9949629, 69.6305383 ], [ 18.9949743, 69.6305146 ], [ 18.9949732, 69.6304915 ], [ 18.9949648, 69.6304732 ], [ 18.9949639, 69.6304542 ], [ 18.9949565, 69.6304263 ], [ 18.9949587, 69.6304041 ], [ 18.9949641, 69.6303845 ], [ 18.9949678, 69.6303591 ], [ 18.9949699, 69.630338 ], [ 18.9949805, 69.6303193 ], [ 18.9949796, 69.6302994 ], [ 18.9949814, 69.6302811 ], [ 18.9949698, 69.6302633 ], [ 18.9949755, 69.630243 ], [ 18.994976, 69.6302227 ], [ 18.9949828, 69.6302017 ], [ 18.9949895, 69.6301834 ], [ 18.9949899, 69.6301628 ], [ 18.9949879, 69.6301423 ], [ 18.994991, 69.6301237 ], [ 18.9949969, 69.6300986 ], [ 18.9950037, 69.6300805 ], [ 18.9949722, 69.6300603 ], [ 18.9949056, 69.6300491 ], [ 18.9949158, 69.6300224 ], [ 18.994936, 69.630004 ], [ 18.994981, 69.6299904 ], [ 18.9950275, 69.6299768 ], [ 18.9950748, 69.6299651 ] ] } },
{ "type": "Feature", "properties": { "id": 68, "group_name": "Group 1", "observation_type": "Track faint trails", "measurement": "", "note": "", "wet_trail_condition": "", "erosion_feature": "", "gps_accuracy": 3.0, "created_at": "2026-09-12T12:09:10.045202+00:00", "photo_url": null }, "geometry": { "type": "LineString", "coordinates": [ [ 18.9951745, 69.6322734 ], [ 18.9952589, 69.6322802 ], [ 18.9953185, 69.6322771 ], [ 18.9953736, 69.632268 ], [ 18.9954303, 69.632256 ], [ 18.9954934, 69.6322408 ], [ 18.9955408, 69.6322319 ], [ 18.9955996, 69.632225 ], [ 18.995653, 69.6322211 ], [ 18.995705, 69.6322186 ], [ 18.9957592, 69.6322143 ], [ 18.9958181, 69.6322107 ], [ 18.9958846, 69.6322084 ], [ 18.995938, 69.6322086 ], [ 18.9959908, 69.6322081 ], [ 18.9960538, 69.6322041 ], [ 18.996111, 69.6321987 ], [ 18.996163, 69.6321927 ], [ 18.9962195, 69.6321851 ], [ 18.9962895, 69.6321764 ], [ 18.9963269, 69.6321636 ], [ 18.9963723, 69.6321492 ], [ 18.9964432, 69.632149 ], [ 18.9964948, 69.6321581 ], [ 18.9965618, 69.6321626 ], [ 18.9966154, 69.6321594 ], [ 18.9966611, 69.6321492 ], [ 18.9967232, 69.6321523 ], [ 18.9967751, 69.6321561 ], [ 18.9968419, 69.6321548 ], [ 18.9969135, 69.6321626 ], [ 18.9969697, 69.6321712 ], [ 18.9969916, 69.6321517 ], [ 18.9970055, 69.6321328 ], [ 18.9970055, 69.6321093 ], [ 18.9970312, 69.6320923 ], [ 18.9970372, 69.6320732 ] ] } },
{ "type": "Feature", "properties": { "id": 67, "group_name": "Group 1", "observation_type": "Track >1 m wide sections", "measurement": "", "note": "", "wet_trail_condition": "", "erosion_feature": "", "gps_accuracy": 3.4326147529056299, "created_at": "2026-09-12T12:08:51.089076+00:00", "photo_url": null }, "geometry": { "type": "LineString", "coordinates": [ [ 19.001097299209142, 69.633133693990047 ], [ 19.001151674087424, 69.633120544952547 ], [ 19.001207205729916, 69.633115832680659 ], [ 19.001258694458024, 69.633125480828141 ], [ 19.001318200610999, 69.633125988508496 ], [ 19.001401705199278, 69.633131727758141 ], [ 19.001471247811313, 69.633130072446292 ], [ 19.001533760450179, 69.633125965273848 ], [ 19.001596212358184, 69.63312595455497 ], [ 19.001664395301166, 69.633118113533129 ], [ 19.001720421154115, 69.633115509134299 ], [ 19.001803569310958, 69.633105630528377 ], [ 19.001866852983042, 69.63308976159918 ], [ 19.001938275183363, 69.633078035640835 ], [ 19.00198829492561, 69.633069321155361 ], [ 19.002064377517083, 69.633051985729907 ], [ 19.002146533861598, 69.633040223458934 ], [ 19.002245863998809, 69.633035141574013 ], [ 19.002329271880008, 69.633024470722191 ], [ 19.002405730514152, 69.633014759770163 ], [ 19.002486951985798, 69.633006693850902 ], [ 19.002565276902772, 69.633001159278521 ], [ 19.002627267424941, 69.633009190719164 ], [ 19.00267667996664, 69.633025715161651 ], [ 19.002695624001646, 69.633043437782646 ], [ 19.002762236373272, 69.633050246474752 ], [ 19.002817646489692, 69.633048382571275 ], [ 19.002882257328856, 69.633048056879375 ], [ 19.002930647315242, 69.633034997243669 ], [ 19.003018453535621, 69.6330404560847 ], [ 19.003074314053848, 69.633041666091373 ], [ 19.003136163840942, 69.633038649624268 ], [ 19.003197236984025, 69.633033851852773 ], [ 19.003248724074503, 69.633026567663279 ] ] } },
{ "type": "Feature", "properties": { "id": 66, "group_name": "Group 1", "observation_type": "Track >1 m wide sections", "measurement": "", "note": "", "wet_trail_condition": "", "erosion_feature": "", "gps_accuracy": 3.0, "created_at": "2026-09-12T12:07:16.009639+00:00", "photo_url": null }, "geometry": { "type": "LineString", "coordinates": [ [ 18.9941068, 69.6323516 ], [ 18.9941238, 69.6323315 ], [ 18.9941442, 69.6323146 ], [ 18.9941628, 69.6322951 ], [ 18.9941809, 69.6322724 ], [ 18.9941933, 69.6322516 ], [ 18.9942006, 69.6322299 ], [ 18.9941909, 69.6322121 ], [ 18.9941915, 69.6321897 ], [ 18.9941838, 69.6321702 ], [ 18.9941719, 69.6321498 ], [ 18.9941623, 69.6321298 ], [ 18.9941517, 69.6321077 ], [ 18.9941283, 69.6320868 ], [ 18.9940884, 69.6320647 ], [ 18.9940632, 69.63204 ], [ 18.9940421, 69.6320214 ], [ 18.994018, 69.6319977 ], [ 18.9940157, 69.6319764 ], [ 18.9940206, 69.6319582 ], [ 18.9940366, 69.6319395 ], [ 18.9940408, 69.6319198 ], [ 18.994055, 69.6319009 ], [ 18.9940303, 69.631883 ], [ 18.9940333, 69.631861 ], [ 18.9940433, 69.6318393 ], [ 18.9940578, 69.6318218 ], [ 18.9940565, 69.6317979 ], [ 18.994049, 69.6317761 ], [ 18.9940293, 69.6317585 ], [ 18.9940405, 69.63174 ], [ 18.9940395, 69.6317189 ], [ 18.9940352, 69.6316985 ], [ 18.9940197, 69.6316774 ], [ 18.9940085, 69.6316586 ], [ 18.9940032, 69.631638 ], [ 18.9940221, 69.6316183 ], [ 18.9940262, 69.6315986 ], [ 18.994005, 69.6315755 ], [ 18.9939766, 69.6315524 ], [ 18.9939491, 69.6315367 ], [ 18.993908, 69.6315216 ], [ 18.9938774, 69.6315014 ], [ 18.9938564, 69.6314835 ], [ 18.9938366, 69.6314614 ], [ 18.9938208, 69.6314387 ], [ 18.9938121, 69.6314206 ], [ 18.9938123, 69.6313961 ], [ 18.9937954, 69.631375 ], [ 18.9937765, 69.6313533 ], [ 18.9937769, 69.6313312 ], [ 18.9937943, 69.6313116 ], [ 18.9938228, 69.631292 ] ] } },
{ "type": "Feature", "properties": { "id": 65, "group_name": "Group 1", "observation_type": "Track >1 m wide sections", "measurement": "", "note": "", "wet_trail_condition": "", "erosion_feature": "", "gps_accuracy": 2.9729157087802101, "created_at": "2026-09-12T12:06:20.344372+00:00", "photo_url": null }, "geometry": { "type": "LineString", "coordinates": [ [ 18.997499674366857, 69.635060862298744 ], [ 18.997518397147005, 69.635032313799059 ], [ 18.997552920891302, 69.635006694029826 ], [ 18.997576268152319, 69.634983208219026 ], [ 18.997604365832679, 69.634957778002828 ], [ 18.997615686512237, 69.634931481768319 ], [ 18.997637893127322, 69.634902292421884 ], [ 18.99766215726267, 69.634884608683336 ], [ 18.997677188693206, 69.634853036774302 ], [ 18.997691141919606, 69.6348206161706 ], [ 18.997707141399069, 69.634790216019013 ], [ 18.997704884913016, 69.634761456341394 ], [ 18.997726109692724, 69.63472951939724 ], [ 18.997755579900257, 69.634698430780958 ], [ 18.997777817470112, 69.634668164879727 ], [ 18.997823502275939, 69.634642729666353 ], [ 18.997875338373142, 69.634619402516932 ], [ 18.997925779489371, 69.634594830037983 ], [ 18.997990555441877, 69.634568207172336 ], [ 18.998053243148618, 69.6345514944271 ], [ 18.998123977742814, 69.634535971860728 ], [ 18.998197786316542, 69.634526291854129 ], [ 18.998246318811372, 69.634516007398901 ], [ 18.998312483966572, 69.634501294594585 ], [ 18.99837173377535, 69.634488175040502 ], [ 18.998419247782657, 69.634478940530087 ], [ 18.998476540361033, 69.63446349357524 ], [ 18.998527064785268, 69.634451103676099 ], [ 18.998584065559577, 69.634435095953918 ], [ 18.998645211482319, 69.634417305590702 ], [ 18.998701807799879, 69.634398620413407 ], [ 18.998769585441273, 69.634380356565174 ], [ 18.99882544102482, 69.634362573728339 ], [ 18.998880122939667, 69.63434302373372 ], [ 18.998926222056589, 69.634323887435897 ], [ 18.998954428551126, 69.634308347553244 ], [ 18.998997419722222, 69.634288467282474 ], [ 18.999024841075592, 69.634271693691431 ], [ 18.999059672329597, 69.634250694221578 ], [ 18.999086806617857, 69.634234824989846 ], [ 18.999110213217293, 69.634213513214135 ], [ 18.999133330982229, 69.63418872449364 ], [ 18.999152939422189, 69.634163555354661 ], [ 18.999150321083579, 69.634139454701526 ], [ 18.999151471125334, 69.634113265253177 ], [ 18.999151252949964, 69.634087658800425 ], [ 18.99913901765553, 69.634061817183351 ], [ 18.999122968479284, 69.634030731406853 ], [ 18.999106815310359, 69.634003684975696 ], [ 18.999089674919805, 69.633978831541739 ], [ 18.999075809037492, 69.633952381315609 ], [ 18.999061014399814, 69.633925302794523 ], [ 18.999047257913563, 69.633895938553067 ], [ 18.999032043999676, 69.633866184396027 ], [ 18.999029612136138, 69.633834622700391 ], [ 18.999032303351349, 69.633802677228559 ], [ 18.999021956630102, 69.633774877113225 ], [ 18.99901760937361, 69.633745363652068 ], [ 18.99901954628745, 69.633718523663461 ], [ 18.999013190421437, 69.633695662537306 ], [ 18.999000253510868, 69.633671255885318 ], [ 18.998984119342254, 69.633648650168581 ], [ 18.99894870118878, 69.633624039833151 ], [ 18.998936800240806, 69.633597506112906 ], [ 18.998935595316475, 69.633571383441961 ], [ 18.99893385127702, 69.633543869934741 ], [ 18.998947459622226, 69.633521687172305 ], [ 18.998969354963489, 69.633499790488884 ], [ 18.999006626396834, 69.633476121436999 ], [ 18.999049243593948, 69.633458606651274 ], [ 18.999081128240462, 69.633440516433495 ], [ 18.999128872491504, 69.633422794785417 ], [ 18.999193414108237, 69.63340606784179 ], [ 18.999262253126773, 69.633393755332492 ], [ 18.99932317413306, 69.633381856906567 ], [ 18.999388619744767, 69.633367007486854 ], [ 18.999452418546468, 69.633353539458767 ], [ 18.999508707761152, 69.633339306877204 ], [ 18.99957681636057, 69.633321157104135 ], [ 18.999632221711757, 69.633304367006659 ], [ 18.999660330409895, 69.633284219953921 ], [ 18.999699772584151, 69.633260068813314 ], [ 18.999733871851113, 69.633236691670035 ], [ 18.999773290780531, 69.633209989364033 ], [ 18.999803244930821, 69.633182498543789 ], [ 18.999826005259354, 69.633154434320687 ], [ 18.99984905339922, 69.633131343424935 ], [ 18.999873562004939, 69.633107987295233 ], [ 18.999884147710599, 69.633082920006686 ], [ 18.999912897520371, 69.633055991244149 ], [ 18.999938797386324, 69.633038799559543 ], [ 18.99998015938711, 69.633010811481753 ], [ 19.000023091272173, 69.632986108480921 ], [ 19.000056324369105, 69.632959014979846 ], [ 19.000080998065091, 69.632935775537234 ], [ 19.00010826728132, 69.632912035106997 ], [ 19.000144424743507, 69.632886957779405 ], [ 19.000186110648837, 69.632861166243842 ], [ 19.000247154313641, 69.632840303660231 ], [ 19.000292584225335, 69.632814381076869 ], [ 19.000325977626272, 69.632793532227325 ], [ 19.000365050151267, 69.632767506354782 ], [ 19.000400633775648, 69.632743832997406 ], [ 19.000425081154336, 69.632727438640188 ], [ 19.00047977586236, 69.632703272659413 ], [ 19.000511893780121, 69.63268038532793 ], [ 19.000542834125483, 69.632657553926663 ], [ 19.000564178726879, 69.632637007465476 ], [ 19.000565707422084, 69.632612827413425 ], [ 19.000601553793274, 69.632589421751362 ], [ 19.000618521562497, 69.63256907137054 ], [ 19.000645525502495, 69.632544896116926 ], [ 19.000678632795552, 69.632525729007568 ], [ 19.000725937053307, 69.632509150500624 ], [ 19.000762716408865, 69.632488894097918 ], [ 19.000807853262398, 69.632467950182956 ], [ 19.000839087930192, 69.632445554431769 ], [ 19.000857353875713, 69.632421287830454 ], [ 19.000898195233013, 69.632396270579662 ], [ 19.00091852981684, 69.63236874213429 ], [ 19.000934806650712, 69.632344606816901 ] ] } },
{ "type": "Feature", "properties": { "id": 64, "group_name": "Group 1", "observation_type": "Track faint trails", "measurement": "", "note": "", "wet_trail_condition": "", "erosion_feature": "", "gps_accuracy": 3.0, "created_at": "2026-09-12T12:06:08.271779+00:00", "photo_url": null }, "geometry": { "type": "LineString", "coordinates": [ [ 18.9939821, 69.6323533 ], [ 18.9939787, 69.6323726 ], [ 18.9939337, 69.6323832 ], [ 18.9938811, 69.632381 ], [ 18.9938231, 69.6323742 ], [ 18.9937628, 69.6323643 ] ] } },
{ "type": "Feature", "properties": { "id": 63, "group_name": "Group 1", "observation_type": "Track >1 m wide sections", "measurement": "", "note": "", "wet_trail_condition": "", "erosion_feature": "", "gps_accuracy": 3.0, "created_at": "2026-09-12T12:06:03.908733+00:00", "photo_url": null }, "geometry": { "type": "LineString", "coordinates": [ [ 18.9953132, 69.6335685 ], [ 18.9952823, 69.6335426 ], [ 18.9952568, 69.633525 ], [ 18.9952491, 69.6335036 ], [ 18.9952504, 69.6334771 ], [ 18.9952347, 69.6334598 ], [ 18.9952121, 69.6334383 ], [ 18.9951992, 69.6334197 ], [ 18.9951817, 69.6334004 ], [ 18.9951765, 69.6333805 ], [ 18.9951445, 69.6333577 ], [ 18.9951239, 69.6333407 ], [ 18.9951094, 69.6333205 ], [ 18.9951034, 69.6333004 ], [ 18.9950985, 69.6332745 ], [ 18.9951135, 69.633255 ], [ 18.9950973, 69.6332365 ], [ 18.9949609, 69.6328482 ], [ 18.9949457, 69.632829 ], [ 18.9949515, 69.6328029 ], [ 18.9949469, 69.6327817 ], [ 18.9949494, 69.6327636 ], [ 18.9949496, 69.6327432 ], [ 18.994956, 69.6327231 ], [ 18.99498, 69.6327047 ], [ 18.9949894, 69.6326831 ], [ 18.9949876, 69.6326593 ], [ 18.9949803, 69.6326395 ], [ 18.9949832, 69.6326188 ], [ 18.9949849, 69.6325986 ], [ 18.994982, 69.6325787 ], [ 18.9949818, 69.6325605 ], [ 18.9949894, 69.6325391 ], [ 18.9949974, 69.6325167 ], [ 18.9949961, 69.6324929 ], [ 18.9949976, 69.6324655 ], [ 18.9950215, 69.6324492 ], [ 18.9950392, 69.6324319 ], [ 18.9950553, 69.6324121 ], [ 18.9950564, 69.6323874 ], [ 18.9950755, 69.6323656 ], [ 18.9950982, 69.632349 ], [ 18.9951273, 69.6323271 ], [ 18.9951487, 69.632307 ], [ 18.9951643, 69.6322828 ], [ 18.9951661, 69.6322591 ], [ 18.9951532, 69.6322403 ], [ 18.9951152, 69.6322197 ], [ 18.9950634, 69.632205 ], [ 18.9950241, 69.6321924 ], [ 18.9949781, 69.632172 ], [ 18.9949542, 69.6321553 ], [ 18.9949249, 69.6321402 ] ] } },
{ "type": "Feature", "properties": { "id": 62, "group_name": "Group 1", "observation_type": "Track faint trails", "measurement": "", "note": "", "wet_trail_condition": "", "erosion_feature": "", "gps_accuracy": 2.2562678129767901, "created_at": "2026-09-12T12:05:41.653056+00:00", "photo_url": null }, "geometry": { "type": "LineString", "coordinates": [ [ 18.994153226840517, 69.632385282894646 ], [ 18.994200863785032, 69.632392960879343 ], [ 18.994247721451629, 69.632377571374121 ], [ 18.994305011302604, 69.632364422375318 ], [ 18.994361732827038, 69.632352501636788 ], [ 18.994400576473527, 69.632338891493532 ], [ 18.994445535898333, 69.632320820582052 ], [ 18.994504375002364, 69.632309518519961 ], [ 18.99455040579992, 69.632300029296246 ], [ 18.994611548436495, 69.632290792131315 ], [ 18.994624637811469, 69.632272369078336 ], [ 18.994627719699686, 69.632251866653476 ], [ 18.994677748219164, 69.632235797983228 ], [ 18.994746276576059, 69.632233054888971 ], [ 18.99481605347081, 69.632221513756747 ], [ 18.994799479292976, 69.632197973353016 ], [ 18.994804384364084, 69.632172782423069 ] ] } },
{ "type": "Feature", "properties": { "id": 61, "group_name": "Group 1", "observation_type": "Track faint trails", "measurement": "", "note": "", "wet_trail_condition": "", "erosion_feature": "", "gps_accuracy": 3.0, "created_at": "2026-09-12T12:05:38.496549+00:00", "photo_url": null }, "geometry": { "type": "LineString", "coordinates": [ [ 18.9940312, 69.6323604 ], [ 18.9939811, 69.6323474 ], [ 18.9939333, 69.6323379 ], [ 18.9938692, 69.6323293 ], [ 18.9938265, 69.632314 ], [ 18.9938097, 69.6322932 ], [ 18.9937708, 69.6322798 ], [ 18.9937102, 69.6322681 ], [ 18.9936578, 69.6322572 ] ] } },
{ "type": "Feature", "properties": { "id": 60, "group_name": "Group 1", "observation_type": "Track faint trails", "measurement": "", "note": "", "wet_trail_condition": "", "erosion_feature": "", "gps_accuracy": 3.0, "created_at": "2026-09-12T12:03:37.83982+00:00", "photo_url": null }, "geometry": { "type": "LineString", "coordinates": [ [ 18.9957841, 69.6344979 ], [ 18.995735, 69.6345169 ], [ 18.995679, 69.6345268 ], [ 18.9956187, 69.6345389 ], [ 18.995554, 69.6345491 ], [ 18.9954874, 69.6345587 ], [ 18.9954092, 69.6345637 ], [ 18.9953564, 69.6345626 ], [ 18.9952989, 69.6345664 ], [ 18.9952555, 69.6345812 ], [ 18.9951977, 69.6345889 ], [ 18.99513, 69.6345942 ], [ 18.995061, 69.6346025 ], [ 18.9949987, 69.6346059 ], [ 18.994933, 69.6346082 ], [ 18.9948595, 69.634604 ], [ 18.9948096, 69.6345981 ] ] } },
{ "type": "Feature", "properties": { "id": 58, "group_name": "Group 1", "observation_type": "Track >1 m wide sections", "measurement": "", "note": "", "wet_trail_condition": "", "erosion_feature": "", "gps_accuracy": 3.0, "created_at": "2026-09-12T12:02:26.407193+00:00", "photo_url": null }, "geometry": { "type": "LineString", "coordinates": [ [ 18.9958708, 69.6343257 ], [ 18.9958448, 69.634342 ], [ 18.9958213, 69.6343596 ], [ 18.9957876, 69.6343803 ], [ 18.9957544, 69.6343992 ], [ 18.9957438, 69.6344218 ], [ 18.9957539, 69.6344411 ], [ 18.9957751, 69.6344681 ], [ 18.9957714, 69.6344905 ], [ 18.9957798, 69.6345088 ], [ 18.9957904, 69.6345283 ], [ 18.9958109, 69.6345503 ], [ 18.9958305, 69.6345781 ], [ 18.9958382, 69.6345968 ], [ 18.9958449, 69.6346158 ], [ 18.9958881, 69.6346341 ], [ 18.9959547, 69.6346275 ] ] } },
{ "type": "Feature", "properties": { "id": 56, "group_name": "Group 1", "observation_type": "Track faint trails", "measurement": "", "note": "", "wet_trail_condition": "", "erosion_feature": "", "gps_accuracy": 3.0, "created_at": "2026-09-12T12:00:26.294303+00:00", "photo_url": null }, "geometry": { "type": "LineString", "coordinates": [ [ 18.9951309, 69.6349171 ], [ 18.9951521, 69.6348984 ], [ 18.9951927, 69.6348823 ], [ 18.9952261, 69.6348635 ], [ 18.9952729, 69.6348443 ], [ 18.9953364, 69.6348245 ], [ 18.9953844, 69.6348091 ], [ 18.9954322, 69.6347959 ], [ 18.995468, 69.6347756 ], [ 18.9955098, 69.634755 ], [ 18.9955824, 69.6347462 ], [ 18.9956354, 69.6347444 ], [ 18.9957025, 69.6347462 ], [ 18.9957699, 69.6347461 ], [ 18.9958354, 69.6347466 ], [ 18.9958985, 69.6347432 ], [ 18.9959511, 69.634736 ], [ 18.9960172, 69.6347293 ] ] } },
{ "type": "Feature", "properties": { "id": 55, "group_name": "Group 1", "observation_type": "Track >1 m wide sections", "measurement": "", "note": "", "wet_trail_condition": "", "erosion_feature": "", "gps_accuracy": 2.8471651494154, "created_at": "2026-09-12T12:00:14.503466+00:00", "photo_url": null }, "geometry": { "type": "LineString", "coordinates": [ [ 18.996930188204601, 69.635364708677812 ], [ 18.9969779996566, 69.635349273754059 ], [ 18.997020812497301, 69.635335461690389 ], [ 18.997066978206988, 69.63531879217345 ], [ 18.997121246495876, 69.635303420982922 ], [ 18.997177810465079, 69.635286409368149 ], [ 18.997213807207444, 69.635270110062365 ], [ 18.99725956692296, 69.635247370176103 ], [ 18.99729129098537, 69.635222550508416 ], [ 18.997328765259297, 69.635198439766242 ], [ 18.997366169424435, 69.6351767930568 ], [ 18.997387723052174, 69.635150611242452 ], [ 18.997394166041968, 69.635120948464149 ], [ 18.997417438978879, 69.63509393345808 ], [ 18.997438912701419, 69.635077512681974 ], [ 18.997456811574757, 69.635052565282123 ], [ 18.997482939022216, 69.635032213209428 ] ] } },
{ "type": "Feature", "properties": { "id": 54, "group_name": "Group 1", "observation_type": "Track >1 m wide sections", "measurement": "", "note": "", "wet_trail_condition": "", "erosion_feature": "", "gps_accuracy": 5.22399997711182, "created_at": "2026-09-12T11:59:46.928587+00:00", "photo_url": null }, "geometry": { "type": "LineString", "coordinates": [ [ 18.9943917, 69.6331195 ], [ 18.9944118, 69.6331372 ], [ 18.9944301, 69.6331616 ], [ 18.9944506, 69.6331885 ], [ 18.9944625, 69.6332084 ], [ 18.9944739, 69.6332274 ], [ 18.9944914, 69.6332491 ] ] } },
{ "type": "Feature", "properties": { "id": 53, "group_name": "Group 1", "observation_type": "Track >1 m wide sections", "measurement": "", "note": "", "wet_trail_condition": "", "erosion_feature": "", "gps_accuracy": 3.0, "created_at": "2026-09-12T11:59:46.465953+00:00", "photo_url": null }, "geometry": { "type": "LineString", "coordinates": [ [ 18.9941409, 69.6334569 ], [ 18.9941805, 69.6334731 ], [ 18.9941995, 69.6334953 ], [ 18.9942072, 69.6335135 ], [ 18.9942553, 69.6335362 ], [ 18.994296, 69.6335584 ], [ 18.9943373, 69.6335807 ], [ 18.9943691, 69.6335987 ], [ 18.9943896, 69.6336162 ], [ 18.9944248, 69.6336367 ], [ 18.9944395, 69.6336577 ], [ 18.9944452, 69.633678 ], [ 18.9944544, 69.6336969 ], [ 18.994492, 69.6337223 ], [ 18.9945263, 69.6337402 ], [ 18.9945623, 69.6337612 ], [ 18.9945924, 69.6337808 ], [ 18.9946255, 69.6338058 ], [ 18.9946519, 69.6338258 ], [ 18.9946725, 69.6338435 ], [ 18.9946933, 69.6338616 ], [ 18.9947276, 69.633881 ], [ 18.994744, 69.6339017 ], [ 18.9947754, 69.6339222 ], [ 18.9947955, 69.6339414 ], [ 18.9948248, 69.633959 ], [ 18.9948826, 69.6339819 ], [ 18.9949219, 69.6340041 ], [ 18.9949195, 69.6340222 ], [ 18.9949125, 69.6340409 ], [ 18.9948897, 69.6340607 ], [ 18.9948653, 69.6340849 ], [ 18.9948703, 69.634105 ], [ 18.9948757, 69.6341239 ], [ 18.9948818, 69.6341468 ], [ 18.9948802, 69.6341705 ], [ 18.9948579, 69.6341925 ], [ 18.994842, 69.6342123 ], [ 18.9948043, 69.6342313 ], [ 18.9947505, 69.6342454 ], [ 18.9947155, 69.6342591 ], [ 18.9946852, 69.6342801 ], [ 18.9946762, 69.6342989 ], [ 18.994664, 69.6343219 ], [ 18.9946544, 69.6343443 ], [ 18.9946582, 69.6343631 ], [ 18.9946766, 69.6343816 ], [ 18.994693, 69.6344001 ], [ 18.994717, 69.6344179 ], [ 18.9947518, 69.634432 ], [ 18.9947904, 69.6344457 ], [ 18.9947998, 69.634465 ], [ 18.9948028, 69.6344866 ], [ 18.9948008, 69.6345095 ], [ 18.9947951, 69.6345313 ], [ 18.9947795, 69.6345588 ], [ 18.994771, 69.6345816 ], [ 18.9947796, 69.6346037 ], [ 18.9947975, 69.6346209 ], [ 18.9948243, 69.6346408 ], [ 18.9948675, 69.6346583 ], [ 18.994886, 69.6346828 ], [ 18.9948996, 69.6347072 ], [ 18.9949157, 69.6347305 ], [ 18.9949267, 69.6347501 ], [ 18.9949465, 69.6347673 ], [ 18.9949757, 69.6347823 ], [ 18.9950082, 69.6347996 ], [ 18.9950334, 69.6348169 ], [ 18.9950565, 69.6348333 ], [ 18.9950772, 69.6348524 ], [ 18.9950851, 69.6348759 ], [ 18.9950798, 69.6348996 ], [ 18.9950884, 69.634919 ] ] } },
{ "type": "Feature", "properties": { "id": 52, "group_name": "Group 1", "observation_type": "Track >1 m wide sections", "measurement": "", "note": "", "wet_trail_condition": "", "erosion_feature": "", "gps_accuracy": 2.7230753322808399, "created_at": "2026-09-12T11:59:07.373593+00:00", "photo_url": null }, "geometry": { "type": "LineString", "coordinates": [ [ 18.996847462847818, 69.635424697938205 ], [ 18.996777000318492, 69.635418348542075 ], [ 18.996709761403491, 69.635427197972348 ], [ 18.996652601610354, 69.6354431701957 ], [ 18.99659830782802, 69.635462256384344 ], [ 18.996568023981325, 69.63547756895673 ], [ 18.99650017832673, 69.6354927686764 ] ] } },
{ "type": "Feature", "properties": { "id": 51, "group_name": "Group 1", "observation_type": "Track faint trails", "measurement": "", "note": "", "wet_trail_condition": "", "erosion_feature": "", "gps_accuracy": 3.01300001144409, "created_at": "2026-09-12T11:58:51.587838+00:00", "photo_url": null }, "geometry": { "type": "LineString", "coordinates": [ [ 18.9939167, 69.6325455 ], [ 18.9938498, 69.6325461 ], [ 18.9937914, 69.632547 ], [ 18.9937371, 69.6325506 ], [ 18.9936758, 69.6325609 ], [ 18.9936284, 69.6325685 ], [ 18.9935661, 69.6325694 ], [ 18.9935007, 69.6325725 ], [ 18.993443, 69.6325742 ], [ 18.9933887, 69.6325773 ], [ 18.9933343, 69.6325799 ], [ 18.9932745, 69.6325858 ], [ 18.9932137, 69.6325879 ], [ 18.9931511, 69.6325898 ], [ 18.993095, 69.6325909 ], [ 18.9930316, 69.6326073 ], [ 18.9929787, 69.6326147 ] ] } },
{ "type": "Feature", "properties": { "id": 50, "group_name": "Group 1", "observation_type": "Track >1 m wide sections", "measurement": "", "note": "", "wet_trail_condition": "", "erosion_feature": "", "gps_accuracy": 3.01300001144409, "created_at": "2026-09-12T11:58:15.105224+00:00", "photo_url": null }, "geometry": { "type": "LineString", "coordinates": [ [ 18.9941222, 69.6334614 ], [ 18.9941204, 69.63344 ], [ 18.9941395, 69.6334174 ], [ 18.9941169, 69.633391 ], [ 18.9941002, 69.6333688 ], [ 18.9940841, 69.6333446 ], [ 18.9940609, 69.6333248 ], [ 18.9940529, 69.6333058 ], [ 18.9940562, 69.6332855 ], [ 18.9940719, 69.6332679 ], [ 18.9941078, 69.6332481 ], [ 18.9941393, 69.6332331 ], [ 18.9941996, 69.6332229 ], [ 18.9942211, 69.6332033 ], [ 18.9942579, 69.6331905 ], [ 18.9942932, 69.6331769 ], [ 18.9943344, 69.6331553 ], [ 18.9943616, 69.6331336 ], [ 18.9943485, 69.6331129 ], [ 18.9943714, 69.6330908 ], [ 18.9943818, 69.6330641 ], [ 18.9943778, 69.6330432 ], [ 18.9943724, 69.6330247 ] ] } },
{ "type": "Feature", "properties": { "id": 49, "group_name": "Group 1", "observation_type": "Track >1 m wide sections", "measurement": "", "note": "", "wet_trail_condition": "", "erosion_feature": "", "gps_accuracy": 2.5569999217987101, "created_at": "2026-09-12T11:58:11.251173+00:00", "photo_url": null }, "geometry": { "type": "LineString", "coordinates": [ [ 18.994166, 69.6324581 ], [ 18.9941998, 69.6324724 ], [ 18.9942405, 69.632491 ], [ 18.9942793, 69.632508 ], [ 18.9943282, 69.6325215 ], [ 18.9943603, 69.6325379 ], [ 18.9943643, 69.6325605 ], [ 18.9943876, 69.6325817 ], [ 18.9944058, 69.6325993 ], [ 18.9944207, 69.6326169 ], [ 18.9944396, 69.632639 ], [ 18.9944594, 69.6326592 ], [ 18.9944699, 69.6326774 ], [ 18.9944802, 69.6326965 ], [ 18.9944682, 69.6327188 ], [ 18.9944465, 69.6327458 ], [ 18.9944262, 69.6327662 ], [ 18.9944368, 69.632791 ], [ 18.994443, 69.6328122 ], [ 18.9944458, 69.632835 ], [ 18.9944411, 69.6328542 ], [ 18.9944428, 69.632875 ], [ 18.9944475, 69.6328995 ], [ 18.9944459, 69.6329184 ], [ 18.9944471, 69.6329381 ], [ 18.9944378, 69.6329574 ], [ 18.9944432, 69.6329788 ], [ 18.9944514, 69.6330022 ] ] } },
{ "type": "Feature", "properties": { "id": 48, "group_name": "Group 1", "observation_type": "Track faint trails", "measurement": "", "note": "", "wet_trail_condition": "", "erosion_feature": "", "gps_accuracy": 3.0, "created_at": "2026-09-12T11:57:07.070998+00:00", "photo_url": null }, "geometry": { "type": "LineString", "coordinates": [ [ 18.9950001, 69.6324363 ], [ 18.9949244, 69.6324356 ], [ 18.9948562, 69.6324261 ], [ 18.9947912, 69.6324142 ], [ 18.9947232, 69.6324102 ], [ 18.9946595, 69.6324125 ], [ 18.9946099, 69.6324048 ], [ 18.9946202, 69.6323814 ], [ 18.9946122, 69.63236 ], [ 18.9945964, 69.6323418 ], [ 18.9945884, 69.6323166 ], [ 18.9945962, 69.6322957 ] ] } },
{ "type": "Feature", "properties": { "id": 47, "group_name": "Group 1", "observation_type": "Track >1 m wide sections", "measurement": "", "note": "", "wet_trail_condition": "", "erosion_feature": "", "gps_accuracy": 2.76818347654604, "created_at": "2026-09-12T11:57:00.70133+00:00", "photo_url": null }, "geometry": { "type": "LineString", "coordinates": [ [ 18.996131698368355, 69.635511675742165 ], [ 18.997080417376861, 69.635457030893619 ], [ 18.997128130355264, 69.635447199889953 ], [ 18.997174512519013, 69.635438688930918 ], [ 18.99711243077763, 69.635440079169427 ], [ 18.997174086962023, 69.635431434867598 ], [ 18.997240328126043, 69.635424497040205 ], [ 18.997172522604057, 69.63543769671692 ], [ 18.997113114201088, 69.635449205118206 ], [ 18.997123930001479, 69.635477112731095 ], [ 18.997172444260251, 69.635499864647784 ], [ 18.997223445731926, 69.635515826688135 ], [ 18.997258281791222, 69.635533118412297 ], [ 18.997302254965248, 69.635561884772329 ], [ 18.997316627286096, 69.635584762563425 ], [ 18.997336897350632, 69.635601917800614 ], [ 18.99736936803043, 69.635632317173787 ], [ 18.997400181730814, 69.635654772746093 ], [ 18.997442676365246, 69.635676495114453 ], [ 18.997502369308993, 69.635690202593679 ], [ 18.997566847016973, 69.635711727189872 ], [ 18.997611799926855, 69.635728591684838 ], [ 18.997649514744573, 69.635753955926418 ], [ 18.997667752507809, 69.635783078748801 ], [ 18.997690919390315, 69.635802781624704 ], [ 18.997711083457698, 69.635820915847901 ], [ 18.997730580436535, 69.635840289261708 ], [ 18.997777529504873, 69.635860283704133 ], [ 18.997813920806848, 69.635875179351018 ], [ 18.997829433309381, 69.635900251097524 ], [ 18.997831092239611, 69.635924074086532 ] ] } },
{ "type": "Feature", "properties": { "id": 46, "group_name": "Group 1", "observation_type": "Track faint trails", "measurement": "", "note": "", "wet_trail_condition": "", "erosion_feature": "", "gps_accuracy": 3.00399994850159, "created_at": "2026-09-12T11:56:13.87833+00:00", "photo_url": null }, "geometry": { "type": "LineString", "coordinates": [ [ 18.9943322, 69.6325527 ], [ 18.9943918, 69.6325575 ], [ 18.9944497, 69.6325548 ], [ 18.994512, 69.6325504 ], [ 18.9945685, 69.6325462 ], [ 18.994627, 69.6325337 ], [ 18.9946767, 69.632519 ], [ 18.9947159, 69.6325057 ], [ 18.9947583, 69.6324915 ], [ 18.9948015, 69.6324758 ], [ 18.9948445, 69.632464 ], [ 18.9948898, 69.6324532 ], [ 18.994936, 69.6324436 ], [ 18.9949846, 69.6324343 ] ] } },
{ "type": "Feature", "properties": { "id": 45, "group_name": "Group 1", "observation_type": "Track faint trails", "measurement": "", "note": "", "wet_trail_condition": "", "erosion_feature": "", "gps_accuracy": 2.38033832999893, "created_at": "2026-09-12T11:56:07.973853+00:00", "photo_url": null }, "geometry": { "type": "LineString", "coordinates": [ [ 18.992496148830813, 69.632398517723843 ], [ 18.992407655455931, 69.632376723570474 ], [ 18.992464311011627, 69.632385368815605 ], [ 18.992520339820668, 69.632401600164656 ], [ 18.992587947095398, 69.632406563018236 ], [ 18.99265747454265, 69.632414900205418 ], [ 18.992704325806049, 69.632424025790186 ], [ 18.992762177694992, 69.632434785487675 ], [ 18.992822367037466, 69.632439620899603 ], [ 18.992874894089688, 69.632455227311908 ], [ 18.992923683166858, 69.632474638194665 ], [ 18.992938658471246, 69.632498345376845 ], [ 18.992991661063467, 69.632511981310401 ], [ 18.993004834974613, 69.632529436986403 ], [ 18.99296427811899, 69.632554616746162 ], [ 18.992949346872482, 69.632572107462224 ], [ 18.992953766657742, 69.632595898422849 ], [ 18.992984165678479, 69.632619946909287 ], [ 18.993001076774558, 69.632642641777565 ], [ 18.99302675356325, 69.632667185673739 ], [ 18.993049308475406, 69.632691494201865 ], [ 18.993072895444097, 69.632712610599157 ], [ 18.993082626048992, 69.632733442632855 ] ] } },
{ "type": "Feature", "properties": { "id": 44, "group_name": "Group 1", "observation_type": "Track >1 m wide sections", "measurement": "", "note": "", "wet_trail_condition": "", "erosion_feature": "", "gps_accuracy": 3.0, "created_at": "2026-09-12T11:56:00.532644+00:00", "photo_url": null }, "geometry": { "type": "LineString", "coordinates": [ [ 18.9936169, 69.6349288 ], [ 18.9935544, 69.6349424 ], [ 18.9935269, 69.634924 ], [ 18.9935278, 69.6348965 ], [ 18.9935521, 69.6348721 ], [ 18.9935766, 69.6348538 ], [ 18.9935906, 69.6348346 ], [ 18.9936053, 69.6348117 ], [ 18.9936232, 69.634793 ], [ 18.9936422, 69.6347752 ], [ 18.9936769, 69.6347605 ], [ 18.9937197, 69.6347439 ], [ 18.9937645, 69.6347297 ], [ 18.9938033, 69.6347132 ], [ 18.9938359, 69.6346987 ], [ 18.9938681, 69.6347178 ], [ 18.9939079, 69.6346979 ], [ 18.9939235, 69.6346726 ], [ 18.9938913, 69.6346585 ], [ 18.9938555, 69.6346418 ], [ 18.993841, 69.634619 ], [ 18.9938739, 69.6345943 ], [ 18.9938583, 69.6345727 ], [ 18.9938461, 69.6345552 ], [ 18.9938362, 69.6345303 ], [ 18.9938209, 69.6345108 ], [ 18.9938568, 69.6344943 ], [ 18.9938835, 69.6344767 ], [ 18.9938883, 69.6344565 ], [ 18.9939254, 69.6344346 ], [ 18.9939691, 69.6344132 ], [ 18.9940071, 69.6343887 ], [ 18.9940439, 69.6343687 ], [ 18.9940735, 69.6343507 ], [ 18.9941083, 69.6343316 ], [ 18.9941045, 69.6343088 ], [ 18.994128, 69.6342888 ], [ 18.9941598, 69.6342706 ], [ 18.9941874, 69.6342505 ], [ 18.9941935, 69.6342247 ], [ 18.9942062, 69.6342025 ], [ 18.9942026, 69.6341767 ], [ 18.9942031, 69.6341573 ], [ 18.9942316, 69.6341393 ], [ 18.9942523, 69.6341194 ], [ 18.9942579, 69.6340963 ], [ 18.9942522, 69.6340775 ], [ 18.9942543, 69.6340578 ], [ 18.9942474, 69.6340367 ], [ 18.9942534, 69.6340162 ], [ 18.9942533, 69.6339944 ], [ 18.9942483, 69.6339705 ], [ 18.9942561, 69.633946 ], [ 18.9942498, 69.6339243 ], [ 18.9942308, 69.6339045 ], [ 18.9942163, 69.6338801 ], [ 18.9942184, 69.6338617 ], [ 18.9942193, 69.63384 ], [ 18.9942185, 69.6338191 ], [ 18.9942074, 69.6337987 ], [ 18.994199, 69.6337791 ], [ 18.9941831, 69.633755 ], [ 18.9941721, 69.6337371 ], [ 18.9941434, 69.6337177 ], [ 18.9941264, 69.6336939 ], [ 18.9941133, 69.6336646 ], [ 18.9941002, 69.633646 ], [ 18.9940946, 69.6336274 ], [ 18.9940869, 69.6336041 ], [ 18.9940667, 69.6335863 ], [ 18.9940578, 69.6335647 ], [ 18.9940664, 69.6335447 ], [ 18.9940901, 69.6335286 ], [ 18.9941221, 69.6335113 ], [ 18.9941521, 69.6334945 ], [ 18.9941773, 69.633471 ], [ 18.9941887, 69.6334524 ] ] } },
{ "type": "Feature", "properties": { "id": 43, "group_name": "Group 1", "observation_type": "Track >1 m wide sections", "measurement": "", "note": "", "wet_trail_condition": "", "erosion_feature": "", "gps_accuracy": 3.0, "created_at": "2026-09-12T11:55:49.023303+00:00", "photo_url": null }, "geometry": { "type": "LineString", "coordinates": [ [ 18.9952827, 69.6335696 ], [ 18.9952331, 69.6335578 ], [ 18.9951901, 69.6335443 ], [ 18.9951244, 69.6335291 ], [ 18.9950671, 69.6335199 ], [ 18.9950154, 69.6335145 ], [ 18.9949629, 69.6335082 ], [ 18.9948976, 69.6335005 ], [ 18.9948323, 69.6334958 ], [ 18.9947617, 69.63349 ], [ 18.9947116, 69.6334792 ], [ 18.994656, 69.6334749 ], [ 18.9946004, 69.6334699 ], [ 18.9945406, 69.6334646 ], [ 18.9944859, 69.6334628 ], [ 18.9944344, 69.6334581 ], [ 18.9943764, 69.6334607 ], [ 18.9943107, 69.6334613 ], [ 18.9942506, 69.6334597 ], [ 18.994198, 69.6334589 ] ] } },
{ "type": "Feature", "properties": { "id": 42, "group_name": "Group 1", "observation_type": "Track faint trails", "measurement": "", "note": "", "wet_trail_condition": "", "erosion_feature": "", "gps_accuracy": 3.0139999389648402, "created_at": "2026-09-12T11:55:16.773512+00:00", "photo_url": null }, "geometry": { "type": "LineString", "coordinates": [ [ 18.9939365, 69.6326139 ], [ 18.9939932, 69.6326022 ], [ 18.9940527, 69.6325953 ], [ 18.9941124, 69.6325846 ], [ 18.9941662, 69.6325808 ], [ 18.9942281, 69.6325814 ], [ 18.9942798, 69.6325908 ] ] } },
{ "type": "Feature", "properties": { "id": 41, "group_name": "Group 1", "observation_type": "Track >1 m wide sections", "measurement": "", "note": "", "wet_trail_condition": "", "erosion_feature": "", "gps_accuracy": 3.0, "created_at": "2026-09-12T11:54:59.91189+00:00", "photo_url": null }, "geometry": { "type": "LineString", "coordinates": [ [ 18.9961326, 69.6350558 ], [ 18.9961543, 69.6350378 ], [ 18.9961496, 69.6350162 ], [ 18.9961279, 69.6349854 ], [ 18.9961099, 69.6349677 ], [ 18.9960968, 69.6349424 ], [ 18.9960841, 69.6349156 ], [ 18.9960826, 69.6348964 ], [ 18.9960782, 69.6348742 ], [ 18.9960711, 69.6348496 ], [ 18.9960861, 69.6348204 ], [ 18.996091, 69.6347918 ], [ 18.9960919, 69.6347727 ], [ 18.9960987, 69.6347546 ], [ 18.9960939, 69.6347293 ], [ 18.9960945, 69.6347091 ], [ 18.9960885, 69.6346892 ], [ 18.9960896, 69.6346613 ], [ 18.9960781, 69.6346388 ], [ 18.9960625, 69.6346169 ], [ 18.9960447, 69.6345924 ], [ 18.9960394, 69.6345729 ], [ 18.9960439, 69.6345538 ], [ 18.9960286, 69.6345302 ], [ 18.9960078, 69.6345132 ], [ 18.9960067, 69.6344886 ], [ 18.9960084, 69.6344698 ], [ 18.9959969, 69.6344466 ], [ 18.9960018, 69.6344282 ], [ 18.9960029, 69.6344083 ], [ 18.9959856, 69.6343885 ], [ 18.9959602, 69.6343721 ], [ 18.9959345, 69.6343543 ], [ 18.9959241, 69.6343324 ], [ 18.9959065, 69.6343102 ], [ 18.9958808, 69.6342905 ], [ 18.9958858, 69.6342693 ], [ 18.9959011, 69.6342509 ], [ 18.9959003, 69.6342321 ], [ 18.9958713, 69.6342074 ], [ 18.995834, 69.6341832 ], [ 18.9957853, 69.6341652 ], [ 18.9957602, 69.6341468 ], [ 18.9957472, 69.6341243 ], [ 18.9957374, 69.6341005 ], [ 18.9957166, 69.6340807 ], [ 18.9956827, 69.6340629 ], [ 18.9956594, 69.6340389 ], [ 18.9956237, 69.6340243 ], [ 18.9955939, 69.6340041 ], [ 18.9955929, 69.6339846 ], [ 18.995583, 69.6339654 ], [ 18.9955672, 69.6339438 ], [ 18.99555, 69.6339238 ], [ 18.9955533, 69.6338976 ], [ 18.9955506, 69.6338746 ], [ 18.995536, 69.6338543 ], [ 18.9955134, 69.6338302 ], [ 18.9955017, 69.6338069 ], [ 18.9954667, 69.6337835 ], [ 18.9954273, 69.6337621 ], [ 18.9953964, 69.6337476 ], [ 18.9953598, 69.6337305 ], [ 18.9953411, 69.6337111 ], [ 18.9953499, 69.6336892 ], [ 18.9953543, 69.6336669 ], [ 18.9953425, 69.6336462 ], [ 18.9953265, 69.6336235 ] ] } },
{ "type": "Feature", "properties": { "id": 39, "group_name": "Group 1", "observation_type": "Track faint trails", "measurement": "", "note": "", "wet_trail_condition": "", "erosion_feature": "", "gps_accuracy": 2.5065511506448299, "created_at": "2026-09-12T11:53:54.722617+00:00", "photo_url": null }, "geometry": { "type": "LineString", "coordinates": [ [ 18.991973561461791, 69.632463107703003 ], [ 18.991954290111178, 69.632445792386122 ], [ 18.991907864044936, 69.632429431062064 ], [ 18.991875064560634, 69.632406707010986 ], [ 18.991834089967796, 69.632394865504878 ], [ 18.991762238875157, 69.632376548668844 ] ] } },
{ "type": "Feature", "properties": { "id": 38, "group_name": "Group 1", "observation_type": "Track faint trails", "measurement": "", "note": "", "wet_trail_condition": "", "erosion_feature": "", "gps_accuracy": 3.0, "created_at": "2026-09-12T11:53:37.069582+00:00", "photo_url": null }, "geometry": { "type": "LineString", "coordinates": [ [ 18.9934616, 69.632915 ], [ 18.9934026, 69.6329116 ], [ 18.9933505, 69.6329096 ], [ 18.9932892, 69.6329013 ], [ 18.993237, 69.6328867 ], [ 18.9932129, 69.6328698 ], [ 18.9931916, 69.6328517 ], [ 18.993181, 69.6328339 ], [ 18.9931663, 69.6328161 ], [ 18.9931469, 69.6327979 ] ] } },
{ "type": "Feature", "properties": { "id": 37, "group_name": "Group 1", "observation_type": "Track >1 m wide sections", "measurement": "", "note": "", "wet_trail_condition": "", "erosion_feature": "", "gps_accuracy": 5.4931292019511799, "created_at": "2026-09-12T11:53:26.193737+00:00", "photo_url": null }, "geometry": { "type": "LineString", "coordinates": [ [ 18.996132713385393, 69.635096855716682 ], [ 18.99611779333674, 69.635114453759755 ], [ 18.996075701159345, 69.635127479351212 ], [ 18.996041071755247, 69.635144076398163 ], [ 18.996018200876168, 69.635168292813674 ], [ 18.996019605144348, 69.635193545476398 ], [ 18.996025805100775, 69.635222899485214 ], [ 18.996023130375292, 69.635248680012467 ], [ 18.996016090786132, 69.635268681014111 ], [ 18.996015120439946, 69.635298212276652 ], [ 18.99599601529161, 69.635324391333015 ], [ 18.995966743310557, 69.635349977497668 ], [ 18.995946280678936, 69.635376969808561 ], [ 18.995968014707756, 69.635393301021992 ], [ 18.995961376722637, 69.635413858814019 ], [ 18.995948344744541, 69.635432170675173 ], [ 18.995946552040216, 69.63545297099472 ], [ 18.995921002905835, 69.63547177861156 ] ] } },
{ "type": "Feature", "properties": { "id": 36, "group_name": "Group 1", "observation_type": "Track faint trails", "measurement": "", "note": "", "wet_trail_condition": "", "erosion_feature": "", "gps_accuracy": 2.07282814561077, "created_at": "2026-09-12T11:53:09.562952+00:00", "photo_url": null }, "geometry": { "type": "LineString", "coordinates": [ [ 18.991917984304173, 69.633489312131616 ], [ 18.991942749388084, 69.633470510398084 ], [ 18.991964895840713, 69.633442657319293 ], [ 18.991977242357482, 69.633417591097015 ], [ 18.992011882819494, 69.633392426635453 ], [ 18.992051234412589, 69.633369999773322 ], [ 18.992103040045038, 69.63335401682707 ], [ 18.992142958914858, 69.633333971732768 ], [ 18.992191591821964, 69.633315897467213 ], [ 18.992250372993464, 69.633299676888484 ], [ 18.992317092161766, 69.63329305278441 ], [ 18.992363736515006, 69.633277126153374 ], [ 18.992420222465672, 69.633261024457511 ], [ 18.992450961073597, 69.633244631852477 ], [ 18.992498119622859, 69.633231705346148 ], [ 18.992551106322193, 69.633215944208061 ], [ 18.992545443411114, 69.633194816542016 ], [ 18.992536180066061, 69.633175323939454 ], [ 18.99252455580444, 69.63315312560654 ], [ 18.99249404847539, 69.63312957161331 ], [ 18.992493641659998, 69.633107613765716 ], [ 18.992495818430175, 69.633086829950059 ], [ 18.992509349242539, 69.633064298467403 ], [ 18.992508536911402, 69.633042679140885 ], [ 18.992513160732528, 69.633014356023864 ], [ 18.992498326878753, 69.632988511690797 ], [ 18.992488653042784, 69.63295999287206 ], [ 18.992485393908456, 69.632936577906435 ], [ 18.992469727657941, 69.632918660303119 ], [ 18.992449470808648, 69.63289555452522 ], [ 18.992412056335322, 69.63287814610743 ], [ 18.992405390324482, 69.632855729246771 ], [ 18.992396023571747, 69.632831083518482 ], [ 18.992380333953751, 69.632805772902671 ], [ 18.99237907686345, 69.632779908597414 ], [ 18.992353189455933, 69.632756869669805 ], [ 18.992327287102313, 69.632738623541215 ], [ 18.992331427533841, 69.632717691224755 ], [ 18.992312544092844, 69.632695216582633 ], [ 18.992286264910728, 69.632671344287687 ], [ 18.99228131464865, 69.632650084555181 ], [ 18.992270907959497, 69.632623227362444 ], [ 18.992269688516192, 69.632599106382031 ], [ 18.992251129213159, 69.632572893601079 ], [ 18.992242089673915, 69.632553798315712 ], [ 18.992219640417545, 69.632534039795956 ], [ 18.99218670233839, 69.632514559403447 ], [ 18.992148054107247, 69.632496393611575 ], [ 18.992117037498872, 69.632475010379608 ], [ 18.992036647200795, 69.632473482039686 ], [ 18.991970303052714, 69.63246094959095 ], [ 18.991910446064729, 69.632457153883038 ], [ 18.991844270389254, 69.632452642933927 ], [ 18.991775560554281, 69.63243408847535 ], [ 18.991719884911966, 69.632417168983238 ], [ 18.991686046288965, 69.63240079390107 ], [ 18.991642592582348, 69.6323897241476 ], [ 18.991604656847905, 69.632373975154152 ], [ 18.991540076009766, 69.632362223928652 ] ] } },
{ "type": "Feature", "properties": { "id": 35, "group_name": "Group 1", "observation_type": "Track faint trails", "measurement": "", "note": "", "wet_trail_condition": "", "erosion_feature": "", "gps_accuracy": 3.0, "created_at": "2026-09-12T11:53:06.992079+00:00", "photo_url": null }, "geometry": { "type": "LineString", "coordinates": [ [ 18.993363, 69.632958 ], [ 18.9933433, 69.6329337 ], [ 18.9933175, 69.6329111 ], [ 18.9932872, 69.6328951 ], [ 18.9932402, 69.632877 ], [ 18.9932073, 69.6328553 ], [ 18.9931823, 69.6328359 ], [ 18.9931613, 69.6328175 ], [ 18.9931309, 69.632798 ], [ 18.9931135, 69.6327791 ] ] } },
{ "type": "Feature", "properties": { "id": 33, "group_name": "Group 1", "observation_type": "Track >1 m wide sections", "measurement": "", "note": "", "wet_trail_condition": "", "erosion_feature": "", "gps_accuracy": 3.4089999198913601, "created_at": "2026-09-12T11:51:09.933289+00:00", "photo_url": null }, "geometry": { "type": "LineString", "coordinates": [ [ 18.9904103, 69.6336717 ], [ 18.9904169, 69.6336905 ], [ 18.9904179, 69.6337135 ], [ 18.9904255, 69.6337389 ], [ 18.9904415, 69.6337563 ], [ 18.9904603, 69.6337791 ], [ 18.9904742, 69.633799 ], [ 18.9904901, 69.6338222 ], [ 18.9905203, 69.6338382 ], [ 18.9905476, 69.6338558 ], [ 18.990569, 69.6338756 ], [ 18.9905928, 69.6338984 ], [ 18.9906076, 69.6339173 ], [ 18.9906233, 69.6339395 ], [ 18.9906342, 69.6339579 ], [ 18.9906622, 69.6339783 ], [ 18.9908349, 69.6341463 ], [ 18.9908723, 69.6341662 ], [ 18.990869, 69.6341851 ], [ 18.9909021, 69.6342079 ], [ 18.9909324, 69.6342244 ], [ 18.9909778, 69.6342505 ], [ 18.9910351, 69.6342636 ], [ 18.9910892, 69.6342716 ], [ 18.9911394, 69.6342796 ], [ 18.9911823, 69.63429 ], [ 18.9912308, 69.6342998 ], [ 18.9913109, 69.6343071 ], [ 18.9913719, 69.6343191 ], [ 18.9914245, 69.6343308 ], [ 18.991485, 69.634346 ], [ 18.9915322, 69.6343569 ], [ 18.9915939, 69.634369 ], [ 18.9916435, 69.6343778 ], [ 18.9916942, 69.6343884 ], [ 18.9917372, 69.6344037 ], [ 18.9918029, 69.6344173 ], [ 18.9918655, 69.6344289 ], [ 18.9919227, 69.6344415 ], [ 18.9919814, 69.6344509 ], [ 18.9920418, 69.634465 ], [ 18.99209, 69.6344798 ], [ 18.9921419, 69.6344952 ], [ 18.9921979, 69.6345154 ], [ 18.9922657, 69.6345301 ], [ 18.9923274, 69.6345484 ], [ 18.9923662, 69.6345614 ], [ 18.9924043, 69.6345737 ], [ 18.9924416, 69.6345908 ], [ 18.9924764, 69.6346057 ], [ 18.9925147, 69.6346197 ], [ 18.99256, 69.6346342 ], [ 18.9926048, 69.6346477 ], [ 18.9926548, 69.6346697 ], [ 18.9926913, 69.6346875 ], [ 18.9927302, 69.634703 ], [ 18.9927738, 69.6347167 ], [ 18.9928117, 69.6347325 ], [ 18.9928457, 69.6347477 ], [ 18.9928839, 69.6347651 ], [ 18.9929268, 69.6347845 ], [ 18.9929705, 69.634798 ], [ 18.9930173, 69.6348179 ], [ 18.9930659, 69.6348294 ], [ 18.9931195, 69.6348448 ], [ 18.9931609, 69.6348581 ], [ 18.9932038, 69.6348703 ], [ 18.9932489, 69.6348823 ], [ 18.9933035, 69.6348956 ], [ 18.9933552, 69.6349059 ], [ 18.9934031, 69.6349163 ], [ 18.9934597, 69.6349292 ], [ 18.9935264, 69.6349325 ] ] } },
{ "type": "Feature", "properties": { "id": 32, "group_name": "Group 1", "observation_type": "Track faint trails", "measurement": "", "note": "", "wet_trail_condition": "", "erosion_feature": "", "gps_accuracy": 3.0, "created_at": "2026-09-12T11:50:48.931522+00:00", "photo_url": null }, "geometry": { "type": "LineString", "coordinates": [ [ 18.9922971, 69.6330166 ], [ 18.9923477, 69.6330058 ], [ 18.9924095, 69.6329977 ], [ 18.9924727, 69.6329839 ], [ 18.9925178, 69.6329714 ], [ 18.9925497, 69.6329564 ], [ 18.9925904, 69.6329402 ], [ 18.9926346, 69.6329237 ], [ 18.992679, 69.6329036 ], [ 18.9927469, 69.6328956 ], [ 18.9927948, 69.632888 ], [ 18.9928478, 69.6328771 ], [ 18.9928946, 69.6328673 ], [ 18.9929467, 69.6328539 ], [ 18.9929983, 69.6328427 ], [ 18.9930405, 69.632832 ], [ 18.9930898, 69.6328234 ], [ 18.9931157, 69.6327994 ] ] } },
{ "type": "Feature", "properties": { "id": 31, "group_name": "Group 1", "observation_type": "Track >1 m wide sections", "measurement": "", "note": "", "wet_trail_condition": "", "erosion_feature": "", "gps_accuracy": 3.0, "created_at": "2026-09-12T11:50:48.159072+00:00", "photo_url": null }, "geometry": { "type": "LineString", "coordinates": [ [ 18.9927923, 69.6332668 ], [ 18.9928374, 69.6332544 ], [ 18.9928833, 69.6332391 ], [ 18.9929158, 69.6332246 ], [ 18.9929504, 69.6332029 ], [ 18.9929981, 69.6331843 ], [ 18.9930326, 69.6331707 ], [ 18.9930714, 69.6331545 ], [ 18.9931246, 69.6331353 ], [ 18.9931535, 69.6331156 ], [ 18.9931834, 69.6330955 ], [ 18.9932057, 69.633073 ], [ 18.9932054, 69.6330523 ], [ 18.9932359, 69.6330358 ], [ 18.9932786, 69.6330198 ], [ 18.9933199, 69.6330035 ], [ 18.9933334, 69.6329859 ], [ 18.9933643, 69.6329701 ], [ 18.9934183, 69.6329679 ], [ 18.9934684, 69.6329538 ], [ 18.9935098, 69.6329325 ], [ 18.9935474, 69.6329135 ], [ 18.9935768, 69.6328987 ], [ 18.9936057, 69.6328822 ], [ 18.9936421, 69.6328647 ], [ 18.993675, 69.632846 ], [ 18.9936961, 69.6328276 ], [ 18.9937303, 69.6328111 ], [ 18.9937446, 69.6327911 ], [ 18.9937103, 69.6327764 ], [ 18.993762, 69.6327611 ], [ 18.9937811, 69.6327382 ], [ 18.9937897, 69.6327169 ], [ 18.9937977, 69.6326955 ], [ 18.9938158, 69.6326749 ], [ 18.9938397, 69.6326537 ], [ 18.9938619, 69.6326355 ], [ 18.993904, 69.6326159 ], [ 18.9939293, 69.6325989 ], [ 18.9939625, 69.63258 ], [ 18.9939773, 69.6325586 ], [ 18.9940082, 69.632536 ], [ 18.9940424, 69.6325192 ], [ 18.9940821, 69.6325032 ], [ 18.9941102, 69.6324871 ], [ 18.9941049, 69.6324678 ], [ 18.9941085, 69.6324456 ], [ 18.9940859, 69.6324206 ] ] } },
{ "type": "Feature", "properties": { "id": 30, "group_name": "Group 1", "observation_type": "Track faint trails", "measurement": "", "note": "", "wet_trail_condition": "", "erosion_feature": "", "gps_accuracy": 2.0261042313998798, "created_at": "2026-09-12T11:50:24.013101+00:00", "photo_url": null }, "geometry": { "type": "LineString", "coordinates": [ [ 18.992530835781558, 69.63322891157523 ], [ 18.992529815893949, 69.633256277515201 ], [ 18.992538193658852, 69.633276295288624 ], [ 18.992560268048926, 69.633305301861157 ], [ 18.992582136797733, 69.633332682954844 ], [ 18.992592633982234, 69.633356929889658 ] ] } },
{ "type": "Feature", "properties": { "id": 29, "group_name": "Group 1", "observation_type": "Track faint trails", "measurement": "", "note": "", "wet_trail_condition": "", "erosion_feature": "", "gps_accuracy": 3.0, "created_at": "2026-09-12T11:50:01.462728+00:00", "photo_url": "https://oehndpyzeoywfypqtsjs.supabase.co/storage/v1/object/public/observation-photos/29/1789213802007.jpg" }, "geometry": { "type": "LineString", "coordinates": [ [ 18.9939869, 69.6332605 ], [ 18.9939325, 69.6332604 ], [ 18.9938804, 69.633253 ], [ 18.9938305, 69.6332459 ] ] } },
{ "type": "Feature", "properties": { "id": 28, "group_name": "Group 1", "observation_type": "Track >1 m wide sections", "measurement": "", "note": "", "wet_trail_condition": "", "erosion_feature": "", "gps_accuracy": 3.53553390593274, "created_at": "2026-09-12T11:49:34.325065+00:00", "photo_url": null }, "geometry": { "type": "LineString", "coordinates": [ [ 18.993884939718058, 69.634664584947586 ], [ 18.994880352434734, 69.63521559863419 ], [ 18.993951699353808, 69.634743189803629 ], [ 18.993871578100691, 69.634690440712987 ], [ 18.993895493212399, 69.634707957190273 ], [ 18.994523221644567, 69.634790020128364 ] ] } },
{ "type": "Feature", "properties": { "id": 27, "group_name": "Group 1", "observation_type": "Track >1 m wide sections", "measurement": "", "note": "", "wet_trail_condition": "", "erosion_feature": "", "gps_accuracy": 3.0, "created_at": "2026-09-12T11:48:06.908746+00:00", "photo_url": null }, "geometry": { "type": "LineString", "coordinates": [ [ 18.9917054, 69.633476 ], [ 18.991769, 69.6334772 ], [ 18.991813, 69.633488 ], [ 18.9918513, 69.6335006 ], [ 18.9919007, 69.6335091 ], [ 18.9919609, 69.6335108 ], [ 18.9920149, 69.6335109 ], [ 18.9920787, 69.6335125 ], [ 18.9921421, 69.6335186 ], [ 18.9921982, 69.6335246 ], [ 18.9922741, 69.6335266 ], [ 18.9923399, 69.6335238 ], [ 18.9923923, 69.6335201 ], [ 18.992457, 69.6335094 ], [ 18.9925018, 69.6334928 ], [ 18.9925372, 69.6334773 ], [ 18.9925512, 69.6334583 ], [ 18.9925341, 69.6334385 ], [ 18.9925566, 69.6334182 ], [ 18.9925914, 69.6333872 ], [ 18.992615, 69.6333682 ], [ 18.9926483, 69.6333501 ], [ 18.9926868, 69.6333307 ], [ 18.9927279, 69.6333112 ], [ 18.9927592, 69.6332939 ] ] } },
{ "type": "Feature", "properties": { "id": 26, "group_name": "Group 1", "observation_type": "Track faint trails", "measurement": "", "note": "Again blueberries trail", "wet_trail_condition": "", "erosion_feature": "", "gps_accuracy": 3.0, "created_at": "2026-09-12T11:47:15.536516+00:00", "photo_url": "https://oehndpyzeoywfypqtsjs.supabase.co/storage/v1/object/public/observation-photos/26/1789213636052.jpg" }, "geometry": { "type": "LineString", "coordinates": [ [ 18.9937237, 69.6335097 ], [ 18.9937164, 69.6335286 ], [ 18.9937098, 69.633548 ], [ 18.9937629, 69.6335494 ] ] } },
{ "type": "Feature", "properties": { "id": 25, "group_name": "Group 1", "observation_type": "Track faint trails", "measurement": "", "note": "", "wet_trail_condition": "", "erosion_feature": "", "gps_accuracy": 3.0, "created_at": "2026-09-12T11:46:56.504067+00:00", "photo_url": null }, "geometry": { "type": "LineString", "coordinates": [ [ 18.9903064, 69.6327848 ], [ 18.9903288, 69.6327614 ], [ 18.990321, 69.6327398 ], [ 18.9902999, 69.6327227 ], [ 18.990272, 69.6327007 ], [ 18.9902538, 69.6326807 ], [ 18.9902611, 69.632661 ], [ 18.9902982, 69.6326412 ] ] } },
{ "type": "Feature", "properties": { "id": 24, "group_name": "Group 1", "observation_type": "Track >1 m wide sections", "measurement": "", "note": "", "wet_trail_condition": "", "erosion_feature": "", "gps_accuracy": 4.7486515301917596, "created_at": "2026-09-12T11:46:25.963897+00:00", "photo_url": null }, "geometry": { "type": "LineString", "coordinates": [ [ 18.990939706581635, 69.634238742356771 ], [ 18.990999763131931, 69.634239568219357 ], [ 18.991058481282714, 69.634252064893474 ], [ 18.991110957799521, 69.634264459179875 ], [ 18.991172846164101, 69.634278472683008 ], [ 18.991224041853467, 69.634287253523084 ], [ 18.991288162175145, 69.63429782548647 ], [ 18.991362387989223, 69.634315460545366 ], [ 18.99142087918564, 69.634326634337953 ], [ 18.991513633043947, 69.634339969643932 ], [ 18.991568250849689, 69.634354057074759 ], [ 18.991625673844638, 69.634362522504205 ], [ 18.99169428442417, 69.634380846657734 ], [ 18.991803461703462, 69.634397453693325 ], [ 18.99185073563735, 69.634408392076963 ], [ 18.991915192472739, 69.63442876010167 ], [ 18.991971267404956, 69.63444535626995 ], [ 18.992023821937842, 69.634460778971786 ], [ 18.992088781687421, 69.634477207502002 ], [ 18.992146700638337, 69.634492839751417 ], [ 18.992201211755528, 69.634505899754174 ], [ 18.992256899934578, 69.634521185169319 ], [ 18.992307150737034, 69.634530833466769 ], [ 18.992372250393338, 69.634548367361148 ], [ 18.992424954593396, 69.634566845590726 ], [ 18.992478418685756, 69.63458540044148 ], [ 18.992540398630307, 69.634608510015184 ], [ 18.992589265125797, 69.634628961858922 ], [ 18.992632851022289, 69.634646773403162 ], [ 18.992680963146494, 69.634666051780457 ], [ 18.992736116069363, 69.634687383724028 ], [ 18.992774756642984, 69.634700878588134 ], [ 18.992838331294369, 69.634697897928504 ], [ 18.992906534057465, 69.634691705830505 ], [ 18.992971182677216, 69.63468508947426 ], [ 18.993029756482326, 69.634680300673722 ], [ 18.993080401697608, 69.634672732504683 ], [ 18.993153582177275, 69.634666224985978 ], [ 18.993219811847975, 69.634649940143575 ], [ 18.993291965135469, 69.634645478306055 ], [ 18.993354473521791, 69.634635519046583 ], [ 18.993430550263351, 69.634640987698575 ], [ 18.993508658955886, 69.634638304104328 ], [ 18.993849735724734, 69.634679965739721 ], [ 18.993845209497021, 69.634661064548069 ] ] } },
{ "type": "Feature", "properties": { "id": 23, "group_name": "Group 1", "observation_type": "Track faint trails", "measurement": "", "note": "", "wet_trail_condition": "", "erosion_feature": "", "gps_accuracy": 3.0761193277987702, "created_at": "2026-09-12T11:46:22.524748+00:00", "photo_url": null }, "geometry": { "type": "LineString", "coordinates": [ [ 18.990258533319992, 69.632803657029299 ], [ 18.990281865697106, 69.632782673531636 ], [ 18.990270603594603, 69.632757353640784 ], [ 18.990270463782227, 69.632734906277818 ], [ 18.990242606647211, 69.632713856112488 ], [ 18.990215019663346, 69.632697778067708 ], [ 18.990210968707586, 69.632678372842491 ], [ 18.990203940074885, 69.632654719503947 ], [ 18.990253428090931, 69.632648662728982 ], [ 18.990312335353117, 69.632647487753502 ], [ 18.990372809196643, 69.632646391557529 ], [ 18.99043669757112, 69.632641441161255 ], [ 18.990480383624217, 69.632631463358081 ], [ 18.99053753139308, 69.63262726333285 ] ] } },
{ "type": "Feature", "properties": { "id": 22, "group_name": "Group 1", "observation_type": "Track >1 m wide sections", "measurement": "", "note": "", "wet_trail_condition": "", "erosion_feature": "", "gps_accuracy": 3.0009999275207502, "created_at": "2026-09-12T11:46:18.393314+00:00", "photo_url": null }, "geometry": { "type": "LineString", "coordinates": [ [ 18.9909774, 69.6342129 ], [ 18.9910081, 69.6341959 ], [ 18.9910385, 69.634179 ], [ 18.9910598, 69.6341504 ], [ 18.991084, 69.6341332 ], [ 18.991109, 69.6341147 ], [ 18.9911106, 69.6340932 ], [ 18.9911218, 69.6340737 ], [ 18.9911537, 69.634058 ], [ 18.991185, 69.6340425 ], [ 18.9912009, 69.6340237 ], [ 18.9912374, 69.6340027 ], [ 18.9912688, 69.633986 ], [ 18.9912993, 69.6339666 ], [ 18.9913301, 69.633948 ], [ 18.9913554, 69.633925 ], [ 18.9913862, 69.6339083 ], [ 18.9914342, 69.6338914 ], [ 18.9914636, 69.6338759 ], [ 18.9914897, 69.6338596 ], [ 18.9915213, 69.6338436 ], [ 18.9915678, 69.6338267 ], [ 18.9916061, 69.6338101 ], [ 18.9916554, 69.6337984 ], [ 18.9916945, 69.6337749 ], [ 18.9917259, 69.6337558 ], [ 18.9917273, 69.6337378 ], [ 18.991767, 69.6337244 ], [ 18.9917947, 69.633693 ], [ 18.9918166, 69.6336742 ], [ 18.9919158, 69.6336258 ], [ 18.9919596, 69.6336086 ], [ 18.9919967, 69.6335952 ], [ 18.9920526, 69.6335829 ], [ 18.9921119, 69.6335717 ] ] } },
{ "type": "Feature", "properties": { "id": 21, "group_name": "Group 1", "observation_type": "Track >1 m wide sections", "measurement": "", "note": "", "wet_trail_condition": "", "erosion_feature": "", "gps_accuracy": 3.0, "created_at": "2026-09-12T11:45:50.033507+00:00", "photo_url": null }, "geometry": { "type": "LineString", "coordinates": [ [ 18.9904435, 69.6336612 ], [ 18.9904482, 69.6336397 ], [ 18.99044, 69.6336208 ], [ 18.9904589, 69.633599 ], [ 18.9904729, 69.6335807 ], [ 18.9904882, 69.6335581 ], [ 18.9905008, 69.6335365 ], [ 18.9904753, 69.633514 ], [ 18.9904419, 69.6334969 ], [ 18.9904124, 69.6334799 ], [ 18.9903771, 69.6334566 ], [ 18.9903544, 69.6334361 ], [ 18.9903266, 69.6334187 ], [ 18.9902937, 69.6333987 ], [ 18.9902837, 69.6333756 ], [ 18.9902686, 69.6333568 ], [ 18.9902564, 69.6333371 ], [ 18.9902457, 69.6333078 ], [ 18.990331, 69.6332989 ], [ 18.9903416, 69.6332807 ], [ 18.990337, 69.6332613 ], [ 18.9903127, 69.6332451 ], [ 18.9902719, 69.6332281 ], [ 18.9902731, 69.6332049 ], [ 18.990272, 69.6331798 ], [ 18.9902718, 69.6331609 ], [ 18.9902637, 69.6331343 ], [ 18.9902474, 69.6331123 ], [ 18.9902297, 69.6330892 ], [ 18.9901962, 69.6330651 ], [ 18.9901962, 69.6330448 ], [ 18.9902003, 69.6330253 ], [ 18.9901925, 69.6330072 ], [ 18.9901673, 69.6329846 ], [ 18.9901567, 69.6329651 ], [ 18.9901472, 69.632943 ], [ 18.9901387, 69.6329217 ], [ 18.9901323, 69.6329001 ], [ 18.990125, 69.6328801 ], [ 18.9901111, 69.6328595 ], [ 18.9900936, 69.6328393 ], [ 18.9900544, 69.6328221 ], [ 18.9900022, 69.6328063 ], [ 18.9899781, 69.6327843 ], [ 18.9899775, 69.6327561 ], [ 18.9899694, 69.6327345 ], [ 18.9899477, 69.6327138 ], [ 18.9899173, 69.6326913 ], [ 18.9898974, 69.6326731 ], [ 18.9898753, 69.6326528 ], [ 18.9898571, 69.6326343 ], [ 18.9898274, 69.6326185 ], [ 18.9897728, 69.6325914 ], [ 18.9897555, 69.6325719 ], [ 18.9897563, 69.6325512 ], [ 18.9897541, 69.6325295 ], [ 18.9897496, 69.632511 ], [ 18.9897495, 69.6324886 ], [ 18.9897209, 69.6324707 ], [ 18.9896774, 69.6324576 ], [ 18.9896427, 69.6324379 ] ] } },
{ "type": "Feature", "properties": { "id": 19, "group_name": "Group 1", "observation_type": "Track faint trails", "measurement": "", "note": "", "wet_trail_condition": "", "erosion_feature": "", "gps_accuracy": 3.0, "created_at": "2026-09-12T11:45:23.762549+00:00", "photo_url": null }, "geometry": { "type": "LineString", "coordinates": [ [ 18.9907545, 69.6326636 ], [ 18.990796, 69.6326788 ], [ 18.990797, 69.6326977 ], [ 18.9908005, 69.6327182 ], [ 18.9908018, 69.6327364 ], [ 18.990806, 69.6327625 ], [ 18.9908126, 69.6327831 ], [ 18.9908218, 69.6328029 ], [ 18.9908099, 69.6328238 ], [ 18.9907935, 69.6328463 ], [ 18.9907782, 69.6328683 ], [ 18.9907561, 69.6328896 ], [ 18.9907389, 69.6329073 ], [ 18.9907152, 69.6329271 ], [ 18.9906901, 69.6329462 ], [ 18.9906684, 69.6329638 ], [ 18.9906539, 69.6329867 ], [ 18.9906415, 69.633006 ], [ 18.9906154, 69.6330259 ], [ 18.9905936, 69.6330449 ], [ 18.9905719, 69.6330619 ] ] } },
{ "type": "Feature", "properties": { "id": 18, "group_name": "Group 1", "observation_type": "Track faint trails", "measurement": "", "note": "", "wet_trail_condition": "", "erosion_feature": "", "gps_accuracy": 3.2869019071917398, "created_at": "2026-09-12T11:45:09.666374+00:00", "photo_url": null }, "geometry": { "type": "LineString", "coordinates": [ [ 18.990673148448248, 69.632618220203824 ], [ 18.990608926954241, 69.632620930904665 ], [ 18.990533951713246, 69.632613323768652 ], [ 18.990477635094674, 69.632618115662183 ], [ 18.990479009592587, 69.632643217471411 ], [ 18.990474706892808, 69.632664323620091 ], [ 18.990453033880655, 69.632682503027326 ], [ 18.990435084669894, 69.632703751696639 ], [ 18.990425116459885, 69.632723504771704 ], [ 18.990399320534525, 69.632746185713074 ], [ 18.990350227944035, 69.632763567723941 ], [ 18.99029243671961, 69.632780814647774 ], [ 18.99027035754678, 69.632799205028988 ] ] } },
{ "type": "Feature", "properties": { "id": 17, "group_name": "Group 1", "observation_type": "Track faint trails", "measurement": "", "note": "", "wet_trail_condition": "", "erosion_feature": "", "gps_accuracy": 3.0, "created_at": "2026-09-12T11:43:57.153796+00:00", "photo_url": null }, "geometry": { "type": "LineString", "coordinates": [ [ 18.9908956, 69.6333534 ], [ 18.9908927, 69.6333327 ], [ 18.9909094, 69.6333094 ], [ 18.9909289, 69.6332874 ], [ 18.9909358, 69.6332688 ], [ 18.990942, 69.6332469 ], [ 18.9909497, 69.6332252 ], [ 18.9909669, 69.6331989 ], [ 18.9909648, 69.6331799 ], [ 18.9909642, 69.6331617 ], [ 18.9909695, 69.6331372 ], [ 18.9909737, 69.6331186 ], [ 18.9909817, 69.6330948 ], [ 18.9909886, 69.633075 ], [ 18.9909895, 69.6330562 ], [ 18.9909902, 69.6330362 ], [ 18.9909892, 69.6330148 ], [ 18.9909917, 69.6329907 ], [ 18.9909979, 69.6329717 ], [ 18.9910112, 69.6329455 ], [ 18.9910171, 69.6329223 ], [ 18.9910187, 69.6329023 ], [ 18.9910162, 69.6328819 ], [ 18.9910099, 69.632857 ], [ 18.9910038, 69.6328372 ], [ 18.9910018, 69.632817 ], [ 18.9910041, 69.6327979 ], [ 18.9910271, 69.6327783 ], [ 18.9910395, 69.6327573 ], [ 18.9910472, 69.6327383 ], [ 18.9910476, 69.6327126 ], [ 18.9910479, 69.6326921 ], [ 18.9910545, 69.6326732 ], [ 18.9910778, 69.6326515 ], [ 18.9911323, 69.6326419 ] ] } },
{ "type": "Feature", "properties": { "id": 16, "group_name": "Group 1", "observation_type": "Track >1 m wide sections", "measurement": "", "note": "", "wet_trail_condition": "", "erosion_feature": "", "gps_accuracy": 3.3162310231708698, "created_at": "2026-09-12T11:42:54.696973+00:00", "photo_url": null }, "geometry": { "type": "LineString", "coordinates": [ [ 18.99031793700437, 69.633726691892193 ], [ 18.990303676068827, 69.633749197640981 ], [ 18.990313671178903, 69.633773551124079 ], [ 18.990323868724548, 69.633791364345726 ], [ 18.99032446495233, 69.633816014182813 ], [ 18.990341050662362, 69.633838028743341 ], [ 18.990366246081528, 69.633854001100687 ], [ 18.990385106521721, 69.633872608381211 ], [ 18.990393479666373, 69.633897284337266 ], [ 18.990398874057075, 69.633920783156086 ], [ 18.990386476719003, 69.633941509568814 ], [ 18.990365874231632, 69.633968149385552 ], [ 18.990370756182255, 69.633993239153455 ], [ 18.990343708014514, 69.634011097336725 ], [ 18.990330747290372, 69.634066466652257 ], [ 18.990375436860127, 69.634090047394508 ], [ 18.990354482102198, 69.634111337428564 ], [ 18.990335958096189, 69.63413727941888 ], [ 18.990338307357085, 69.634156757342794 ], [ 18.990352425009984, 69.634176085669992 ], [ 18.99036273976656, 69.634201488340338 ], [ 18.990369209805127, 69.634225756861355 ], [ 18.990367044961403, 69.63424554315587 ], [ 18.990355384573313, 69.634275774352673 ], [ 18.990346602341962, 69.634296230440384 ], [ 18.990347028692209, 69.634319868172241 ], [ 18.990372483936213, 69.634344739435306 ], [ 18.990369832359338, 69.634366254331937 ], [ 18.990362837511235, 69.634396429813108 ], [ 18.990343287496248, 69.634415468638352 ], [ 18.990377588827609, 69.634444801848886 ], [ 18.990409378878628, 69.634464881521055 ], [ 18.990444517431982, 69.634478187963495 ], [ 18.990473506189467, 69.634494489437444 ], [ 18.990487375835251, 69.634519614486734 ], [ 18.990455245723716, 69.634499928244324 ] ] } },
{ "type": "Feature", "properties": { "id": 15, "group_name": "Group 1", "observation_type": "Track faint trails", "measurement": "", "note": "", "wet_trail_condition": "", "erosion_feature": "", "gps_accuracy": 3.3399999141693102, "created_at": "2026-09-12T11:42:49.843258+00:00", "photo_url": "https://oehndpyzeoywfypqtsjs.supabase.co/storage/v1/object/public/observation-photos/15/1789213370367.jpg" }, "geometry": { "type": "LineString", "coordinates": [ [ 18.9945209, 69.633742 ], [ 18.9944679, 69.6337572 ], [ 18.9944106, 69.6337597 ], [ 18.9943417, 69.6337627 ], [ 18.9942378, 69.6337618 ] ] } },
{ "type": "Feature", "properties": { "id": 14, "group_name": "Group 1", "observation_type": "Track faint trails", "measurement": "", "note": "Probably due to bluberries picking", "wet_trail_condition": "", "erosion_feature": "", "gps_accuracy": 3.0, "created_at": "2026-09-12T11:41:33.838951+00:00", "photo_url": "https://oehndpyzeoywfypqtsjs.supabase.co/storage/v1/object/public/observation-photos/14/1789213294356.jpg" }, "geometry": { "type": "LineString", "coordinates": [ [ 18.9942334, 69.6338142 ], [ 18.9942902, 69.6338029 ], [ 18.9943428, 69.6337951 ], [ 18.9943947, 69.6337921 ], [ 18.9944535, 69.6337899 ], [ 18.9944848, 69.63381 ], [ 18.9944766, 69.633829 ], [ 18.9945544, 69.6337865 ] ] } },
{ "type": "Feature", "properties": { "id": 13, "group_name": "Group 1", "observation_type": "Track faint trails", "measurement": "", "note": "", "wet_trail_condition": "", "erosion_feature": "", "gps_accuracy": 3.0, "created_at": "2026-09-12T11:40:22.763183+00:00", "photo_url": null }, "geometry": { "type": "LineString", "coordinates": [ [ 18.990733, 69.6336625 ], [ 18.9908031, 69.6336633 ], [ 18.990849, 69.6336747 ], [ 18.9908906, 69.6336864 ], [ 18.990933, 69.6336976 ] ] } },
{ "type": "Feature", "properties": { "id": 12, "group_name": "Group 1", "observation_type": "Track >1 m wide sections", "measurement": "", "note": "", "wet_trail_condition": "", "erosion_feature": "", "gps_accuracy": 3.06200003623962, "created_at": "2026-09-12T11:39:15.500152+00:00", "photo_url": null }, "geometry": { "type": "LineString", "coordinates": [ [ 18.990928, 69.6336901 ], [ 18.9908674, 69.6336779 ], [ 18.9908186, 69.6336703 ], [ 18.9907607, 69.6336639 ], [ 18.9906911, 69.6336612 ] ] } },
{ "type": "Feature", "properties": { "id": 11, "group_name": "Group 1", "observation_type": "Track faint trails", "measurement": "", "note": "Not sure if faint path or not but vegetation is being compressed", "wet_trail_condition": "", "erosion_feature": "", "gps_accuracy": 3.0, "created_at": "2026-09-12T11:38:55.794876+00:00", "photo_url": "https://oehndpyzeoywfypqtsjs.supabase.co/storage/v1/object/public/observation-photos/11/1789213136302.jpg" }, "geometry": { "type": "LineString", "coordinates": [ [ 18.994262, 69.6340132 ], [ 18.9942096, 69.6340156 ] ] } },
{ "type": "Feature", "properties": { "id": 10, "group_name": "Group 1", "observation_type": "Track faint trails", "measurement": "", "note": "", "wet_trail_condition": "", "erosion_feature": "", "gps_accuracy": 3.0, "created_at": "2026-09-12T11:37:56.209986+00:00", "photo_url": null }, "geometry": { "type": "LineString", "coordinates": [ [ 18.9947983, 69.6346011 ], [ 18.9947679, 69.6346174 ], [ 18.9947374, 69.6346338 ], [ 18.9946958, 69.6346529 ], [ 18.9946637, 69.6346704 ], [ 18.9946222, 69.6346954 ], [ 18.9946074, 69.6347142 ], [ 18.994589, 69.6347331 ], [ 18.9945558, 69.634747 ] ] } },
{ "type": "Feature", "properties": { "id": 9, "group_name": "Group 1", "observation_type": "Track >1 m wide sections", "measurement": "", "note": "", "wet_trail_condition": "", "erosion_feature": "", "gps_accuracy": 2.9212444192245002, "created_at": "2026-09-12T11:37:44.904234+00:00", "photo_url": null }, "geometry": { "type": "LineString", "coordinates": [ [ 18.990831976040546, 69.634756546526191 ], [ 18.990804948561117, 69.634740284415486 ], [ 18.990766484736184, 69.63472469511575 ], [ 18.990725985063392, 69.634712341177917 ], [ 18.990679565629186, 69.634701738760427 ], [ 18.99062917070426, 69.634681789504484 ], [ 18.99057974955474, 69.634666770713565 ], [ 18.990534407785312, 69.63464534705713 ], [ 18.990474049192922, 69.634627764224021 ], [ 18.990437849500573, 69.634614608219579 ], [ 18.990395589352097, 69.634602812893647 ], [ 18.990347696358455, 69.634592321435363 ], [ 18.990324250080949, 69.634575040525945 ], [ 18.990291131626464, 69.634559216854527 ], [ 18.990241863287569, 69.634546147755458 ], [ 18.990206098034729, 69.634526764876441 ], [ 18.990172056714659, 69.634512014899528 ], [ 18.990111356515929, 69.634493011063554 ], [ 18.990064438371778, 69.634473806629202 ], [ 18.990034925155079, 69.634454968934989 ], [ 18.989999252756672, 69.634436404278418 ], [ 18.989980511458587, 69.634419503487749 ], [ 18.989954176485455, 69.634396289095875 ], [ 18.989923248304784, 69.634375145930775 ], [ 18.989885949874594, 69.634360743631163 ], [ 18.989860864960239, 69.634342913466341 ], [ 18.989829467931546, 69.63432548622724 ], [ 18.989794112664825, 69.634308751182061 ], [ 18.989770996444829, 69.634288179487044 ], [ 18.989752839050322, 69.634266656680239 ], [ 18.989721016080168, 69.634250355337272 ], [ 18.989655012282533, 69.634176045721048 ], [ 18.989621317031784, 69.634145787050599 ], [ 18.989589717256827, 69.634122066264624 ], [ 18.989537162723941, 69.634116827575141 ], [ 18.989539509656829, 69.63413627359067 ], [ 18.989492048821834, 69.634114969067284 ], [ 18.989476650117709, 69.634097051430999 ], [ 18.98946735224726, 69.634077261160172 ], [ 18.989438363599973, 69.634056079495679 ], [ 18.989400651603244, 69.634033469528475 ], [ 18.989371882257554, 69.634015336473908 ], [ 18.989316478771503, 69.63399781676533 ], [ 18.989286466471579, 69.633981480148563 ], [ 18.98925778250506, 69.633961448715738 ], [ 18.989225717973266, 69.633938747927019 ], [ 18.989195004259781, 69.633917698969398 ], [ 18.989178547439789, 69.63389949774708 ], [ 18.989171054868542, 69.633879714347941 ] ] } },
{ "type": "Feature", "properties": { "id": 8, "group_name": "Group 1", "observation_type": "Track >1 m wide sections", "measurement": "", "note": "", "wet_trail_condition": "", "erosion_feature": "", "gps_accuracy": 3.3040806610476299, "created_at": "2026-09-12T11:35:45.251338+00:00", "photo_url": null }, "geometry": { "type": "LineString", "coordinates": [ [ 18.992604351279347, 69.634653298546311 ], [ 18.992570958757661, 69.634635837975893 ], [ 18.992592659642881, 69.634653500902303 ], [ 18.99257576270961, 69.634635265436316 ], [ 18.992599298400052, 69.634654842630198 ], [ 18.992528271367863, 69.634663925079323 ], [ 18.992483918513045, 69.634682232661305 ], [ 18.992412420252673, 69.634682242051753 ], [ 18.992366199833846, 69.634668571139571 ], [ 18.992314156400866, 69.634658181141788 ], [ 18.992251571234934, 69.634659319561749 ], [ 18.992189060064497, 69.634662842332204 ], [ 18.992127771749775, 69.634656479254346 ], [ 18.992054274820838, 69.634659091762998 ], [ 18.992003399851363, 69.634655497880331 ], [ 18.991918122444478, 69.634656367437017 ], [ 18.99186338892893, 69.634651763940184 ], [ 18.991788195609558, 69.634650670311444 ], [ 18.991723744610191, 69.634648490436135 ], [ 18.991646675469681, 69.634646532124222 ], [ 18.991578328379148, 69.634642378247904 ], [ 18.991516535467536, 69.634643841252725 ], [ 18.991463968152733, 69.634643350007281 ], [ 18.991393166200037, 69.634639516066684 ], [ 18.991336236220398, 69.634633651086119 ] ] } },
{ "type": "Feature", "properties": { "id": 6, "group_name": "Group 1", "observation_type": "Track >1 m wide sections", "measurement": "", "note": "", "wet_trail_condition": "", "erosion_feature": "", "gps_accuracy": 2.4152555910530098, "created_at": "2026-09-12T11:34:25.441568+00:00", "photo_url": null }, "geometry": { "type": "LineString", "coordinates": [ [ 18.992605777475049, 69.634666680423379 ], [ 18.992615887283065, 69.634696316965403 ], [ 18.992601881066047, 69.634677448923171 ], [ 18.992574593010122, 69.634694372851399 ], [ 18.992520428078006, 69.634698472211198 ], [ 18.992469784962012, 69.634708975362713 ], [ 18.992411674608061, 69.634725280892837 ], [ 18.992362822390323, 69.634750339628326 ], [ 18.992289606766882, 69.634751026889532 ], [ 18.99218231146153, 69.634763317091426 ], [ 18.992127240627696, 69.634782425519845 ], [ 18.992094605873866, 69.634804061973924 ], [ 18.992012563013962, 69.634805442521838 ], [ 18.991958433588604, 69.634825003141543 ], [ 18.991884865998109, 69.634839785030636 ], [ 18.991843474571667, 69.634862075396981 ], [ 18.991785485416845, 69.634867247259152 ], [ 18.991725578415913, 69.634879039822351 ], [ 18.991711365601923, 69.63490099028806 ], [ 18.991656486585544, 69.6349064979172 ], [ 18.991602250258946, 69.634913881731265 ], [ 18.991554376439328, 69.634920874364795 ], [ 18.991502974078749, 69.634930995657271 ], [ 18.991431494698546, 69.634939696095131 ], [ 18.991365158931121, 69.634941004724013 ], [ 18.991294346458659, 69.634933767151011 ], [ 18.991247948640687, 69.634924383817562 ], [ 18.991205874426722, 69.634913781324698 ], [ 18.991152970993276, 69.634902373521982 ], [ 18.991110528133028, 69.634879143147529 ], [ 18.9910854772567, 69.634862450647717 ], [ 18.991052046120469, 69.634838727986661 ], [ 18.991002321817174, 69.634827467196999 ], [ 18.9909513888486, 69.634820222008315 ] ] } },
{ "type": "Feature", "properties": { "id": 5, "group_name": "Group 1", "observation_type": "Track faint trails", "measurement": "", "note": "", "wet_trail_condition": "", "erosion_feature": "", "gps_accuracy": 3.00399994850159, "created_at": "2026-09-12T11:34:15.809381+00:00", "photo_url": null }, "geometry": { "type": "LineString", "coordinates": [ [ 18.9910602, 69.6342662 ], [ 18.9910722, 69.6342885 ], [ 18.991088, 69.6343121 ], [ 18.9911034, 69.6343317 ], [ 18.9911216, 69.6343527 ], [ 18.991134, 69.6343704 ], [ 18.9911499, 69.6343877 ], [ 18.9911749, 69.6344035 ], [ 18.9911992, 69.6344201 ], [ 18.9912277, 69.6344391 ], [ 18.9912639, 69.6344544 ] ] } },
{ "type": "Feature", "properties": { "id": 4, "group_name": "Group 1", "observation_type": "Track faint trails", "measurement": "", "note": "", "wet_trail_condition": "", "erosion_feature": "", "gps_accuracy": 3.3740000724792498, "created_at": "2026-09-12T11:33:39.944075+00:00", "photo_url": "https://oehndpyzeoywfypqtsjs.supabase.co/storage/v1/object/public/observation-photos/4/1789212820446.jpg" }, "geometry": { "type": "LineString", "coordinates": [ [ 18.9938488, 69.6345987 ], [ 18.9938403, 69.6345774 ], [ 18.9937913, 69.6345649 ], [ 18.9942353, 69.6345997 ], [ 18.9943167, 69.6346009 ], [ 18.9943782, 69.6345934 ], [ 18.9944335, 69.6345902 ], [ 18.9944877, 69.6345956 ], [ 18.9945465, 69.6346019 ], [ 18.9946088, 69.6346077 ], [ 18.9946661, 69.6346103 ], [ 18.9947317, 69.6346128 ], [ 18.9947925, 69.6346135 ] ] } },
{ "type": "Feature", "properties": { "id": 3, "group_name": "Group 1", "observation_type": "Track faint trails", "measurement": "", "note": "", "wet_trail_condition": "", "erosion_feature": "", "gps_accuracy": 3.0, "created_at": "2026-09-12T11:33:07.328359+00:00", "photo_url": null }, "geometry": { "type": "LineString", "coordinates": [ [ 18.991801, 69.634538 ], [ 18.9917445, 69.6345265 ], [ 18.9916973, 69.6345122 ], [ 18.9916515, 69.6344981 ], [ 18.9915899, 69.6344877 ], [ 18.9915393, 69.6344827 ], [ 18.9914772, 69.6344802 ], [ 18.9914024, 69.6344756 ], [ 18.9913501, 69.6344681 ], [ 18.9913017, 69.63446 ], [ 18.991244, 69.6344519 ], [ 18.9911856, 69.6344473 ], [ 18.9911353, 69.6344397 ], [ 18.9910836, 69.6344316 ], [ 18.9910376, 69.6344233 ], [ 18.9909985, 69.6344066 ], [ 18.9909636, 69.6343912 ], [ 18.9909318, 69.6343711 ], [ 18.990904, 69.6343537 ], [ 18.9908854, 69.6343316 ], [ 18.9908936, 69.6343101 ] ] } },
{ "type": "Feature", "properties": { "id": 2, "group_name": "Group 1", "observation_type": "Track >1 m wide sections", "measurement": "", "note": "Test", "wet_trail_condition": "", "erosion_feature": "", "gps_accuracy": 4.1750001907348597, "created_at": "2026-09-12T10:38:46.489856+00:00", "photo_url": null }, "geometry": { "type": "LineString", "coordinates": [ [ 18.9219008, 69.6619942 ], [ 18.9218312, 69.6619877 ], [ 18.9217827, 69.6619735 ] ] } }
]
}
